feature,count_ones
f_9,1342
f_283,1338
f_0,1337
f_284,1333
f_344,1324
f_10,1319
f_332,1295
f_1,1279
f_18,1249
f_11,1219
f_582,1195
f_286,1193
f_178,1185
f_352,1170
f_416,1161
f_441,1154
f_679,1124
f_14,1110
f_446,1106
f_285,1098
f_19,1097
f_351,1086
f_490,1085
f_556,1085
f_333,1079
f_524,1078
f_640,1068
f_434,1064
f_678,1062
f_660,1062
f_708,1035
f_599,1025
f_710,1016
f_709,1014
f_179,1009
f_688,1003
f_374,1002
f_255,1001
f_390,997
f_355,989
f_365,986
f_430,982
f_2,971
f_516,961
f_564,959
f_420,959
f_664,952
f_384,951
f_570,947
f_345,947
f_592,940
f_370,938
f_470,932
f_520,932
f_608,932
f_595,932
f_634,930
f_668,930
f_552,929
f_584,926
f_677,926
f_603,923
f_578,923
f_613,919
f_618,911
f_371,907
f_540,906
f_683,892
f_637,891
f_443,890
f_12,874
f_340,856
f_356,848
f_680,847
f_696,840
f_185,840
f_15,816
f_656,812
f_341,810
f_535,804
f_299,795
f_393,778
f_689,767
f_366,767
f_308,764
f_579,730
f_406,721
f_607,718
f_346,701
f_684,679
f_464,676
f_143,671
f_20,669
f_698,655
f_617,641
f_391,640
f_643,639
f_697,637
f_449,636
f_549,622
f_692,622
f_405,612
f_257,600
f_573,591
f_704,584
f_380,582
f_392,581
f_186,580
f_376,577
f_633,573
f_619,568
f_641,563
f_437,560
f_545,549
f_628,547
f_452,534
f_451,525
f_712,520
f_655,519
f_146,515
f_548,511
f_495,511
f_528,508
f_574,498
f_566,496
f_665,490
f_440,486
f_614,485
f_192,484
f_418,483
f_585,483
f_657,483
f_502,481
f_181,465
f_335,465
f_600,463
f_338,460
f_546,459
f_339,451
f_553,450
f_645,449
f_439,447
f_453,440
f_569,440
f_659,439
f_442,439
f_611,434
f_571,427
f_256,425
f_498,423
f_377,408
f_381,407
f_541,405
f_671,401
f_606,401
f_651,398
f_538,396
f_145,394
f_180,389
f_375,388
f_382,379
f_646,377
f_358,375
f_699,368
f_16,367
f_542,365
f_387,363
f_638,361
f_241,361
f_594,359
f_666,359
f_396,358
f_248,349
f_555,348
f_403,347
f_482,339
f_472,339
f_560,339
f_506,339
f_539,338
f_523,332
f_654,330
f_536,324
f_3,324
f_431,323
f_604,321
f_567,319
f_777,316
f_593,315
f_597,310
f_33,309
f_450,306
f_818,306
f_797,298
f_259,296
f_672,296
f_691,294
f_667,292
f_639,289
f_357,288
f_293,288
f_487,286
f_682,280
f_530,279
f_602,279
f_476,277
f_521,277
f_565,271
f_353,269
f_589,269
f_626,269
f_447,268
f_576,264
f_493,264
f_636,263
f_662,263
f_373,256
f_432,254
f_690,252
f_491,251
f_798,249
f_519,249
f_445,247
f_580,242
f_674,240
f_681,240
f_702,239
f_596,237
f_714,235
f_379,232
f_37,232
f_776,231
f_623,231
f_663,228
f_821,228
f_577,219
f_642,218
f_581,218
f_484,217
f_695,216
f_244,214
f_258,213
f_334,212
f_693,211
f_21,208
f_294,207
f_435,207
f_615,205
f_819,205
f_711,204
f_342,202
f_372,200
f_150,198
f_758,197
f_755,194
f_701,192
f_632,189
f_620,189
f_389,187
f_368,186
f_550,183
f_199,183
f_504,183
f_572,180
f_337,179
f_249,179
f_462,177
f_537,177
f_685,176
f_735,175
f_591,174
f_412,172
f_193,171
f_507,169
f_438,169
f_13,169
f_243,167
f_349,163
f_23,163
f_590,162
f_703,162
f_287,161
f_547,160
f_586,159
f_144,157
f_362,155
f_261,155
f_501,154
f_499,151
f_598,151
f_673,150
f_686,148
f_705,148
f_386,147
f_383,147
f_503,145
f_531,145
f_860,145
f_153,144
f_700,143
f_485,143
f_188,136
f_756,135
f_800,133
f_385,133
f_779,132
f_734,125
f_658,125
f_251,124
f_242,123
f_532,120
f_840,116
f_458,115
f_459,113
f_861,113
f_824,112
f_213,107
f_624,106
f_612,106
f_378,105
f_399,104
f_527,104
f_661,104
f_250,104
f_563,104
f_694,103
f_601,102
f_457,102
f_400,102
f_414,102
f_152,100
f_737,100
f_839,99
f_300,98
f_34,96
f_707,95
f_605,94
f_544,94
f_716,93
f_761,93
f_500,93
f_301,92
f_397,89
f_621,88
f_610,88
f_465,87
f_17,87
f_187,86
f_515,85
f_24,85
f_305,85
f_630,78
f_227,78
f_395,77
f_260,77
f_687,76
f_713,76
f_421,75
f_367,74
f_38,73
f_206,73
f_652,70
f_364,69
f_359,69
f_22,69
f_575,67
f_489,66
f_488,66
f_780,65
f_803,65
f_480,62
f_347,62
f_157,61
f_423,59
f_422,58
f_200,58
f_483,57
f_517,57
f_784,57
f_533,56
f_647,56
f_805,56
f_717,56
f_336,56
f_363,56
f_30,55
f_801,54
f_115,54
f_514,54
f_411,52
f_314,52
f_467,52
f_494,51
f_456,51
f_650,51
f_425,51
f_822,51
f_216,50
f_129,49
f_230,49
f_559,48
f_588,48
f_160,48
f_738,46
f_826,46
f_625,46
f_721,45
f_742,44
f_215,44
f_454,44
f_759,43
f_132,43
f_475,42
f_558,41
f_159,41
f_644,40
f_508,39
f_361,39
f_131,39
f_398,39
f_513,38
f_343,38
f_486,37
f_740,36
f_522,36
f_653,36
f_116,36
f_471,36
f_473,36
f_609,35
f_543,34
f_833,34
f_419,34
f_770,33
f_461,33
f_812,33
f_496,33
f_631,32
f_455,32
f_401,32
f_813,31
f_750,31
f_229,31
f_394,30
f_388,30
f_195,29
f_429,29
f_551,29
f_729,29
f_164,29
f_518,29
f_792,29
f_477,29
f_474,29
f_568,28
f_815,27
f_830,27
f_407,27
f_292,26
f_752,26
f_778,26
f_767,26
f_715,25
f_26,25
f_167,25
f_427,24
f_782,24
f_207,24
f_417,24
f_511,23
f_791,23
f_214,23
f_35,22
f_788,22
f_820,22
f_46,22
f_763,22
f_725,22
f_166,22
f_408,22
f_706,21
f_757,21
f_827,21
f_676,21
f_749,21
f_728,21
f_466,21
f_460,20
f_622,20
f_409,20
f_298,20
f_43,19
f_25,19
f_350,19
f_118,18
f_719,18
f_448,18
f_616,18
f_262,18
f_785,16
f_866,16
f_194,16
f_722,16
f_428,15
f_799,15
f_47,15
f_505,15
f_31,14
f_771,14
f_497,14
f_330,14
f_413,14
f_327,14
f_736,14
f_297,14
f_834,14
f_635,14
f_764,14
f_436,14
f_328,13
f_510,13
f_675,13
f_670,13
f_509,13
f_554,13
f_27,13
f_202,13
f_789,12
f_151,12
f_726,12
f_583,12
f_831,12
f_768,12
f_845,11
f_529,11
f_836,11
f_629,10
f_526,10
f_773,10
f_587,10
f_479,9
f_228,9
f_171,9
f_561,9
f_842,8
f_808,8
f_39,8
f_468,8
f_745,8
f_58,8
f_201,8
f_106,7
f_304,7
f_648,7
f_809,7
f_348,7
f_173,7
f_174,7
f_130,6
f_746,6
f_481,5
f_743,5
f_52,5
f_739,5
f_806,5
f_48,5
f_492,5
f_220,5
f_863,5
f_868,5
f_802,5
f_44,5
f_360,4
f_410,4
f_823,4
f_730,4
f_793,4
f_720,4
f_718,4
f_478,4
f_781,4
f_783,4
f_760,4
f_139,3
f_41,3
f_136,3
f_122,3
f_4,3
f_234,3
f_223,3
f_62,3
f_810,3
f_794,3
f_669,3
f_649,3
f_804,3
f_787,3
f_724,3
f_741,3
f_747,3
f_825,2
f_751,2
f_404,2
f_731,2
f_762,2
f_754,2
f_59,2
f_209,2
f_765,2
f_772,2
f_222,2
f_814,2
f_66,2
f_65,2
f_847,2
f_69,2
f_85,2
f_534,2
f_93,2
f_138,2
f_94,2
f_835,2
f_99,2
f_828,2
f_123,2
f_817,2
f_117,2
f_113,2
f_6,2
f_36,2
f_274,2
f_276,2
f_5,1
f_32,1
f_744,1
f_331,1
f_786,1
f_309,1
f_77,1
f_40,1
f_96,1
f_42,1
f_158,1
f_45,1
f_723,1
f_125,1
f_63,1
f_124,1
f_50,1
f_64,1
f_57,1
f_317,1
f_70,1
f_104,1
f_323,1
f_807,1
cpi_9606.ENSP00000359074,0
cpi_9606.ENSP00000359174,0
cpi_9606.ENSP00000359035,0
cpi_9606.ENSP00000359151,0
cpi_9606.ENSP00000359121,0
cpi_9606.ENSP00000359114,0
cpi_9606.ENSP00000359100,0
cpi_9606.ENSP00000359096,0
cpi_9606.ENSP00000358571,0
cpi_9606.ENSP00000359085,0
cpi_9606.ENSP00000358565,0
cpi_9606.ENSP00000359019,0
cpi_9606.ENSP00000359073,0
cpi_9606.ENSP00000359025,0
cpi_9606.ENSP00000358563,0
cpi_9606.ENSP00000359095,0
cpi_9606.ENSP00000358549,0
cpi_9606.ENSP00000359206,0
cpi_9606.ENSP00000359024,0
cpi_9606.ENSP00000358770,0
cpi_9606.ENSP00000359211,0
cpi_9606.ENSP00000358497,0
cpi_9606.ENSP00000358423,0
cpi_9606.ENSP00000359446,0
cpi_9606.ENSP00000358424,0
cpi_9606.ENSP00000358464,0
cpi_9606.ENSP00000358470,0
cpi_9606.ENSP00000359444,0
cpi_9606.ENSP00000359424,0
cpi_9606.ENSP00000358474,0
cpi_9606.ENSP00000359393,0
cpi_9606.ENSP00000358490,0
cpi_9606.ENSP00000359380,0
cpi_9606.ENSP00000359353,0
cpi_9606.ENSP00000359345,0
cpi_9606.ENSP00000359334,0
cpi_9606.ENSP00000359233,0
cpi_9606.ENSP00000358501,0
cpi_9606.ENSP00000358511,0
cpi_9606.ENSP00000359329,0
cpi_9606.ENSP00000359301,0
cpi_9606.ENSP00000359300,0
cpi_9606.ENSP00000358525,0
cpi_9606.ENSP00000358547,0
cpi_9606.ENSP00000359297,0
cpi_9606.ENSP00000359290,0
cpi_9606.ENSP00000360905,0
cpi_9606.ENSP00000359258,0
cpi_9606.ENSP00000359245,0
cpi_9606.ENSP00000358548,0
cpi_9606.ENSP00000359285,0
cpi_9606.ENSP00000358983,0
cpi_9606.ENSP00000359013,0
cpi_9606.ENSP00000358865,0
cpi_9606.ENSP00000360968,0
cpi_9606.ENSP00000358921,0
cpi_9606.ENSP00000358919,0
cpi_9606.ENSP00000360973,0
cpi_9606.ENSP00000358730,0
cpi_9606.ENSP00000358747,0
cpi_9606.ENSP00000360985,0
cpi_9606.ENSP00000358903,0
cpi_9606.ENSP00000360991,0
cpi_9606.ENSP00000358896,0
cpi_9606.ENSP00000358894,0
cpi_9606.ENSP00000358867,0
cpi_9606.ENSP00000358866,0
cpi_9606.ENSP00000358862,0
cpi_9606.ENSP00000359000,0
cpi_9606.ENSP00000358763,0
cpi_9606.ENSP00000358765,0
cpi_9606.ENSP00000358857,0
cpi_9606.ENSP00000358831,0
cpi_9606.ENSP00000358814,0
cpi_9606.ENSP00000358813,0
cpi_9606.ENSP00000358812,0
cpi_9606.ENSP00000358810,0
cpi_9606.ENSP00000358802,0
cpi_9606.ENSP00000358794,0
cpi_9606.ENSP00000358786,0
cpi_9606.ENSP00000358784,0
cpi_9606.ENSP00000358783,0
cpi_9606.ENSP00000360967,0
cpi_9606.ENSP00000358727,0
cpi_9606.ENSP00000360966,0
cpi_9606.ENSP00000360958,0
cpi_9606.ENSP00000358576,0
cpi_9606.ENSP00000358595,0
cpi_9606.ENSP00000358997,0
cpi_9606.ENSP00000358994,0
cpi_9606.ENSP00000358777,0
cpi_9606.ENSP00000358967,0
cpi_9606.ENSP00000360916,0
cpi_9606.ENSP00000358963,0
cpi_9606.ENSP00000358951,0
cpi_9606.ENSP00000358596,0
cpi_9606.ENSP00000358622,0
cpi_9606.ENSP00000360918,0
cpi_9606.ENSP00000358635,0
cpi_9606.ENSP00000360922,0
cpi_9606.ENSP00000360938,0
cpi_9606.ENSP00000358640,0
cpi_9606.ENSP00000358674,0
cpi_9606.ENSP00000359478,0
cpi_9606.ENSP00000360939,0
cpi_9606.ENSP00000358695,0
cpi_9606.ENSP00000360944,0
cpi_9606.ENSP00000358696,0
cpi_9606.ENSP00000358698,0
cpi_9606.ENSP00000358945,0
cpi_9606.ENSP00000358931,0
cpi_9606.ENSP00000358716,0
cpi_9606.ENSP00000358719,0
cpi_9606.ENSP00000359454,0
cpi_9606.ENSP00000360329,0
cpi_9606.ENSP00000359483,0
cpi_9606.ENSP00000360124,0
cpi_9606.ENSP00000360576,0
cpi_9606.ENSP00000360569,0
cpi_9606.ENSP00000360060,0
cpi_9606.ENSP00000360107,0
cpi_9606.ENSP00000360116,0
cpi_9606.ENSP00000360561,0
cpi_9606.ENSP00000360120,0
cpi_9606.ENSP00000360129,0
cpi_9606.ENSP00000360540,0
cpi_9606.ENSP00000360133,0
cpi_9606.ENSP00000360141,0
cpi_9606.ENSP00000360147,0
cpi_9606.ENSP00000360560,0
cpi_9606.ENSP00000360549,0
cpi_9606.ENSP00000360541,0
cpi_9606.ENSP00000360154,0
cpi_9606.ENSP00000360577,0
cpi_9606.ENSP00000360034,0
cpi_9606.ENSP00000360025,0
cpi_9606.ENSP00000360021,0
cpi_9606.ENSP00000360644,0
cpi_9606.ENSP00000360635,0
cpi_9606.ENSP00000359925,0
cpi_9606.ENSP00000359928,0
cpi_9606.ENSP00000359939,0
cpi_9606.ENSP00000359976,0
cpi_9606.ENSP00000360626,0
cpi_9606.ENSP00000360621,0
cpi_9606.ENSP00000360613,0
cpi_9606.ENSP00000359990,0
cpi_9606.ENSP00000359991,0
cpi_9606.ENSP00000359998,0
cpi_9606.ENSP00000360608,0
cpi_9606.ENSP00000360020,0
cpi_9606.ENSP00000360597,0
cpi_9606.ENSP00000360157,0
cpi_9606.ENSP00000360538,0
cpi_9606.ENSP00000359899,0
cpi_9606.ENSP00000360286,0
cpi_9606.ENSP00000360250,0
cpi_9606.ENSP00000360255,0
cpi_9606.ENSP00000360262,0
cpi_9606.ENSP00000360266,0
cpi_9606.ENSP00000360268,0
cpi_9606.ENSP00000360269,0
cpi_9606.ENSP00000360270,0
cpi_9606.ENSP00000360290,0
cpi_9606.ENSP00000360532,0
cpi_9606.ENSP00000360296,0
cpi_9606.ENSP00000360305,0
cpi_9606.ENSP00000360310,0
cpi_9606.ENSP00000360316,0
cpi_9606.ENSP00000360372,0
cpi_9606.ENSP00000360317,0
cpi_9606.ENSP00000360366,0
cpi_9606.ENSP00000360247,0
cpi_9606.ENSP00000360231,0
cpi_9606.ENSP00000360217,0
cpi_9606.ENSP00000360216,0
cpi_9606.ENSP00000360525,0
cpi_9606.ENSP00000360519,0
cpi_9606.ENSP00000360158,0
cpi_9606.ENSP00000360163,0
cpi_9606.ENSP00000360165,0
cpi_9606.ENSP00000360502,0
cpi_9606.ENSP00000360493,0
cpi_9606.ENSP00000360483,0
cpi_9606.ENSP00000360473,0
cpi_9606.ENSP00000360472,0
cpi_9606.ENSP00000360406,0
cpi_9606.ENSP00000360398,0
cpi_9606.ENSP00000360183,0
cpi_9606.ENSP00000360195,0
cpi_9606.ENSP00000360200,0
cpi_9606.ENSP00000359910,0
cpi_9606.ENSP00000359892,0
cpi_9606.ENSP00000359484,0
cpi_9606.ENSP00000360822,0
cpi_9606.ENSP00000360860,0
cpi_9606.ENSP00000360855,0
cpi_9606.ENSP00000360829,0
cpi_9606.ENSP00000359563,0
cpi_9606.ENSP00000359567,0
cpi_9606.ENSP00000359573,0
cpi_9606.ENSP00000360828,0
cpi_9606.ENSP00000360821,0
cpi_9606.ENSP00000359643,0
cpi_9606.ENSP00000360817,0
cpi_9606.ENSP00000359603,0
cpi_9606.ENSP00000359607,0
cpi_9606.ENSP00000359609,0
cpi_9606.ENSP00000360806,0
cpi_9606.ENSP00000360798,0
cpi_9606.ENSP00000360782,0
cpi_9606.ENSP00000359552,0
cpi_9606.ENSP00000359540,0
cpi_9606.ENSP00000359539,0
cpi_9606.ENSP00000360869,0
cpi_9606.ENSP00000360891,0
cpi_9606.ENSP00000359490,0
cpi_9606.ENSP00000359497,0
cpi_9606.ENSP00000359504,0
cpi_9606.ENSP00000360327,0
cpi_9606.ENSP00000359506,0
cpi_9606.ENSP00000359507,0
cpi_9606.ENSP00000359520,0
cpi_9606.ENSP00000360882,0
cpi_9606.ENSP00000360876,0
cpi_9606.ENSP00000359525,0
cpi_9606.ENSP00000359526,0
cpi_9606.ENSP00000359531,0
cpi_9606.ENSP00000360874,0
cpi_9606.ENSP00000359532,0
cpi_9606.ENSP00000359635,0
cpi_9606.ENSP00000359663,0
cpi_9606.ENSP00000360645,0
cpi_9606.ENSP00000360687,0
cpi_9606.ENSP00000360718,0
cpi_9606.ENSP00000360690,0
cpi_9606.ENSP00000360689,0
cpi_9606.ENSP00000359799,0
cpi_9606.ENSP00000359804,0
cpi_9606.ENSP00000359848,0
cpi_9606.ENSP00000360688,0
cpi_9606.ENSP00000358417,0
cpi_9606.ENSP00000360777,0
cpi_9606.ENSP00000360683,0
cpi_9606.ENSP00000359859,0
cpi_9606.ENSP00000359864,0
cpi_9606.ENSP00000359866,0
cpi_9606.ENSP00000360676,0
cpi_9606.ENSP00000360671,0
cpi_9606.ENSP00000360664,0
cpi_9606.ENSP00000359793,0
cpi_9606.ENSP00000359729,0
cpi_9606.ENSP00000359727,0
cpi_9606.ENSP00000360727,0
cpi_9606.ENSP00000359664,0
cpi_9606.ENSP00000360776,0
cpi_9606.ENSP00000359665,0
cpi_9606.ENSP00000359680,0
cpi_9606.ENSP00000359682,0
cpi_9606.ENSP00000360773,0
cpi_9606.ENSP00000359685,0
cpi_9606.ENSP00000360762,0
cpi_9606.ENSP00000360761,0
cpi_9606.ENSP00000359688,0
cpi_9606.ENSP00000359691,0
cpi_9606.ENSP00000359693,0
cpi_9606.ENSP00000359699,0
cpi_9606.ENSP00000359719,0
cpi_9606.ENSP00000360730,0
cpi_9606.ENSP00000358421,0
cpi_9606.ENSP00000356792,0
cpi_9606.ENSP00000358414,0
cpi_9606.ENSP00000356563,0
cpi_9606.ENSP00000356785,0
cpi_9606.ENSP00000356771,0
cpi_9606.ENSP00000356744,0
cpi_9606.ENSP00000356729,0
cpi_9606.ENSP00000356723,0
cpi_9606.ENSP00000356713,0
cpi_9606.ENSP00000356694,0
cpi_9606.ENSP00000356687,0
cpi_9606.ENSP00000356671,0
cpi_9606.ENSP00000356658,0
cpi_9606.ENSP00000356623,0
cpi_9606.ENSP00000356591,0
cpi_9606.ENSP00000356587,0
cpi_9606.ENSP00000356574,0
cpi_9606.ENSP00000356562,0
cpi_9606.ENSP00000356791,0
cpi_9606.ENSP00000356552,0
cpi_9606.ENSP00000356549,0
cpi_9606.ENSP00000356545,0
cpi_9606.ENSP00000360997,0
cpi_9606.ENSP00000355895,0
cpi_9606.ENSP00000355896,0
cpi_9606.ENSP00000356540,0
cpi_9606.ENSP00000356530,0
cpi_9606.ENSP00000356529,0
cpi_9606.ENSP00000356520,0
cpi_9606.ENSP00000356515,0
cpi_9606.ENSP00000356505,0
cpi_9606.ENSP00000356489,0
cpi_9606.ENSP00000356481,0
cpi_9606.ENSP00000356789,0
cpi_9606.ENSP00000356793,0
cpi_9606.ENSP00000356476,0
cpi_9606.ENSP00000356940,0
cpi_9606.ENSP00000357051,0
cpi_9606.ENSP00000357047,0
cpi_9606.ENSP00000356999,0
cpi_9606.ENSP00000356990,0
cpi_9606.ENSP00000356988,0
cpi_9606.ENSP00000356982,0
cpi_9606.ENSP00000356975,0
cpi_9606.ENSP00000356972,0
cpi_9606.ENSP00000356969,0
cpi_9606.ENSP00000356966,0
cpi_9606.ENSP00000356958,0
cpi_9606.ENSP00000356954,0
cpi_9606.ENSP00000356953,0
cpi_9606.ENSP00000356946,0
cpi_9606.ENSP00000356920,0
cpi_9606.ENSP00000356795,0
cpi_9606.ENSP00000356919,0
cpi_9606.ENSP00000356918,0
cpi_9606.ENSP00000356908,0
cpi_9606.ENSP00000356906,0
cpi_9606.ENSP00000356905,0
cpi_9606.ENSP00000356903,0
cpi_9606.ENSP00000356898,0
cpi_9606.ENSP00000356853,0
cpi_9606.ENSP00000356840,0
cpi_9606.ENSP00000356832,0
cpi_9606.ENSP00000356825,0
cpi_9606.ENSP00000356814,0
cpi_9606.ENSP00000356811,0
cpi_9606.ENSP00000356807,0
cpi_9606.ENSP00000356480,0
cpi_9606.ENSP00000356448,0
cpi_9606.ENSP00000358335,0
cpi_9606.ENSP00000356087,0
cpi_9606.ENSP00000356016,0
cpi_9606.ENSP00000356251,0
cpi_9606.ENSP00000356247,0
cpi_9606.ENSP00000356243,0
cpi_9606.ENSP00000356022,0
cpi_9606.ENSP00000356024,0
cpi_9606.ENSP00000356236,0
cpi_9606.ENSP00000356037,0
cpi_9606.ENSP00000356234,0
cpi_9606.ENSP00000356047,0
cpi_9606.ENSP00000356056,0
cpi_9606.ENSP00000356224,0
cpi_9606.ENSP00000356218,0
cpi_9606.ENSP00000356070,0
cpi_9606.ENSP00000356213,0
cpi_9606.ENSP00000356256,0
cpi_9606.ENSP00000356094,0
cpi_9606.ENSP00000356104,0
cpi_9606.ENSP00000356202,0
cpi_9606.ENSP00000356198,0
cpi_9606.ENSP00000356191,0
cpi_9606.ENSP00000356170,0
cpi_9606.ENSP00000356162,0
cpi_9606.ENSP00000356155,0
cpi_9606.ENSP00000356150,0
cpi_9606.ENSP00000356143,0
cpi_9606.ENSP00000356134,0
cpi_9606.ENSP00000356130,0
cpi_9606.ENSP00000356113,0
cpi_9606.ENSP00000356105,0
cpi_9606.ENSP00000356015,0
cpi_9606.ENSP00000356000,0
cpi_9606.ENSP00000356438,0
cpi_9606.ENSP00000355922,0
cpi_9606.ENSP00000356436,0
cpi_9606.ENSP00000356433,0
cpi_9606.ENSP00000356430,0
cpi_9606.ENSP00000356429,0
cpi_9606.ENSP00000356425,0
cpi_9606.ENSP00000356411,0
cpi_9606.ENSP00000356410,0
cpi_9606.ENSP00000356405,0
cpi_9606.ENSP00000356399,0
cpi_9606.ENSP00000356382,0
cpi_9606.ENSP00000356379,0
cpi_9606.ENSP00000356357,0
cpi_9606.ENSP00000356348,0
cpi_9606.ENSP00000355920,0
cpi_9606.ENSP00000355923,0
cpi_9606.ENSP00000356265,0
cpi_9606.ENSP00000356346,0
cpi_9606.ENSP00000355924,0
cpi_9606.ENSP00000355929,0
cpi_9606.ENSP00000356331,0
cpi_9606.ENSP00000355930,0
cpi_9606.ENSP00000355958,0
cpi_9606.ENSP00000355963,0
cpi_9606.ENSP00000355966,0
cpi_9606.ENSP00000355968,0
cpi_9606.ENSP00000356319,0
cpi_9606.ENSP00000356290,0
cpi_9606.ENSP00000355988,0
cpi_9606.ENSP00000355996,0
cpi_9606.ENSP00000356286,0
cpi_9606.ENSP00000357057,0
cpi_9606.ENSP00000357060,0
cpi_9606.ENSP00000355893,0
cpi_9606.ENSP00000355785,0
cpi_9606.ENSP00000358022,0
cpi_9606.ENSP00000357998,0
cpi_9606.ENSP00000357982,0
cpi_9606.ENSP00000357981,0
cpi_9606.ENSP00000357980,0
cpi_9606.ENSP00000357943,0
cpi_9606.ENSP00000357920,0
cpi_9606.ENSP00000357917,0
cpi_9606.ENSP00000355751,0
cpi_9606.ENSP00000355759,0
cpi_9606.ENSP00000355775,0
cpi_9606.ENSP00000357909,0
cpi_9606.ENSP00000357907,0
cpi_9606.ENSP00000355778,0
cpi_9606.ENSP00000355837,0
cpi_9606.ENSP00000358042,0
cpi_9606.ENSP00000357883,0
cpi_9606.ENSP00000355865,0
cpi_9606.ENSP00000355866,0
cpi_9606.ENSP00000355884,0
cpi_9606.ENSP00000357881,0
cpi_9606.ENSP00000357880,0
cpi_9606.ENSP00000357879,0
cpi_9606.ENSP00000357873,0
cpi_9606.ENSP00000357861,0
cpi_9606.ENSP00000357858,0
cpi_9606.ENSP00000357844,0
cpi_9606.ENSP00000357838,0
cpi_9606.ENSP00000357835,0
cpi_9606.ENSP00000357810,0
cpi_9606.ENSP00000358033,0
cpi_9606.ENSP00000358045,0
cpi_9606.ENSP00000355890,0
cpi_9606.ENSP00000358154,0
cpi_9606.ENSP00000358327,0
cpi_9606.ENSP00000358323,0
cpi_9606.ENSP00000358309,0
cpi_9606.ENSP00000358301,0
cpi_9606.ENSP00000358297,0
cpi_9606.ENSP00000358262,0
cpi_9606.ENSP00000358224,0
cpi_9606.ENSP00000358223,0
cpi_9606.ENSP00000358211,0
cpi_9606.ENSP00000358162,0
cpi_9606.ENSP00000358160,0
cpi_9606.ENSP00000358159,0
cpi_9606.ENSP00000358158,0
cpi_9606.ENSP00000358155,0
cpi_9606.ENSP00000358153,0
cpi_9606.ENSP00000358059,0
cpi_9606.ENSP00000358151,0
cpi_9606.ENSP00000358147,0
cpi_9606.ENSP00000358142,0
cpi_9606.ENSP00000358140,0
cpi_9606.ENSP00000358107,0
cpi_9606.ENSP00000358106,0
cpi_9606.ENSP00000358105,0
cpi_9606.ENSP00000358099,0
cpi_9606.ENSP00000358092,0
cpi_9606.ENSP00000358089,0
cpi_9606.ENSP00000358081,0
cpi_9606.ENSP00000358071,0
cpi_9606.ENSP00000358062,0
cpi_9606.ENSP00000358060,0
cpi_9606.ENSP00000357799,0
cpi_9606.ENSP00000357798,0
cpi_9606.ENSP00000357775,0
cpi_9606.ENSP00000357196,0
cpi_9606.ENSP00000357360,0
cpi_9606.ENSP00000357342,0
cpi_9606.ENSP00000357341,0
cpi_9606.ENSP00000357336,0
cpi_9606.ENSP00000357307,0
cpi_9606.ENSP00000357306,0
cpi_9606.ENSP00000357301,0
cpi_9606.ENSP00000357292,0
cpi_9606.ENSP00000357283,0
cpi_9606.ENSP00000357255,0
cpi_9606.ENSP00000357219,0
cpi_9606.ENSP00000357218,0
cpi_9606.ENSP00000357206,0
cpi_9606.ENSP00000357204,0
cpi_9606.ENSP00000357189,0
cpi_9606.ENSP00000357753,0
cpi_9606.ENSP00000357178,0
cpi_9606.ENSP00000357177,0
cpi_9606.ENSP00000357175,0
cpi_9606.ENSP00000357153,0
cpi_9606.ENSP00000357152,0
cpi_9606.ENSP00000357130,0
cpi_9606.ENSP00000357112,0
cpi_9606.ENSP00000357103,0
cpi_9606.ENSP00000357087,0
cpi_9606.ENSP00000357075,0
cpi_9606.ENSP00000357069,0
cpi_9606.ENSP00000357068,0
cpi_9606.ENSP00000357067,0
cpi_9606.ENSP00000357066,0
cpi_9606.ENSP00000357362,0
cpi_9606.ENSP00000357380,0
cpi_9606.ENSP00000357389,0
cpi_9606.ENSP00000357392,0
cpi_9606.ENSP00000357727,0
cpi_9606.ENSP00000357726,0
cpi_9606.ENSP00000357721,0
cpi_9606.ENSP00000357708,0
cpi_9606.ENSP00000357697,0
cpi_9606.ENSP00000357682,0
cpi_9606.ENSP00000357669,0
cpi_9606.ENSP00000357668,0
cpi_9606.ENSP00000357651,0
cpi_9606.ENSP00000357643,0
cpi_9606.ENSP00000357637,0
cpi_9606.ENSP00000357625,0
cpi_9606.ENSP00000357624,0
cpi_9606.ENSP00000357615,0
cpi_9606.ENSP00000357597,0
cpi_9606.ENSP00000357581,0
cpi_9606.ENSP00000357564,0
cpi_9606.ENSP00000357555,0
cpi_9606.ENSP00000357535,0
cpi_9606.ENSP00000357516,0
cpi_9606.ENSP00000357494,0
cpi_9606.ENSP00000357480,0
cpi_9606.ENSP00000357475,0
cpi_9606.ENSP00000357470,0
cpi_9606.ENSP00000357461,0
cpi_9606.ENSP00000357459,0
cpi_9606.ENSP00000357453,0
cpi_9606.ENSP00000357440,0
cpi_9606.ENSP00000357429,0
cpi_9606.ENSP00000360992,0
CID,0
cpi_9606.ENSP00000360998,0
cpi_9606.ENSP00000364855,0
cpi_9606.ENSP00000364976,0
cpi_9606.ENSP00000364946,0
cpi_9606.ENSP00000364943,0
cpi_9606.ENSP00000364934,0
cpi_9606.ENSP00000364929,0
cpi_9606.ENSP00000364919,0
cpi_9606.ENSP00000364912,0
cpi_9606.ENSP00000364898,0
cpi_9606.ENSP00000364893,0
cpi_9606.ENSP00000364883,0
cpi_9606.ENSP00000364864,0
cpi_9606.ENSP00000364860,0
cpi_9606.ENSP00000364859,0
cpi_9606.ENSP00000364858,0
cpi_9606.ENSP00000364839,0
cpi_9606.ENSP00000364986,0
cpi_9606.ENSP00000364831,0
cpi_9606.ENSP00000364815,0
cpi_9606.ENSP00000364813,0
cpi_9606.ENSP00000364805,0
cpi_9606.ENSP00000364802,0
cpi_9606.ENSP00000364801,0
cpi_9606.ENSP00000364794,0
cpi_9606.ENSP00000364782,0
cpi_9606.ENSP00000364749,0
cpi_9606.ENSP00000364742,0
cpi_9606.ENSP00000364731,0
cpi_9606.ENSP00000364721,0
cpi_9606.ENSP00000364709,0
cpi_9606.ENSP00000364700,0
cpi_9606.ENSP00000364979,0
cpi_9606.ENSP00000365005,0
cpi_9606.ENSP00000364697,0
cpi_9606.ENSP00000365227,0
cpi_9606.ENSP00000365397,0
cpi_9606.ENSP00000365395,0
cpi_9606.ENSP00000365394,0
cpi_9606.ENSP00000365388,0
cpi_9606.ENSP00000365380,0
cpi_9606.ENSP00000365370,0
cpi_9606.ENSP00000365280,0
cpi_9606.ENSP00000365272,0
cpi_9606.ENSP00000365256,0
cpi_9606.ENSP00000365255,0
cpi_9606.ENSP00000365253,0
cpi_9606.ENSP00000365251,0
cpi_9606.ENSP00000365243,0
cpi_9606.ENSP00000365233,0
cpi_9606.ENSP00000365160,0
cpi_9606.ENSP00000365012,0
cpi_9606.ENSP00000365159,0
cpi_9606.ENSP00000365152,0
cpi_9606.ENSP00000365145,0
cpi_9606.ENSP00000365131,0
cpi_9606.ENSP00000365130,0
cpi_9606.ENSP00000365116,0
cpi_9606.ENSP00000365107,0
cpi_9606.ENSP00000365105,0
cpi_9606.ENSP00000365081,0
cpi_9606.ENSP00000365075,0
cpi_9606.ENSP00000365063,0
cpi_9606.ENSP00000365048,0
cpi_9606.ENSP00000365025,0
cpi_9606.ENSP00000365016,0
cpi_9606.ENSP00000364699,0
cpi_9606.ENSP00000364694,0
cpi_9606.ENSP00000363804,0
cpi_9606.ENSP00000364000,0
cpi_9606.ENSP00000364190,0
cpi_9606.ENSP00000364163,0
cpi_9606.ENSP00000364145,0
cpi_9606.ENSP00000364140,0
cpi_9606.ENSP00000364133,0
cpi_9606.ENSP00000364126,0
cpi_9606.ENSP00000364119,0
cpi_9606.ENSP00000364114,0
cpi_9606.ENSP00000364092,0
cpi_9606.ENSP00000364073,0
cpi_9606.ENSP00000364035,0
cpi_9606.ENSP00000364034,0
cpi_9606.ENSP00000364028,0
cpi_9606.ENSP00000364016,0
cpi_9606.ENSP00000363998,0
cpi_9606.ENSP00000364212,0
cpi_9606.ENSP00000363993,0
cpi_9606.ENSP00000363988,0
cpi_9606.ENSP00000363970,0
cpi_9606.ENSP00000363965,0
cpi_9606.ENSP00000363939,0
cpi_9606.ENSP00000363891,0
cpi_9606.ENSP00000363868,0
cpi_9606.ENSP00000363852,0
cpi_9606.ENSP00000363840,0
cpi_9606.ENSP00000363832,0
cpi_9606.ENSP00000363827,0
cpi_9606.ENSP00000363826,0
cpi_9606.ENSP00000363822,0
cpi_9606.ENSP00000363812,0
cpi_9606.ENSP00000364204,0
cpi_9606.ENSP00000364217,0
cpi_9606.ENSP00000364687,0
cpi_9606.ENSP00000364448,0
cpi_9606.ENSP00000364683,0
cpi_9606.ENSP00000364649,0
cpi_9606.ENSP00000364635,0
cpi_9606.ENSP00000364597,0
cpi_9606.ENSP00000364591,0
cpi_9606.ENSP00000364589,0
cpi_9606.ENSP00000364555,0
cpi_9606.ENSP00000364550,0
cpi_9606.ENSP00000364524,0
cpi_9606.ENSP00000364520,0
cpi_9606.ENSP00000364519,0
cpi_9606.ENSP00000364486,0
cpi_9606.ENSP00000364475,0
cpi_9606.ENSP00000364464,0
cpi_9606.ENSP00000364412,0
cpi_9606.ENSP00000364246,0
cpi_9606.ENSP00000364405,0
cpi_9606.ENSP00000364389,0
cpi_9606.ENSP00000364361,0
cpi_9606.ENSP00000355739,0
cpi_9606.ENSP00000364320,0
cpi_9606.ENSP00000364310,0
cpi_9606.ENSP00000364298,0
cpi_9606.ENSP00000364289,0
cpi_9606.ENSP00000364277,0
cpi_9606.ENSP00000364270,0
cpi_9606.ENSP00000364265,0
cpi_9606.ENSP00000364257,0
cpi_9606.ENSP00000364252,0
cpi_9606.ENSP00000364249,0
cpi_9606.ENSP00000365402,0
cpi_9606.ENSP00000365411,0
cpi_9606.ENSP00000365413,0
cpi_9606.ENSP00000366519,0
cpi_9606.ENSP00000366693,0
cpi_9606.ENSP00000366679,0
cpi_9606.ENSP00000366662,0
cpi_9606.ENSP00000366641,0
cpi_9606.ENSP00000366637,0
cpi_9606.ENSP00000366630,0
cpi_9606.ENSP00000366620,0
cpi_9606.ENSP00000366618,0
cpi_9606.ENSP00000366581,0
cpi_9606.ENSP00000366565,0
cpi_9606.ENSP00000366563,0
cpi_9606.ENSP00000366542,0
cpi_9606.ENSP00000366534,0
cpi_9606.ENSP00000366525,0
cpi_9606.ENSP00000366506,0
cpi_9606.ENSP00000366702,0
cpi_9606.ENSP00000366493,0
cpi_9606.ENSP00000366488,0
cpi_9606.ENSP00000366487,0
cpi_9606.ENSP00000366482,0
cpi_9606.ENSP00000366416,0
cpi_9606.ENSP00000366413,0
cpi_9606.ENSP00000366410,0
cpi_9606.ENSP00000366396,0
cpi_9606.ENSP00000366330,0
cpi_9606.ENSP00000366314,0
cpi_9606.ENSP00000366307,0
cpi_9606.ENSP00000366306,0
cpi_9606.ENSP00000366288,0
cpi_9606.ENSP00000366280,0
cpi_9606.ENSP00000366697,0
cpi_9606.ENSP00000366729,0
cpi_9606.ENSP00000365431,0
cpi_9606.ENSP00000367001,0
cpi_9606.ENSP00000367196,0
cpi_9606.ENSP00000367177,0
cpi_9606.ENSP00000367157,0
cpi_9606.ENSP00000367151,0
cpi_9606.ENSP00000367137,0
cpi_9606.ENSP00000367123,0
cpi_9606.ENSP00000367102,0
cpi_9606.ENSP00000367096,0
cpi_9606.ENSP00000367086,0
cpi_9606.ENSP00000367064,0
cpi_9606.ENSP00000367059,0
cpi_9606.ENSP00000367034,0
cpi_9606.ENSP00000367030,0
cpi_9606.ENSP00000367013,0
cpi_9606.ENSP00000366999,0
cpi_9606.ENSP00000366797,0
cpi_9606.ENSP00000366997,0
cpi_9606.ENSP00000366988,0
cpi_9606.ENSP00000366974,0
cpi_9606.ENSP00000366962,0
cpi_9606.ENSP00000366942,0
cpi_9606.ENSP00000366936,0
cpi_9606.ENSP00000366927,0
cpi_9606.ENSP00000366915,0
cpi_9606.ENSP00000366894,0
cpi_9606.ENSP00000366863,0
cpi_9606.ENSP00000366843,0
cpi_9606.ENSP00000366826,0
cpi_9606.ENSP00000366819,0
cpi_9606.ENSP00000366814,0
cpi_9606.ENSP00000366275,0
cpi_9606.ENSP00000366271,0
cpi_9606.ENSP00000366249,0
cpi_9606.ENSP00000365663,0
cpi_9606.ENSP00000365812,0
cpi_9606.ENSP00000365811,0
cpi_9606.ENSP00000365807,0
cpi_9606.ENSP00000365806,0
cpi_9606.ENSP00000365775,0
cpi_9606.ENSP00000365773,0
cpi_9606.ENSP00000365759,0
cpi_9606.ENSP00000365757,0
cpi_9606.ENSP00000365745,0
cpi_9606.ENSP00000365730,0
cpi_9606.ENSP00000365725,0
cpi_9606.ENSP00000365693,0
cpi_9606.ENSP00000365692,0
cpi_9606.ENSP00000365686,0
cpi_9606.ENSP00000365651,0
cpi_9606.ENSP00000366248,0
cpi_9606.ENSP00000365643,0
cpi_9606.ENSP00000365630,0
cpi_9606.ENSP00000365625,0
cpi_9606.ENSP00000365588,0
cpi_9606.ENSP00000365576,0
cpi_9606.ENSP00000365569,0
cpi_9606.ENSP00000365534,0
cpi_9606.ENSP00000365528,0
cpi_9606.ENSP00000365514,0
cpi_9606.ENSP00000365505,0
cpi_9606.ENSP00000365462,0
cpi_9606.ENSP00000365441,0
cpi_9606.ENSP00000365439,0
cpi_9606.ENSP00000365435,0
cpi_9606.ENSP00000365817,0
cpi_9606.ENSP00000365830,0
cpi_9606.ENSP00000365837,0
cpi_9606.ENSP00000365840,0
cpi_9606.ENSP00000366246,0
cpi_9606.ENSP00000366244,0
cpi_9606.ENSP00000366240,0
cpi_9606.ENSP00000366237,0
cpi_9606.ENSP00000366233,0
cpi_9606.ENSP00000366179,0
cpi_9606.ENSP00000366157,0
cpi_9606.ENSP00000366156,0
cpi_9606.ENSP00000366135,0
cpi_9606.ENSP00000366124,0
cpi_9606.ENSP00000366095,0
cpi_9606.ENSP00000366093,0
cpi_9606.ENSP00000366084,0
cpi_9606.ENSP00000366061,0
cpi_9606.ENSP00000366036,0
cpi_9606.ENSP00000366028,0
cpi_9606.ENSP00000366006,0
cpi_9606.ENSP00000366005,0
cpi_9606.ENSP00000365991,0
cpi_9606.ENSP00000365946,0
cpi_9606.ENSP00000365938,0
cpi_9606.ENSP00000365931,0
cpi_9606.ENSP00000365926,0
cpi_9606.ENSP00000365920,0
cpi_9606.ENSP00000365895,0
cpi_9606.ENSP00000365891,0
cpi_9606.ENSP00000365877,0
cpi_9606.ENSP00000365858,0
cpi_9606.ENSP00000365851,0
cpi_9606.ENSP00000363807,0
cpi_9606.ENSP00000363799,0
cpi_9606.ENSP00000361007,0
cpi_9606.ENSP00000362018,0
cpi_9606.ENSP00000362116,0
cpi_9606.ENSP00000362115,0
cpi_9606.ENSP00000362111,0
cpi_9606.ENSP00000362110,0
cpi_9606.ENSP00000362103,0
cpi_9606.ENSP00000362095,0
cpi_9606.ENSP00000362092,0
cpi_9606.ENSP00000362082,0
cpi_9606.ENSP00000362068,0
cpi_9606.ENSP00000362063,0
cpi_9606.ENSP00000362057,0
cpi_9606.ENSP00000362041,0
cpi_9606.ENSP00000362036,0
cpi_9606.ENSP00000362026,0
cpi_9606.ENSP00000362014,0
cpi_9606.ENSP00000362127,0
cpi_9606.ENSP00000362010,0
cpi_9606.ENSP00000361993,0
cpi_9606.ENSP00000361990,0
cpi_9606.ENSP00000361965,0
cpi_9606.ENSP00000361952,0
cpi_9606.ENSP00000361949,0
cpi_9606.ENSP00000361935,0
cpi_9606.ENSP00000361918,0
cpi_9606.ENSP00000361915,0
cpi_9606.ENSP00000361914,0
cpi_9606.ENSP00000361900,0
cpi_9606.ENSP00000361895,0
cpi_9606.ENSP00000361894,0
cpi_9606.ENSP00000361892,0
cpi_9606.ENSP00000362125,0
cpi_9606.ENSP00000362135,0
cpi_9606.ENSP00000361850,0
cpi_9606.ENSP00000362308,0
cpi_9606.ENSP00000362398,0
cpi_9606.ENSP00000362395,0
cpi_9606.ENSP00000362386,0
cpi_9606.ENSP00000362361,0
cpi_9606.ENSP00000362354,0
cpi_9606.ENSP00000362353,0
cpi_9606.ENSP00000362352,0
cpi_9606.ENSP00000362344,0
cpi_9606.ENSP00000362335,0
cpi_9606.ENSP00000362334,0
cpi_9606.ENSP00000362330,0
cpi_9606.ENSP00000362329,0
cpi_9606.ENSP00000362328,0
cpi_9606.ENSP00000362314,0
cpi_9606.ENSP00000362306,0
cpi_9606.ENSP00000362139,0
cpi_9606.ENSP00000362300,0
cpi_9606.ENSP00000362299,0
cpi_9606.ENSP00000362298,0
cpi_9606.ENSP00000362287,0
cpi_9606.ENSP00000362285,0
cpi_9606.ENSP00000362283,0
cpi_9606.ENSP00000362273,0
cpi_9606.ENSP00000362249,0
cpi_9606.ENSP00000362221,0
cpi_9606.ENSP00000362208,0
cpi_9606.ENSP00000362195,0
cpi_9606.ENSP00000362183,0
cpi_9606.ENSP00000362153,0
cpi_9606.ENSP00000362144,0
cpi_9606.ENSP00000361878,0
cpi_9606.ENSP00000361845,0
cpi_9606.ENSP00000363794,0
cpi_9606.ENSP00000361177,0
cpi_9606.ENSP00000361400,0
cpi_9606.ENSP00000361359,0
cpi_9606.ENSP00000361310,0
cpi_9606.ENSP00000361306,0
cpi_9606.ENSP00000361298,0
cpi_9606.ENSP00000361290,0
cpi_9606.ENSP00000361289,0
cpi_9606.ENSP00000361280,0
cpi_9606.ENSP00000361275,0
cpi_9606.ENSP00000361264,0
cpi_9606.ENSP00000361214,0
cpi_9606.ENSP00000361207,0
cpi_9606.ENSP00000361206,0
cpi_9606.ENSP00000361185,0
cpi_9606.ENSP00000361170,0
cpi_9606.ENSP00000361423,0
cpi_9606.ENSP00000361158,0
cpi_9606.ENSP00000361151,0
cpi_9606.ENSP00000361141,0
cpi_9606.ENSP00000361125,0
cpi_9606.ENSP00000361120,0
cpi_9606.ENSP00000361083,0
cpi_9606.ENSP00000361076,0
cpi_9606.ENSP00000361066,0
cpi_9606.ENSP00000361064,0
cpi_9606.ENSP00000361057,0
cpi_9606.ENSP00000361043,0
cpi_9606.ENSP00000361021,0
cpi_9606.ENSP00000361014,0
cpi_9606.ENSP00000361010,0
cpi_9606.ENSP00000361405,0
cpi_9606.ENSP00000361433,0
cpi_9606.ENSP00000361834,0
cpi_9606.ENSP00000361625,0
cpi_9606.ENSP00000361824,0
cpi_9606.ENSP00000361818,0
cpi_9606.ENSP00000361803,0
cpi_9606.ENSP00000361777,0
cpi_9606.ENSP00000361725,0
cpi_9606.ENSP00000361699,0
cpi_9606.ENSP00000361672,0
cpi_9606.ENSP00000361669,0
cpi_9606.ENSP00000361668,0
cpi_9606.ENSP00000361666,0
cpi_9606.ENSP00000361642,0
cpi_9606.ENSP00000361636,0
cpi_9606.ENSP00000361635,0
cpi_9606.ENSP00000361626,0
cpi_9606.ENSP00000361616,0
cpi_9606.ENSP00000361446,0
cpi_9606.ENSP00000361608,0
cpi_9606.ENSP00000361577,0
cpi_9606.ENSP00000361562,0
cpi_9606.ENSP00000361558,0
cpi_9606.ENSP00000361554,0
cpi_9606.ENSP00000361548,0
cpi_9606.ENSP00000361536,0
cpi_9606.ENSP00000361512,0
cpi_9606.ENSP00000361508,0
cpi_9606.ENSP00000361483,0
cpi_9606.ENSP00000361475,0
cpi_9606.ENSP00000361473,0
cpi_9606.ENSP00000361467,0
cpi_9606.ENSP00000361465,0
cpi_9606.ENSP00000362399,0
cpi_9606.ENSP00000362401,0
cpi_9606.ENSP00000362403,0
cpi_9606.ENSP00000363296,0
cpi_9606.ENSP00000363431,0
cpi_9606.ENSP00000363414,0
cpi_9606.ENSP00000363400,0
cpi_9606.ENSP00000363397,0
cpi_9606.ENSP00000363395,0
cpi_9606.ENSP00000363394,0
cpi_9606.ENSP00000363390,0
cpi_9606.ENSP00000363377,0
cpi_9606.ENSP00000363350,0
cpi_9606.ENSP00000363349,0
cpi_9606.ENSP00000363330,0
cpi_9606.ENSP00000363329,0
cpi_9606.ENSP00000363318,0
cpi_9606.ENSP00000363308,0
cpi_9606.ENSP00000363284,0
cpi_9606.ENSP00000363452,0
cpi_9606.ENSP00000363275,0
cpi_9606.ENSP00000363232,0
cpi_9606.ENSP00000363229,0
cpi_9606.ENSP00000363216,0
cpi_9606.ENSP00000363205,0
cpi_9606.ENSP00000363189,0
cpi_9606.ENSP00000363157,0
cpi_9606.ENSP00000363136,0
cpi_9606.ENSP00000363124,0
cpi_9606.ENSP00000363115,0
cpi_9606.ENSP00000363095,0
cpi_9606.ENSP00000363092,0
cpi_9606.ENSP00000363089,0
cpi_9606.ENSP00000363081,0
cpi_9606.ENSP00000363435,0
cpi_9606.ENSP00000363458,0
cpi_9606.ENSP00000362410,0
cpi_9606.ENSP00000363638,0
cpi_9606.ENSP00000363787,0
cpi_9606.ENSP00000363779,0
cpi_9606.ENSP00000363773,0
cpi_9606.ENSP00000363763,0
cpi_9606.ENSP00000363745,0
cpi_9606.ENSP00000363734,0
cpi_9606.ENSP00000363708,0
cpi_9606.ENSP00000363689,0
cpi_9606.ENSP00000363680,0
cpi_9606.ENSP00000363676,0
cpi_9606.ENSP00000363667,0
cpi_9606.ENSP00000363643,0
cpi_9606.ENSP00000363641,0
cpi_9606.ENSP00000363640,0
cpi_9606.ENSP00000363634,0
cpi_9606.ENSP00000363459,0
cpi_9606.ENSP00000363624,0
cpi_9606.ENSP00000363621,0
cpi_9606.ENSP00000363614,0
cpi_9606.ENSP00000363603,0
cpi_9606.ENSP00000363596,0
cpi_9606.ENSP00000363571,0
cpi_9606.ENSP00000363559,0
cpi_9606.ENSP00000363533,0
cpi_9606.ENSP00000363524,0
cpi_9606.ENSP00000363516,0
cpi_9606.ENSP00000363512,0
cpi_9606.ENSP00000363500,0
cpi_9606.ENSP00000363489,0
cpi_9606.ENSP00000363480,0
cpi_9606.ENSP00000363079,0
cpi_9606.ENSP00000363071,0
cpi_9606.ENSP00000363055,0
cpi_9606.ENSP00000362588,0
cpi_9606.ENSP00000362717,0
cpi_9606.ENSP00000362690,0
cpi_9606.ENSP00000362688,0
cpi_9606.ENSP00000362687,0
cpi_9606.ENSP00000362674,0
cpi_9606.ENSP00000362649,0
cpi_9606.ENSP00000362639,0
cpi_9606.ENSP00000362634,0
cpi_9606.ENSP00000362621,0
cpi_9606.ENSP00000362618,0
cpi_9606.ENSP00000362616,0
cpi_9606.ENSP00000362613,0
cpi_9606.ENSP00000362608,0
cpi_9606.ENSP00000362592,0
cpi_9606.ENSP00000362576,0
cpi_9606.ENSP00000363054,0
cpi_9606.ENSP00000362566,0
cpi_9606.ENSP00000362556,0
cpi_9606.ENSP00000362555,0
cpi_9606.ENSP00000362549,0
cpi_9606.ENSP00000362527,0
cpi_9606.ENSP00000362525,0
cpi_9606.ENSP00000362513,0
cpi_9606.ENSP00000362508,0
cpi_9606.ENSP00000362481,0
cpi_9606.ENSP00000362469,0
cpi_9606.ENSP00000362463,0
cpi_9606.ENSP00000362446,0
cpi_9606.ENSP00000362441,0
cpi_9606.ENSP00000362413,0
cpi_9606.ENSP00000362728,0
cpi_9606.ENSP00000362744,0
cpi_9606.ENSP00000362746,0
cpi_9606.ENSP00000362748,0
cpi_9606.ENSP00000363046,0
cpi_9606.ENSP00000363041,0
cpi_9606.ENSP00000363021,0
cpi_9606.ENSP00000363019,0
cpi_9606.ENSP00000363018,0
cpi_9606.ENSP00000363003,0
cpi_9606.ENSP00000362994,0
cpi_9606.ENSP00000362993,0
cpi_9606.ENSP00000362979,0
cpi_9606.ENSP00000362978,0
cpi_9606.ENSP00000362946,0
cpi_9606.ENSP00000362937,0
cpi_9606.ENSP00000362936,0
cpi_9606.ENSP00000362935,0
cpi_9606.ENSP00000362931,0
cpi_9606.ENSP00000362924,0
cpi_9606.ENSP00000362900,0
cpi_9606.ENSP00000362888,0
cpi_9606.ENSP00000362824,0
cpi_9606.ENSP00000362820,0
cpi_9606.ENSP00000362817,0
cpi_9606.ENSP00000362810,0
cpi_9606.ENSP00000362807,0
cpi_9606.ENSP00000362803,0
cpi_9606.ENSP00000362795,0
cpi_9606.ENSP00000362778,0
cpi_9606.ENSP00000362776,0
cpi_9606.ENSP00000362773,0
cpi_9606.ENSP00000362768,0
cpi_9606.ENSP00000355747,0
cpi_9606.ENSP00000351755,0
cpi_9606.ENSP00000355731,0
cpi_9606.ENSP00000345395,0
cpi_9606.ENSP00000345629,0
cpi_9606.ENSP00000345599,0
cpi_9606.ENSP00000345580,0
cpi_9606.ENSP00000345575,0
cpi_9606.ENSP00000345571,0
cpi_9606.ENSP00000345555,0
cpi_9606.ENSP00000345530,0
cpi_9606.ENSP00000345528,0
cpi_9606.ENSP00000345512,0
cpi_9606.ENSP00000345502,0
cpi_9606.ENSP00000345494,0
cpi_9606.ENSP00000345492,0
cpi_9606.ENSP00000345487,0
cpi_9606.ENSP00000345445,0
cpi_9606.ENSP00000345393,0
cpi_9606.ENSP00000345659,0
cpi_9606.ENSP00000345344,0
cpi_9606.ENSP00000345341,0
cpi_9606.ENSP00000345282,0
cpi_9606.ENSP00000345281,0
cpi_9606.ENSP00000345230,0
cpi_9606.ENSP00000345229,0
cpi_9606.ENSP00000345206,0
cpi_9606.ENSP00000345195,0
cpi_9606.ENSP00000345193,0
cpi_9606.ENSP00000345179,0
cpi_9606.ENSP00000345175,0
cpi_9606.ENSP00000345156,0
cpi_9606.ENSP00000345096,0
cpi_9606.ENSP00000345083,0
cpi_9606.ENSP00000345656,0
cpi_9606.ENSP00000345681,0
cpi_9606.ENSP00000345055,0
cpi_9606.ENSP00000345957,0
cpi_9606.ENSP00000346046,0
cpi_9606.ENSP00000346045,0
cpi_9606.ENSP00000346037,0
cpi_9606.ENSP00000346032,0
cpi_9606.ENSP00000346027,0
cpi_9606.ENSP00000346022,0
cpi_9606.ENSP00000346017,0
cpi_9606.ENSP00000346015,0
cpi_9606.ENSP00000346012,0
cpi_9606.ENSP00000346001,0
cpi_9606.ENSP00000345997,0
cpi_9606.ENSP00000345988,0
cpi_9606.ENSP00000345985,0
cpi_9606.ENSP00000345974,0
cpi_9606.ENSP00000345892,0
cpi_9606.ENSP00000345689,0
cpi_9606.ENSP00000345873,0
cpi_9606.ENSP00000345853,0
cpi_9606.ENSP00000345809,0
cpi_9606.ENSP00000345785,0
cpi_9606.ENSP00000345774,0
cpi_9606.ENSP00000345771,0
cpi_9606.ENSP00000345767,0
cpi_9606.ENSP00000345752,0
cpi_9606.ENSP00000345751,0
cpi_9606.ENSP00000345731,0
cpi_9606.ENSP00000345728,0
cpi_9606.ENSP00000345719,0
cpi_9606.ENSP00000345708,0
cpi_9606.ENSP00000345702,0
cpi_9606.ENSP00000345064,0
cpi_9606.ENSP00000345023,0
cpi_9606.ENSP00000343746,0
cpi_9606.ENSP00000344192,0
cpi_9606.ENSP00000344364,0
cpi_9606.ENSP00000344353,0
cpi_9606.ENSP00000344352,0
cpi_9606.ENSP00000344322,0
cpi_9606.ENSP00000344285,0
cpi_9606.ENSP00000344259,0
cpi_9606.ENSP00000344254,0
cpi_9606.ENSP00000344242,0
cpi_9606.ENSP00000344235,0
cpi_9606.ENSP00000344233,0
cpi_9606.ENSP00000344223,0
cpi_9606.ENSP00000344220,0
cpi_9606.ENSP00000344215,0
cpi_9606.ENSP00000344193,0
cpi_9606.ENSP00000344173,0
cpi_9606.ENSP00000344401,0
cpi_9606.ENSP00000344155,0
cpi_9606.ENSP00000344115,0
cpi_9606.ENSP00000344106,0
cpi_9606.ENSP00000344012,0
cpi_9606.ENSP00000343966,0
cpi_9606.ENSP00000343957,0
cpi_9606.ENSP00000343943,0
cpi_9606.ENSP00000343925,0
cpi_9606.ENSP00000343924,0
cpi_9606.ENSP00000343885,0
cpi_9606.ENSP00000343877,0
cpi_9606.ENSP00000343867,0
cpi_9606.ENSP00000343838,0
cpi_9606.ENSP00000343782,0
cpi_9606.ENSP00000344393,0
cpi_9606.ENSP00000344411,0
cpi_9606.ENSP00000345008,0
cpi_9606.ENSP00000344724,0
cpi_9606.ENSP00000344989,0
cpi_9606.ENSP00000344936,0
cpi_9606.ENSP00000344909,0
cpi_9606.ENSP00000344871,0
cpi_9606.ENSP00000344844,0
cpi_9606.ENSP00000344829,0
cpi_9606.ENSP00000344820,0
cpi_9606.ENSP00000344818,0
cpi_9606.ENSP00000344789,0
cpi_9606.ENSP00000344786,0
cpi_9606.ENSP00000344782,0
cpi_9606.ENSP00000344758,0
cpi_9606.ENSP00000344742,0
cpi_9606.ENSP00000344741,0
cpi_9606.ENSP00000344674,0
cpi_9606.ENSP00000344456,0
cpi_9606.ENSP00000344668,0
cpi_9606.ENSP00000344666,0
cpi_9606.ENSP00000344659,0
cpi_9606.ENSP00000344648,0
cpi_9606.ENSP00000344635,0
cpi_9606.ENSP00000344609,0
cpi_9606.ENSP00000344563,0
cpi_9606.ENSP00000344549,0
cpi_9606.ENSP00000344544,0
cpi_9606.ENSP00000344504,0
cpi_9606.ENSP00000344479,0
cpi_9606.ENSP00000344470,0
cpi_9606.ENSP00000344468,0
cpi_9606.ENSP00000344460,0
cpi_9606.ENSP00000346050,0
cpi_9606.ENSP00000346063,0
cpi_9606.ENSP00000346067,0
cpi_9606.ENSP00000347596,0
cpi_9606.ENSP00000347858,0
cpi_9606.ENSP00000347847,0
cpi_9606.ENSP00000347836,0
cpi_9606.ENSP00000347792,0
cpi_9606.ENSP00000347778,0
cpi_9606.ENSP00000347754,0
cpi_9606.ENSP00000347748,0
cpi_9606.ENSP00000347733,0
cpi_9606.ENSP00000347721,0
cpi_9606.ENSP00000347717,0
cpi_9606.ENSP00000347689,0
cpi_9606.ENSP00000347684,0
cpi_9606.ENSP00000347665,0
cpi_9606.ENSP00000347602,0
cpi_9606.ENSP00000347581,0
cpi_9606.ENSP00000347890,0
cpi_9606.ENSP00000347560,0
cpi_9606.ENSP00000347549,0
cpi_9606.ENSP00000347546,0
cpi_9606.ENSP00000347538,0
cpi_9606.ENSP00000347507,0
cpi_9606.ENSP00000347495,0
cpi_9606.ENSP00000347454,0
cpi_9606.ENSP00000347451,0
cpi_9606.ENSP00000347433,0
cpi_9606.ENSP00000347427,0
cpi_9606.ENSP00000347409,0
cpi_9606.ENSP00000347379,0
cpi_9606.ENSP00000347345,0
cpi_9606.ENSP00000347324,0
cpi_9606.ENSP00000347872,0
cpi_9606.ENSP00000347906,0
cpi_9606.ENSP00000346080,0
cpi_9606.ENSP00000348170,0
cpi_9606.ENSP00000348395,0
cpi_9606.ENSP00000348385,0
cpi_9606.ENSP00000348381,0
cpi_9606.ENSP00000348380,0
cpi_9606.ENSP00000348349,0
cpi_9606.ENSP00000348316,0
cpi_9606.ENSP00000348308,0
cpi_9606.ENSP00000348307,0
cpi_9606.ENSP00000348298,0
cpi_9606.ENSP00000348283,0
cpi_9606.ENSP00000348278,0
cpi_9606.ENSP00000348258,0
cpi_9606.ENSP00000348234,0
cpi_9606.ENSP00000348205,0
cpi_9606.ENSP00000348163,0
cpi_9606.ENSP00000347930,0
cpi_9606.ENSP00000348129,0
cpi_9606.ENSP00000348108,0
cpi_9606.ENSP00000348099,0
cpi_9606.ENSP00000348089,0
cpi_9606.ENSP00000348074,0
cpi_9606.ENSP00000348069,0
cpi_9606.ENSP00000348068,0
cpi_9606.ENSP00000348020,0
cpi_9606.ENSP00000348019,0
cpi_9606.ENSP00000347988,0
cpi_9606.ENSP00000347979,0
cpi_9606.ENSP00000347978,0
cpi_9606.ENSP00000347948,0
cpi_9606.ENSP00000347942,0
cpi_9606.ENSP00000347271,0
cpi_9606.ENSP00000347244,0
cpi_9606.ENSP00000347232,0
cpi_9606.ENSP00000346389,0
cpi_9606.ENSP00000346599,0
cpi_9606.ENSP00000346598,0
cpi_9606.ENSP00000346577,0
cpi_9606.ENSP00000346576,0
cpi_9606.ENSP00000346572,0
cpi_9606.ENSP00000346560,0
cpi_9606.ENSP00000346550,0
cpi_9606.ENSP00000346534,0
cpi_9606.ENSP00000346508,0
cpi_9606.ENSP00000346440,0
cpi_9606.ENSP00000346437,0
cpi_9606.ENSP00000346414,0
cpi_9606.ENSP00000346402,0
cpi_9606.ENSP00000346401,0
cpi_9606.ENSP00000346316,0
cpi_9606.ENSP00000347213,0
cpi_9606.ENSP00000346300,0
cpi_9606.ENSP00000346298,0
cpi_9606.ENSP00000346294,0
cpi_9606.ENSP00000346255,0
cpi_9606.ENSP00000346206,0
cpi_9606.ENSP00000346173,0
cpi_9606.ENSP00000346160,0
cpi_9606.ENSP00000346155,0
cpi_9606.ENSP00000346151,0
cpi_9606.ENSP00000346148,0
cpi_9606.ENSP00000346142,0
cpi_9606.ENSP00000346120,0
cpi_9606.ENSP00000346103,0
cpi_9606.ENSP00000346088,0
cpi_9606.ENSP00000346643,0
cpi_9606.ENSP00000346659,0
cpi_9606.ENSP00000346667,0
cpi_9606.ENSP00000346671,0
cpi_9606.ENSP00000347197,0
cpi_9606.ENSP00000347184,0
cpi_9606.ENSP00000347169,0
cpi_9606.ENSP00000347168,0
cpi_9606.ENSP00000347152,0
cpi_9606.ENSP00000347134,0
cpi_9606.ENSP00000347119,0
cpi_9606.ENSP00000347117,0
cpi_9606.ENSP00000347055,0
cpi_9606.ENSP00000347046,0
cpi_9606.ENSP00000347041,0
cpi_9606.ENSP00000347032,0
cpi_9606.ENSP00000346997,0
cpi_9606.ENSP00000346959,0
cpi_9606.ENSP00000346921,0
cpi_9606.ENSP00000346901,0
cpi_9606.ENSP00000346890,0
cpi_9606.ENSP00000346879,0
cpi_9606.ENSP00000346874,0
cpi_9606.ENSP00000346839,0
cpi_9606.ENSP00000346827,0
cpi_9606.ENSP00000346810,0
cpi_9606.ENSP00000346791,0
cpi_9606.ENSP00000346768,0
cpi_9606.ENSP00000346762,0
cpi_9606.ENSP00000346733,0
cpi_9606.ENSP00000346725,0
cpi_9606.ENSP00000346694,0
cpi_9606.ENSP00000346693,0
cpi_9606.ENSP00000343764,0
cpi_9606.ENSP00000343745,0
cpi_9606.ENSP00000355719,0
cpi_9606.ENSP00000340271,0
cpi_9606.ENSP00000340507,0
cpi_9606.ENSP00000340466,0
cpi_9606.ENSP00000340465,0
cpi_9606.ENSP00000340427,0
cpi_9606.ENSP00000340409,0
cpi_9606.ENSP00000340402,0
cpi_9606.ENSP00000340361,0
cpi_9606.ENSP00000340347,0
cpi_9606.ENSP00000340330,0
cpi_9606.ENSP00000340328,0
cpi_9606.ENSP00000340292,0
cpi_9606.ENSP00000340281,0
cpi_9606.ENSP00000340278,0
cpi_9606.ENSP00000340274,0
cpi_9606.ENSP00000340210,0
cpi_9606.ENSP00000340523,0
cpi_9606.ENSP00000340191,0
cpi_9606.ENSP00000340176,0
cpi_9606.ENSP00000340093,0
cpi_9606.ENSP00000340089,0
cpi_9606.ENSP00000340019,0
cpi_9606.ENSP00000340009,0
cpi_9606.ENSP00000339992,0
cpi_9606.ENSP00000339960,0
cpi_9606.ENSP00000339958,0
cpi_9606.ENSP00000339933,0
cpi_9606.ENSP00000339918,0
cpi_9606.ENSP00000339916,0
cpi_9606.ENSP00000339912,0
cpi_9606.ENSP00000339867,0
cpi_9606.ENSP00000340510,0
cpi_9606.ENSP00000340526,0
cpi_9606.ENSP00000339845,0
cpi_9606.ENSP00000340943,0
cpi_9606.ENSP00000341159,0
cpi_9606.ENSP00000341138,0
cpi_9606.ENSP00000341117,0
cpi_9606.ENSP00000341094,0
cpi_9606.ENSP00000341083,0
cpi_9606.ENSP00000341082,0
cpi_9606.ENSP00000341071,0
cpi_9606.ENSP00000341051,0
cpi_9606.ENSP00000341045,0
cpi_9606.ENSP00000341044,0
cpi_9606.ENSP00000341032,0
cpi_9606.ENSP00000340989,0
cpi_9606.ENSP00000340954,0
cpi_9606.ENSP00000340944,0
cpi_9606.ENSP00000340937,0
cpi_9606.ENSP00000340608,0
cpi_9606.ENSP00000340925,0
cpi_9606.ENSP00000340913,0
cpi_9606.ENSP00000340896,0
cpi_9606.ENSP00000340879,0
cpi_9606.ENSP00000340874,0
cpi_9606.ENSP00000340823,0
cpi_9606.ENSP00000340820,0
cpi_9606.ENSP00000340737,0
cpi_9606.ENSP00000340736,0
cpi_9606.ENSP00000340691,0
cpi_9606.ENSP00000340684,0
cpi_9606.ENSP00000340660,0
cpi_9606.ENSP00000340610,0
cpi_9606.ENSP00000340609,0
cpi_9606.ENSP00000339850,0
cpi_9606.ENSP00000339835,0
cpi_9606.ENSP00000343741,0
cpi_9606.ENSP00000338860,0
cpi_9606.ENSP00000339155,0
cpi_9606.ENSP00000339136,0
cpi_9606.ENSP00000339115,0
cpi_9606.ENSP00000339086,0
cpi_9606.ENSP00000339047,0
cpi_9606.ENSP00000339027,0
cpi_9606.ENSP00000339016,0
cpi_9606.ENSP00000339007,0
cpi_9606.ENSP00000339004,0
cpi_9606.ENSP00000339001,0
cpi_9606.ENSP00000338964,0
cpi_9606.ENSP00000338934,0
cpi_9606.ENSP00000338887,0
cpi_9606.ENSP00000338864,0
cpi_9606.ENSP00000338799,0
cpi_9606.ENSP00000339179,0
cpi_9606.ENSP00000338774,0
cpi_9606.ENSP00000338769,0
cpi_9606.ENSP00000338766,0
cpi_9606.ENSP00000338742,0
cpi_9606.ENSP00000338703,0
cpi_9606.ENSP00000338673,0
cpi_9606.ENSP00000338671,0
cpi_9606.ENSP00000338627,0
cpi_9606.ENSP00000338624,0
cpi_9606.ENSP00000338606,0
cpi_9606.ENSP00000338573,0
cpi_9606.ENSP00000338562,0
cpi_9606.ENSP00000338548,0
cpi_9606.ENSP00000338481,0
cpi_9606.ENSP00000339157,0
cpi_9606.ENSP00000339191,0
cpi_9606.ENSP00000339824,0
cpi_9606.ENSP00000339479,0
cpi_9606.ENSP00000339804,0
cpi_9606.ENSP00000339801,0
cpi_9606.ENSP00000339795,0
cpi_9606.ENSP00000339787,0
cpi_9606.ENSP00000339764,0
cpi_9606.ENSP00000339740,0
cpi_9606.ENSP00000339730,0
cpi_9606.ENSP00000339566,0
cpi_9606.ENSP00000339532,0
cpi_9606.ENSP00000339529,0
cpi_9606.ENSP00000339527,0
cpi_9606.ENSP00000339521,0
cpi_9606.ENSP00000339503,0
cpi_9606.ENSP00000339484,0
cpi_9606.ENSP00000339467,0
cpi_9606.ENSP00000339208,0
cpi_9606.ENSP00000339449,0
cpi_9606.ENSP00000339435,0
cpi_9606.ENSP00000339428,0
cpi_9606.ENSP00000339399,0
cpi_9606.ENSP00000339398,0
cpi_9606.ENSP00000339393,0
cpi_9606.ENSP00000339381,0
cpi_9606.ENSP00000339377,0
cpi_9606.ENSP00000339356,0
cpi_9606.ENSP00000339353,0
cpi_9606.ENSP00000339328,0
cpi_9606.ENSP00000339299,0
cpi_9606.ENSP00000339260,0
cpi_9606.ENSP00000339221,0
cpi_9606.ENSP00000341170,0
cpi_9606.ENSP00000341189,0
cpi_9606.ENSP00000341208,0
cpi_9606.ENSP00000342681,0
cpi_9606.ENSP00000343040,0
cpi_9606.ENSP00000343027,0
cpi_9606.ENSP00000343023,0
cpi_9606.ENSP00000343021,0
cpi_9606.ENSP00000343001,0
cpi_9606.ENSP00000342991,0
cpi_9606.ENSP00000342952,0
cpi_9606.ENSP00000342924,0
cpi_9606.ENSP00000342889,0
cpi_9606.ENSP00000342886,0
cpi_9606.ENSP00000342858,0
cpi_9606.ENSP00000342850,0
cpi_9606.ENSP00000342830,0
cpi_9606.ENSP00000342793,0
cpi_9606.ENSP00000342667,0
cpi_9606.ENSP00000343081,0
cpi_9606.ENSP00000342626,0
cpi_9606.ENSP00000342560,0
cpi_9606.ENSP00000342557,0
cpi_9606.ENSP00000342538,0
cpi_9606.ENSP00000342535,0
cpi_9606.ENSP00000342513,0
cpi_9606.ENSP00000342510,0
cpi_9606.ENSP00000342502,0
cpi_9606.ENSP00000342481,0
cpi_9606.ENSP00000342445,0
cpi_9606.ENSP00000342434,0
cpi_9606.ENSP00000342385,0
cpi_9606.ENSP00000342381,0
cpi_9606.ENSP00000342374,0
cpi_9606.ENSP00000343054,0
cpi_9606.ENSP00000343103,0
cpi_9606.ENSP00000341214,0
cpi_9606.ENSP00000343490,0
cpi_9606.ENSP00000343701,0
cpi_9606.ENSP00000343690,0
cpi_9606.ENSP00000343676,0
cpi_9606.ENSP00000343657,0
cpi_9606.ENSP00000343645,0
cpi_9606.ENSP00000343635,0
cpi_9606.ENSP00000343633,0
cpi_9606.ENSP00000343619,0
cpi_9606.ENSP00000343577,0
cpi_9606.ENSP00000343557,0
cpi_9606.ENSP00000343552,0
cpi_9606.ENSP00000343535,0
cpi_9606.ENSP00000343526,0
cpi_9606.ENSP00000343515,0
cpi_9606.ENSP00000343488,0
cpi_9606.ENSP00000343190,0
cpi_9606.ENSP00000343479,0
cpi_9606.ENSP00000343477,0
cpi_9606.ENSP00000343463,0
cpi_9606.ENSP00000343445,0
cpi_9606.ENSP00000343428,0
cpi_9606.ENSP00000343412,0
cpi_9606.ENSP00000343392,0
cpi_9606.ENSP00000343339,0
cpi_9606.ENSP00000343325,0
cpi_9606.ENSP00000343314,0
cpi_9606.ENSP00000343313,0
cpi_9606.ENSP00000343282,0
cpi_9606.ENSP00000343244,0
cpi_9606.ENSP00000343204,0
cpi_9606.ENSP00000342307,0
cpi_9606.ENSP00000342300,0
cpi_9606.ENSP00000342295,0
cpi_9606.ENSP00000341551,0
cpi_9606.ENSP00000341821,0
cpi_9606.ENSP00000341785,0
cpi_9606.ENSP00000341762,0
cpi_9606.ENSP00000341730,0
cpi_9606.ENSP00000341682,0
cpi_9606.ENSP00000341681,0
cpi_9606.ENSP00000341680,0
cpi_9606.ENSP00000341674,0
cpi_9606.ENSP00000341662,0
cpi_9606.ENSP00000341658,0
cpi_9606.ENSP00000341640,0
cpi_9606.ENSP00000341625,0
cpi_9606.ENSP00000341584,0
cpi_9606.ENSP00000341564,0
cpi_9606.ENSP00000341538,0
cpi_9606.ENSP00000342278,0
cpi_9606.ENSP00000341524,0
cpi_9606.ENSP00000341504,0
cpi_9606.ENSP00000341479,0
cpi_9606.ENSP00000341466,0
cpi_9606.ENSP00000341422,0
cpi_9606.ENSP00000341390,0
cpi_9606.ENSP00000341382,0
cpi_9606.ENSP00000341344,0
cpi_9606.ENSP00000341289,0
cpi_9606.ENSP00000341285,0
cpi_9606.ENSP00000341268,0
cpi_9606.ENSP00000341267,0
cpi_9606.ENSP00000341247,0
cpi_9606.ENSP00000341237,0
cpi_9606.ENSP00000341826,0
cpi_9606.ENSP00000341828,0
cpi_9606.ENSP00000341838,0
cpi_9606.ENSP00000341848,0
cpi_9606.ENSP00000342267,0
cpi_9606.ENSP00000342235,0
cpi_9606.ENSP00000342222,0
cpi_9606.ENSP00000342216,0
cpi_9606.ENSP00000342188,0
cpi_9606.ENSP00000342143,0
cpi_9606.ENSP00000342121,0
cpi_9606.ENSP00000342118,0
cpi_9606.ENSP00000342109,0
cpi_9606.ENSP00000342105,0
cpi_9606.ENSP00000342098,0
cpi_9606.ENSP00000342087,0
cpi_9606.ENSP00000342082,0
cpi_9606.ENSP00000342071,0
cpi_9606.ENSP00000342070,0
cpi_9606.ENSP00000342056,0
cpi_9606.ENSP00000342033,0
cpi_9606.ENSP00000342032,0
cpi_9606.ENSP00000342026,0
cpi_9606.ENSP00000342011,0
cpi_9606.ENSP00000342007,0
cpi_9606.ENSP00000341961,0
cpi_9606.ENSP00000341957,0
cpi_9606.ENSP00000341944,0
cpi_9606.ENSP00000341940,0
cpi_9606.ENSP00000341938,0
cpi_9606.ENSP00000341885,0
cpi_9606.ENSP00000341882,0
cpi_9606.ENSP00000341874,0
cpi_9606.ENSP00000348429,0
cpi_9606.ENSP00000348442,0
cpi_9606.ENSP00000348459,0
cpi_9606.ENSP00000353864,0
cpi_9606.ENSP00000354158,0
cpi_9606.ENSP00000354130,0
cpi_9606.ENSP00000354125,0
cpi_9606.ENSP00000354111,0
cpi_9606.ENSP00000354107,0
cpi_9606.ENSP00000354045,0
cpi_9606.ENSP00000354033,0
cpi_9606.ENSP00000354003,0
cpi_9606.ENSP00000353953,0
cpi_9606.ENSP00000353920,0
cpi_9606.ENSP00000353915,0
cpi_9606.ENSP00000353904,0
cpi_9606.ENSP00000353878,0
cpi_9606.ENSP00000353874,0
cpi_9606.ENSP00000353863,0
cpi_9606.ENSP00000354168,0
cpi_9606.ENSP00000353826,0
cpi_9606.ENSP00000353824,0
cpi_9606.ENSP00000353820,0
cpi_9606.ENSP00000353793,0
cpi_9606.ENSP00000353791,0
cpi_9606.ENSP00000353770,0
cpi_9606.ENSP00000353767,0
cpi_9606.ENSP00000353741,0
cpi_9606.ENSP00000353739,0
cpi_9606.ENSP00000353731,0
cpi_9606.ENSP00000353720,0
cpi_9606.ENSP00000353701,0
cpi_9606.ENSP00000353698,0
cpi_9606.ENSP00000353679,0
cpi_9606.ENSP00000354159,0
cpi_9606.ENSP00000354193,0
cpi_9606.ENSP00000353660,0
cpi_9606.ENSP00000354468,0
cpi_9606.ENSP00000354560,0
cpi_9606.ENSP00000354558,0
cpi_9606.ENSP00000354554,0
cpi_9606.ENSP00000354541,0
cpi_9606.ENSP00000354532,0
cpi_9606.ENSP00000354525,0
cpi_9606.ENSP00000354522,0
cpi_9606.ENSP00000354519,0
cpi_9606.ENSP00000354511,0
cpi_9606.ENSP00000354499,0
cpi_9606.ENSP00000354490,0
cpi_9606.ENSP00000354487,0
cpi_9606.ENSP00000354478,0
cpi_9606.ENSP00000354476,0
cpi_9606.ENSP00000354451,0
cpi_9606.ENSP00000354207,0
cpi_9606.ENSP00000354432,0
cpi_9606.ENSP00000354416,0
cpi_9606.ENSP00000354415,0
cpi_9606.ENSP00000354398,0
cpi_9606.ENSP00000354394,0
cpi_9606.ENSP00000354387,0
cpi_9606.ENSP00000354376,0
cpi_9606.ENSP00000354347,0
cpi_9606.ENSP00000354340,0
cpi_9606.ENSP00000354294,0
cpi_9606.ENSP00000354280,0
cpi_9606.ENSP00000354255,0
cpi_9606.ENSP00000354238,0
cpi_9606.ENSP00000354219,0
cpi_9606.ENSP00000353677,0
cpi_9606.ENSP00000353656,0
cpi_9606.ENSP00000348460,0
cpi_9606.ENSP00000352929,0
cpi_9606.ENSP00000353151,0
cpi_9606.ENSP00000353132,0
cpi_9606.ENSP00000353104,0
cpi_9606.ENSP00000353099,0
cpi_9606.ENSP00000353094,0
cpi_9606.ENSP00000353089,0
cpi_9606.ENSP00000353074,0
cpi_9606.ENSP00000353073,0
cpi_9606.ENSP00000353072,0
cpi_9606.ENSP00000353030,0
cpi_9606.ENSP00000353010,0
cpi_9606.ENSP00000353007,0
cpi_9606.ENSP00000352980,0
cpi_9606.ENSP00000352976,0
cpi_9606.ENSP00000352900,0
cpi_9606.ENSP00000353198,0
cpi_9606.ENSP00000352852,0
cpi_9606.ENSP00000352839,0
cpi_9606.ENSP00000352836,0
cpi_9606.ENSP00000352835,0
cpi_9606.ENSP00000352834,0
cpi_9606.ENSP00000352833,0
cpi_9606.ENSP00000352821,0
cpi_9606.ENSP00000352802,0
cpi_9606.ENSP00000352785,0
cpi_9606.ENSP00000352782,0
cpi_9606.ENSP00000352706,0
cpi_9606.ENSP00000352702,0
cpi_9606.ENSP00000352673,0
cpi_9606.ENSP00000352657,0
cpi_9606.ENSP00000353165,0
cpi_9606.ENSP00000353210,0
cpi_9606.ENSP00000353655,0
cpi_9606.ENSP00000353483,0
cpi_9606.ENSP00000353654,0
cpi_9606.ENSP00000353650,0
cpi_9606.ENSP00000353643,0
cpi_9606.ENSP00000353624,0
cpi_9606.ENSP00000353622,0
cpi_9606.ENSP00000353608,0
cpi_9606.ENSP00000353582,0
cpi_9606.ENSP00000353581,0
cpi_9606.ENSP00000353575,0
cpi_9606.ENSP00000353557,0
cpi_9606.ENSP00000353538,0
cpi_9606.ENSP00000353518,0
cpi_9606.ENSP00000353512,0
cpi_9606.ENSP00000353508,0
cpi_9606.ENSP00000353472,0
cpi_9606.ENSP00000353224,0
cpi_9606.ENSP00000353458,0
cpi_9606.ENSP00000353452,0
cpi_9606.ENSP00000353444,0
cpi_9606.ENSP00000353427,0
cpi_9606.ENSP00000353422,0
cpi_9606.ENSP00000353415,0
cpi_9606.ENSP00000353408,0
cpi_9606.ENSP00000353393,0
cpi_9606.ENSP00000353375,0
cpi_9606.ENSP00000353362,0
cpi_9606.ENSP00000353344,0
cpi_9606.ENSP00000353292,0
cpi_9606.ENSP00000353249,0
cpi_9606.ENSP00000353238,0
cpi_9606.ENSP00000354568,0
cpi_9606.ENSP00000354569,0
cpi_9606.ENSP00000354573,0
cpi_9606.ENSP00000355208,0
cpi_9606.ENSP00000355361,0
cpi_9606.ENSP00000355353,0
cpi_9606.ENSP00000355330,0
cpi_9606.ENSP00000355325,0
cpi_9606.ENSP00000355317,0
cpi_9606.ENSP00000355316,0
cpi_9606.ENSP00000355315,0
cpi_9606.ENSP00000355308,0
cpi_9606.ENSP00000355304,0
cpi_9606.ENSP00000355279,0
cpi_9606.ENSP00000355249,0
cpi_9606.ENSP00000355245,0
cpi_9606.ENSP00000355237,0
cpi_9606.ENSP00000355231,0
cpi_9606.ENSP00000355206,0
cpi_9606.ENSP00000355377,0
cpi_9606.ENSP00000355205,0
cpi_9606.ENSP00000355195,0
cpi_9606.ENSP00000355192,0
cpi_9606.ENSP00000355187,0
cpi_9606.ENSP00000355185,0
cpi_9606.ENSP00000355180,0
cpi_9606.ENSP00000355173,0
cpi_9606.ENSP00000355167,0
cpi_9606.ENSP00000355166,0
cpi_9606.ENSP00000355156,0
cpi_9606.ENSP00000355155,0
cpi_9606.ENSP00000355133,0
cpi_9606.ENSP00000355124,0
cpi_9606.ENSP00000355119,0
cpi_9606.ENSP00000355370,0
cpi_9606.ENSP00000355384,0
cpi_9606.ENSP00000354581,0
cpi_9606.ENSP00000355583,0
cpi_9606.ENSP00000355718,0
cpi_9606.ENSP00000355689,0
cpi_9606.ENSP00000355657,0
cpi_9606.ENSP00000355656,0
cpi_9606.ENSP00000355652,0
cpi_9606.ENSP00000355651,0
cpi_9606.ENSP00000355645,0
cpi_9606.ENSP00000355637,0
cpi_9606.ENSP00000355629,0
cpi_9606.ENSP00000355627,0
cpi_9606.ENSP00000355601,0
cpi_9606.ENSP00000355599,0
cpi_9606.ENSP00000355593,0
cpi_9606.ENSP00000355587,0
cpi_9606.ENSP00000355580,0
cpi_9606.ENSP00000355388,0
cpi_9606.ENSP00000355556,0
cpi_9606.ENSP00000355537,0
cpi_9606.ENSP00000355536,0
cpi_9606.ENSP00000355533,0
cpi_9606.ENSP00000355523,0
cpi_9606.ENSP00000355518,0
cpi_9606.ENSP00000355517,0
cpi_9606.ENSP00000355512,0
cpi_9606.ENSP00000355511,0
cpi_9606.ENSP00000355493,0
cpi_9606.ENSP00000355480,0
cpi_9606.ENSP00000355471,0
cpi_9606.ENSP00000355402,0
cpi_9606.ENSP00000355396,0
cpi_9606.ENSP00000355110,0
cpi_9606.ENSP00000355094,0
cpi_9606.ENSP00000355086,0
cpi_9606.ENSP00000354687,0
cpi_9606.ENSP00000354826,0
cpi_9606.ENSP00000354822,0
cpi_9606.ENSP00000354813,0
cpi_9606.ENSP00000354794,0
cpi_9606.ENSP00000354791,0
cpi_9606.ENSP00000354775,0
cpi_9606.ENSP00000354739,0
cpi_9606.ENSP00000354728,0
cpi_9606.ENSP00000354724,0
cpi_9606.ENSP00000354723,0
cpi_9606.ENSP00000354722,0
cpi_9606.ENSP00000354721,0
cpi_9606.ENSP00000354720,0
cpi_9606.ENSP00000354718,0
cpi_9606.ENSP00000354686,0
cpi_9606.ENSP00000355084,0
cpi_9606.ENSP00000354681,0
cpi_9606.ENSP00000354677,0
cpi_9606.ENSP00000354669,0
cpi_9606.ENSP00000354652,0
cpi_9606.ENSP00000354649,0
cpi_9606.ENSP00000354632,0
cpi_9606.ENSP00000354621,0
cpi_9606.ENSP00000354620,0
cpi_9606.ENSP00000354612,0
cpi_9606.ENSP00000354610,0
cpi_9606.ENSP00000354608,0
cpi_9606.ENSP00000354607,0
cpi_9606.ENSP00000354592,0
cpi_9606.ENSP00000354586,0
cpi_9606.ENSP00000354829,0
cpi_9606.ENSP00000354837,0
cpi_9606.ENSP00000354841,0
cpi_9606.ENSP00000354842,0
cpi_9606.ENSP00000355050,0
cpi_9606.ENSP00000355046,0
cpi_9606.ENSP00000355031,0
cpi_9606.ENSP00000355014,0
cpi_9606.ENSP00000354995,0
cpi_9606.ENSP00000354991,0
cpi_9606.ENSP00000354982,0
cpi_9606.ENSP00000354966,0
cpi_9606.ENSP00000354961,0
cpi_9606.ENSP00000354957,0
cpi_9606.ENSP00000354950,0
cpi_9606.ENSP00000354947,0
cpi_9606.ENSP00000354945,0
cpi_9606.ENSP00000354932,0
cpi_9606.ENSP00000354927,0
cpi_9606.ENSP00000354923,0
cpi_9606.ENSP00000354920,0
cpi_9606.ENSP00000354916,0
cpi_9606.ENSP00000354910,0
cpi_9606.ENSP00000354901,0
cpi_9606.ENSP00000354900,0
cpi_9606.ENSP00000354878,0
cpi_9606.ENSP00000354877,0
cpi_9606.ENSP00000354876,0
cpi_9606.ENSP00000354871,0
cpi_9606.ENSP00000354859,0
cpi_9606.ENSP00000354856,0
cpi_9606.ENSP00000354855,0
cpi_9606.ENSP00000354850,0
cpi_9606.ENSP00000352655,0
cpi_9606.ENSP00000352645,0
cpi_9606.ENSP00000352639,0
cpi_9606.ENSP00000349508,0
cpi_9606.ENSP00000349705,0
cpi_9606.ENSP00000349696,0
cpi_9606.ENSP00000349687,0
cpi_9606.ENSP00000349658,0
cpi_9606.ENSP00000349629,0
cpi_9606.ENSP00000349616,0
cpi_9606.ENSP00000349595,0
cpi_9606.ENSP00000349594,0
cpi_9606.ENSP00000349588,0
cpi_9606.ENSP00000349577,0
cpi_9606.ENSP00000349576,0
cpi_9606.ENSP00000349560,0
cpi_9606.ENSP00000349547,0
cpi_9606.ENSP00000349543,0
cpi_9606.ENSP00000349493,0
cpi_9606.ENSP00000349748,0
cpi_9606.ENSP00000349486,0
cpi_9606.ENSP00000349478,0
cpi_9606.ENSP00000349477,0
cpi_9606.ENSP00000349467,0
cpi_9606.ENSP00000349465,0
cpi_9606.ENSP00000349456,0
cpi_9606.ENSP00000349437,0
cpi_9606.ENSP00000349436,0
cpi_9606.ENSP00000349430,0
cpi_9606.ENSP00000349428,0
cpi_9606.ENSP00000349415,0
cpi_9606.ENSP00000349396,0
cpi_9606.ENSP00000349393,0
cpi_9606.ENSP00000349356,0
cpi_9606.ENSP00000349722,0
cpi_9606.ENSP00000349768,0
cpi_9606.ENSP00000350275,0
cpi_9606.ENSP00000350024,0
cpi_9606.ENSP00000350265,0
cpi_9606.ENSP00000350263,0
cpi_9606.ENSP00000350256,0
cpi_9606.ENSP00000350199,0
cpi_9606.ENSP00000350198,0
cpi_9606.ENSP00000350195,0
cpi_9606.ENSP00000350159,0
cpi_9606.ENSP00000350132,0
cpi_9606.ENSP00000350098,0
cpi_9606.ENSP00000350071,0
cpi_9606.ENSP00000350052,0
cpi_9606.ENSP00000350036,0
cpi_9606.ENSP00000350032,0
cpi_9606.ENSP00000350028,0
cpi_9606.ENSP00000350012,0
cpi_9606.ENSP00000349781,0
cpi_9606.ENSP00000350005,0
cpi_9606.ENSP00000349977,0
cpi_9606.ENSP00000349960,0
cpi_9606.ENSP00000349959,0
cpi_9606.ENSP00000349954,0
cpi_9606.ENSP00000349932,0
cpi_9606.ENSP00000349893,0
cpi_9606.ENSP00000349891,0
cpi_9606.ENSP00000349887,0
cpi_9606.ENSP00000349877,0
cpi_9606.ENSP00000349823,0
cpi_9606.ENSP00000349796,0
cpi_9606.ENSP00000349790,0
cpi_9606.ENSP00000349785,0
cpi_9606.ENSP00000349325,0
cpi_9606.ENSP00000349320,0
cpi_9606.ENSP00000349298,0
cpi_9606.ENSP00000348752,0
cpi_9606.ENSP00000348849,0
cpi_9606.ENSP00000348838,0
cpi_9606.ENSP00000348831,0
cpi_9606.ENSP00000348827,0
cpi_9606.ENSP00000348822,0
cpi_9606.ENSP00000348812,0
cpi_9606.ENSP00000348793,0
cpi_9606.ENSP00000348786,0
cpi_9606.ENSP00000348784,0
cpi_9606.ENSP00000348778,0
cpi_9606.ENSP00000348775,0
cpi_9606.ENSP00000348772,0
cpi_9606.ENSP00000348769,0
cpi_9606.ENSP00000348762,0
cpi_9606.ENSP00000348722,0
cpi_9606.ENSP00000349297,0
cpi_9606.ENSP00000348708,0
cpi_9606.ENSP00000348706,0
cpi_9606.ENSP00000348704,0
cpi_9606.ENSP00000348657,0
cpi_9606.ENSP00000348645,0
cpi_9606.ENSP00000348639,0
cpi_9606.ENSP00000348634,0
cpi_9606.ENSP00000348632,0
cpi_9606.ENSP00000348611,0
cpi_9606.ENSP00000348602,0
cpi_9606.ENSP00000348577,0
cpi_9606.ENSP00000348573,0
cpi_9606.ENSP00000348565,0
cpi_9606.ENSP00000348461,0
cpi_9606.ENSP00000348886,0
cpi_9606.ENSP00000348897,0
cpi_9606.ENSP00000348901,0
cpi_9606.ENSP00000348911,0
cpi_9606.ENSP00000349291,0
cpi_9606.ENSP00000349275,0
cpi_9606.ENSP00000349270,0
cpi_9606.ENSP00000349259,0
cpi_9606.ENSP00000349252,0
cpi_9606.ENSP00000349250,0
cpi_9606.ENSP00000349238,0
cpi_9606.ENSP00000349208,0
cpi_9606.ENSP00000349205,0
cpi_9606.ENSP00000349174,0
cpi_9606.ENSP00000349168,0
cpi_9606.ENSP00000349156,0
cpi_9606.ENSP00000349147,0
cpi_9606.ENSP00000349145,0
cpi_9606.ENSP00000349142,0
cpi_9606.ENSP00000349131,0
cpi_9606.ENSP00000349078,0
cpi_9606.ENSP00000349041,0
cpi_9606.ENSP00000349022,0
cpi_9606.ENSP00000349017,0
cpi_9606.ENSP00000349003,0
cpi_9606.ENSP00000348986,0
cpi_9606.ENSP00000348984,0
cpi_9606.ENSP00000348965,0
cpi_9606.ENSP00000348959,0
cpi_9606.ENSP00000348944,0
cpi_9606.ENSP00000348924,0
cpi_9606.ENSP00000348918,0
cpi_9606.ENSP00000348912,0
cpi_9606.ENSP00000350267,0
cpi_9606.ENSP00000350278,0
cpi_9606.ENSP00000352627,0
cpi_9606.ENSP00000351905,0
cpi_9606.ENSP00000352162,0
cpi_9606.ENSP00000352157,0
cpi_9606.ENSP00000352138,0
cpi_9606.ENSP00000352121,0
cpi_9606.ENSP00000352101,0
cpi_9606.ENSP00000352071,0
cpi_9606.ENSP00000352047,0
cpi_9606.ENSP00000352035,0
cpi_9606.ENSP00000352011,0
cpi_9606.ENSP00000351981,0
cpi_9606.ENSP00000351957,0
cpi_9606.ENSP00000351947,0
cpi_9606.ENSP00000351926,0
cpi_9606.ENSP00000351908,0
cpi_9606.ENSP00000351885,0
cpi_9606.ENSP00000352208,0
cpi_9606.ENSP00000351875,0
cpi_9606.ENSP00000351832,0
cpi_9606.ENSP00000351777,0
cpi_9606.ENSP00000351769,0
cpi_9606.ENSP00000367202,0
cpi_9606.ENSP00000351717,0
cpi_9606.ENSP00000351706,0
cpi_9606.ENSP00000351697,0
cpi_9606.ENSP00000351686,0
cpi_9606.ENSP00000351682,0
cpi_9606.ENSP00000351671,0
cpi_9606.ENSP00000351669,0
cpi_9606.ENSP00000351664,0
cpi_9606.ENSP00000351644,0
cpi_9606.ENSP00000352167,0
cpi_9606.ENSP00000352216,0
cpi_9606.ENSP00000350297,0
cpi_9606.ENSP00000352425,0
cpi_9606.ENSP00000352608,0
cpi_9606.ENSP00000352603,0
cpi_9606.ENSP00000352584,0
cpi_9606.ENSP00000352575,0
cpi_9606.ENSP00000352572,0
cpi_9606.ENSP00000352565,0
cpi_9606.ENSP00000352561,0
cpi_9606.ENSP00000352540,0
cpi_9606.ENSP00000352527,0
cpi_9606.ENSP00000352516,0
cpi_9606.ENSP00000352456,0
cpi_9606.ENSP00000352442,0
cpi_9606.ENSP00000352438,0
cpi_9606.ENSP00000352427,0
cpi_9606.ENSP00000352414,0
cpi_9606.ENSP00000352219,0
cpi_9606.ENSP00000352401,0
cpi_9606.ENSP00000352358,0
cpi_9606.ENSP00000352336,0
cpi_9606.ENSP00000352319,0
cpi_9606.ENSP00000352282,0
cpi_9606.ENSP00000352273,0
cpi_9606.ENSP00000352271,0
cpi_9606.ENSP00000352268,0
cpi_9606.ENSP00000352264,0
cpi_9606.ENSP00000352257,0
cpi_9606.ENSP00000352252,0
cpi_9606.ENSP00000352248,0
cpi_9606.ENSP00000352233,0
cpi_9606.ENSP00000352222,0
cpi_9606.ENSP00000351608,0
cpi_9606.ENSP00000351605,0
cpi_9606.ENSP00000351602,0
cpi_9606.ENSP00000350580,0
cpi_9606.ENSP00000350911,0
cpi_9606.ENSP00000350896,0
cpi_9606.ENSP00000350894,0
cpi_9606.ENSP00000350878,0
cpi_9606.ENSP00000350876,0
cpi_9606.ENSP00000350844,0
cpi_9606.ENSP00000350785,0
cpi_9606.ENSP00000350767,0
cpi_9606.ENSP00000350720,0
cpi_9606.ENSP00000350719,0
cpi_9606.ENSP00000350708,0
cpi_9606.ENSP00000350676,0
cpi_9606.ENSP00000350630,0
cpi_9606.ENSP00000350616,0
cpi_9606.ENSP00000350547,0
cpi_9606.ENSP00000351593,0
cpi_9606.ENSP00000350541,0
cpi_9606.ENSP00000350512,0
cpi_9606.ENSP00000350491,0
cpi_9606.ENSP00000350475,0
cpi_9606.ENSP00000350447,0
cpi_9606.ENSP00000350425,0
cpi_9606.ENSP00000350386,0
cpi_9606.ENSP00000350369,0
cpi_9606.ENSP00000350359,0
cpi_9606.ENSP00000350352,0
cpi_9606.ENSP00000350348,0
cpi_9606.ENSP00000350331,0
cpi_9606.ENSP00000350314,0
cpi_9606.ENSP00000350310,0
cpi_9606.ENSP00000350914,0
cpi_9606.ENSP00000350928,0
cpi_9606.ENSP00000350937,0
cpi_9606.ENSP00000350941,0
cpi_9606.ENSP00000351591,0
cpi_9606.ENSP00000351539,0
cpi_9606.ENSP00000351524,0
cpi_9606.ENSP00000351520,0
cpi_9606.ENSP00000351497,0
cpi_9606.ENSP00000351490,0
cpi_9606.ENSP00000351484,0
cpi_9606.ENSP00000351480,0
cpi_9606.ENSP00000351446,0
cpi_9606.ENSP00000351416,0
cpi_9606.ENSP00000351410,0
cpi_9606.ENSP00000351395,0
cpi_9606.ENSP00000351342,0
cpi_9606.ENSP00000351314,0
cpi_9606.ENSP00000351310,0
cpi_9606.ENSP00000351284,0
cpi_9606.ENSP00000351273,0
cpi_9606.ENSP00000351255,0
cpi_9606.ENSP00000351250,0
cpi_9606.ENSP00000351209,0
cpi_9606.ENSP00000351153,0
cpi_9606.ENSP00000351141,0
cpi_9606.ENSP00000351132,0
cpi_9606.ENSP00000351108,0
cpi_9606.ENSP00000351059,0
cpi_9606.ENSP00000351049,0
cpi_9606.ENSP00000351035,0
cpi_9606.ENSP00000351015,0
cpi_9606.ENSP00000350965,0
cpi_9606.ENSP00000367197,0
cpi_9606.ENSP00000371607,0
cpi_9606.ENSP00000367203,0
cpi_9606.ENSP00000417871,0
cpi_9606.ENSP00000418447,0
cpi_9606.ENSP00000418397,0
cpi_9606.ENSP00000418210,0
cpi_9606.ENSP00000418194,0
cpi_9606.ENSP00000418191,0
cpi_9606.ENSP00000418112,0
cpi_9606.ENSP00000418082,0
cpi_9606.ENSP00000418081,0
cpi_9606.ENSP00000418001,0
cpi_9606.ENSP00000417980,0
cpi_9606.ENSP00000417935,0
cpi_9606.ENSP00000417919,0
cpi_9606.ENSP00000417914,0
cpi_9606.ENSP00000417901,0
cpi_9606.ENSP00000417864,0
cpi_9606.ENSP00000418661,0
cpi_9606.ENSP00000417764,0
cpi_9606.ENSP00000417763,0
cpi_9606.ENSP00000417748,0
cpi_9606.ENSP00000417686,0
cpi_9606.ENSP00000417677,0
cpi_9606.ENSP00000417659,0
cpi_9606.ENSP00000417656,0
cpi_9606.ENSP00000417654,0
cpi_9606.ENSP00000417653,0
cpi_9606.ENSP00000417601,0
cpi_9606.ENSP00000417587,0
cpi_9606.ENSP00000417580,0
cpi_9606.ENSP00000417569,0
cpi_9606.ENSP00000417517,0
cpi_9606.ENSP00000418532,0
cpi_9606.ENSP00000418734,0
cpi_9606.ENSP00000417401,0
cpi_9606.ENSP00000419449,0
cpi_9606.ENSP00000419974,0
cpi_9606.ENSP00000419970,0
cpi_9606.ENSP00000419952,0
cpi_9606.ENSP00000419945,0
cpi_9606.ENSP00000419923,0
cpi_9606.ENSP00000419879,0
cpi_9606.ENSP00000419851,0
cpi_9606.ENSP00000419782,0
cpi_9606.ENSP00000419751,0
cpi_9606.ENSP00000419740,0
cpi_9606.ENSP00000419692,0
cpi_9606.ENSP00000419628,0
cpi_9606.ENSP00000419542,0
cpi_9606.ENSP00000419471,0
cpi_9606.ENSP00000419425,0
cpi_9606.ENSP00000418735,0
cpi_9606.ENSP00000419370,0
cpi_9606.ENSP00000419361,0
cpi_9606.ENSP00000419325,0
cpi_9606.ENSP00000419199,0
cpi_9606.ENSP00000419195,0
cpi_9606.ENSP00000419153,0
cpi_9606.ENSP00000419081,0
cpi_9606.ENSP00000419038,0
cpi_9606.ENSP00000419027,0
cpi_9606.ENSP00000419005,0
cpi_9606.ENSP00000418960,0
cpi_9606.ENSP00000418842,0
cpi_9606.ENSP00000418823,0
cpi_9606.ENSP00000418744,0
cpi_9606.ENSP00000417404,0
cpi_9606.ENSP00000417378,0
cpi_9606.ENSP00000412237,0
cpi_9606.ENSP00000414109,0
cpi_9606.ENSP00000415151,0
cpi_9606.ENSP00000415034,0
cpi_9606.ENSP00000415011,0
cpi_9606.ENSP00000414982,0
cpi_9606.ENSP00000414904,0
cpi_9606.ENSP00000414851,0
cpi_9606.ENSP00000414624,0
cpi_9606.ENSP00000414558,0
cpi_9606.ENSP00000414516,0
cpi_9606.ENSP00000414359,0
cpi_9606.ENSP00000414334,0
cpi_9606.ENSP00000414321,0
cpi_9606.ENSP00000414303,0
cpi_9606.ENSP00000414287,0
cpi_9606.ENSP00000414068,0
cpi_9606.ENSP00000415183,0
cpi_9606.ENSP00000414019,0
cpi_9606.ENSP00000413937,0
cpi_9606.ENSP00000413572,0
cpi_9606.ENSP00000413520,0
cpi_9606.ENSP00000413496,0
cpi_9606.ENSP00000413493,0
cpi_9606.ENSP00000413234,0
cpi_9606.ENSP00000413152,0
cpi_9606.ENSP00000413074,0
cpi_9606.ENSP00000413049,0
cpi_9606.ENSP00000413035,0
cpi_9606.ENSP00000413001,0
cpi_9606.ENSP00000412788,0
cpi_9606.ENSP00000412673,0
cpi_9606.ENSP00000415178,0
cpi_9606.ENSP00000415203,0
cpi_9606.ENSP00000417303,0
cpi_9606.ENSP00000416658,0
cpi_9606.ENSP00000417291,0
cpi_9606.ENSP00000417281,0
cpi_9606.ENSP00000417229,0
cpi_9606.ENSP00000417190,0
cpi_9606.ENSP00000417185,0
cpi_9606.ENSP00000417183,0
cpi_9606.ENSP00000417175,0
cpi_9606.ENSP00000417085,0
cpi_9606.ENSP00000417078,0
cpi_9606.ENSP00000417052,0
cpi_9606.ENSP00000417003,0
cpi_9606.ENSP00000416959,0
cpi_9606.ENSP00000416706,0
cpi_9606.ENSP00000416683,0
cpi_9606.ENSP00000416583,0
cpi_9606.ENSP00000415398,0
cpi_9606.ENSP00000416561,0
cpi_9606.ENSP00000416341,0
cpi_9606.ENSP00000416330,0
cpi_9606.ENSP00000416293,0
cpi_9606.ENSP00000416250,0
cpi_9606.ENSP00000416097,0
cpi_9606.ENSP00000416037,0
cpi_9606.ENSP00000416015,0
cpi_9606.ENSP00000415941,0
cpi_9606.ENSP00000415840,0
cpi_9606.ENSP00000415786,0
cpi_9606.ENSP00000415635,0
cpi_9606.ENSP00000415481,0
cpi_9606.ENSP00000415430,0
cpi_9606.ENSP00000420037,0
cpi_9606.ENSP00000420040,0
cpi_9606.ENSP00000420127,0
cpi_9606.ENSP00000428426,0
cpi_9606.ENSP00000429374,0
cpi_9606.ENSP00000429344,0
cpi_9606.ENSP00000429301,0
cpi_9606.ENSP00000429200,0
cpi_9606.ENSP00000429190,0
cpi_9606.ENSP00000429168,0
cpi_9606.ENSP00000429084,0
cpi_9606.ENSP00000429064,0
cpi_9606.ENSP00000428982,0
cpi_9606.ENSP00000428924,0
cpi_9606.ENSP00000428864,0
cpi_9606.ENSP00000428824,0
cpi_9606.ENSP00000428657,0
cpi_9606.ENSP00000428518,0
cpi_9606.ENSP00000428417,0
cpi_9606.ENSP00000429734,0
cpi_9606.ENSP00000428340,0
cpi_9606.ENSP00000428316,0
cpi_9606.ENSP00000428205,0
cpi_9606.ENSP00000427941,0
cpi_9606.ENSP00000427926,0
cpi_9606.ENSP00000427900,0
cpi_9606.ENSP00000427802,0
cpi_9606.ENSP00000427772,0
cpi_9606.ENSP00000427687,0
cpi_9606.ENSP00000427562,0
cpi_9606.ENSP00000427514,0
cpi_9606.ENSP00000427279,0
cpi_9606.ENSP00000427123,0
cpi_9606.ENSP00000427015,0
cpi_9606.ENSP00000429633,0
cpi_9606.ENSP00000429824,0
cpi_9606.ENSP00000420168,0
cpi_9606.ENSP00000430706,0
cpi_9606.ENSP00000431605,0
cpi_9606.ENSP00000431538,0
cpi_9606.ENSP00000431512,0
cpi_9606.ENSP00000431418,0
cpi_9606.ENSP00000431391,0
cpi_9606.ENSP00000431376,0
cpi_9606.ENSP00000431284,0
cpi_9606.ENSP00000431245,0
cpi_9606.ENSP00000431165,0
cpi_9606.ENSP00000431116,0
cpi_9606.ENSP00000431063,0
cpi_9606.ENSP00000431040,0
cpi_9606.ENSP00000430853,0
cpi_9606.ENSP00000430846,0
cpi_9606.ENSP00000430690,0
cpi_9606.ENSP00000430031,0
cpi_9606.ENSP00000430684,0
cpi_9606.ENSP00000430633,0
cpi_9606.ENSP00000430620,0
cpi_9606.ENSP00000430505,0
cpi_9606.ENSP00000430432,0
cpi_9606.ENSP00000430344,0
cpi_9606.ENSP00000430333,0
cpi_9606.ENSP00000430307,0
cpi_9606.ENSP00000430276,0
cpi_9606.ENSP00000430269,0
cpi_9606.ENSP00000430237,0
cpi_9606.ENSP00000430236,0
cpi_9606.ENSP00000430128,0
cpi_9606.ENSP00000430075,0
cpi_9606.ENSP00000426964,0
cpi_9606.ENSP00000426909,0
cpi_9606.ENSP00000426906,0
cpi_9606.ENSP00000420487,0
cpi_9606.ENSP00000421736,0
cpi_9606.ENSP00000421725,0
cpi_9606.ENSP00000421689,0
cpi_9606.ENSP00000421566,0
cpi_9606.ENSP00000421380,0
cpi_9606.ENSP00000421315,0
cpi_9606.ENSP00000421280,0
cpi_9606.ENSP00000420939,0
cpi_9606.ENSP00000420927,0
cpi_9606.ENSP00000420914,0
cpi_9606.ENSP00000420714,0
cpi_9606.ENSP00000420616,0
cpi_9606.ENSP00000420588,0
cpi_9606.ENSP00000420514,0
cpi_9606.ENSP00000420477,0
cpi_9606.ENSP00000426638,0
cpi_9606.ENSP00000420449,0
cpi_9606.ENSP00000420384,0
cpi_9606.ENSP00000420381,0
cpi_9606.ENSP00000420321,0
cpi_9606.ENSP00000420298,0
cpi_9606.ENSP00000420295,0
cpi_9606.ENSP00000420294,0
cpi_9606.ENSP00000420270,0
cpi_9606.ENSP00000420269,0
cpi_9606.ENSP00000420267,0
cpi_9606.ENSP00000420227,0
cpi_9606.ENSP00000420213,0
cpi_9606.ENSP00000420195,0
cpi_9606.ENSP00000420194,0
cpi_9606.ENSP00000421922,0
cpi_9606.ENSP00000422431,0
cpi_9606.ENSP00000422464,0
cpi_9606.ENSP00000422533,0
cpi_9606.ENSP00000426234,0
cpi_9606.ENSP00000426103,0
cpi_9606.ENSP00000426070,0
cpi_9606.ENSP00000425840,0
cpi_9606.ENSP00000425809,0
cpi_9606.ENSP00000425658,0
cpi_9606.ENSP00000425634,0
cpi_9606.ENSP00000425561,0
cpi_9606.ENSP00000425493,0
cpi_9606.ENSP00000425421,0
cpi_9606.ENSP00000425107,0
cpi_9606.ENSP00000424870,0
cpi_9606.ENSP00000424838,0
cpi_9606.ENSP00000424757,0
cpi_9606.ENSP00000424595,0
cpi_9606.ENSP00000424424,0
cpi_9606.ENSP00000424126,0
cpi_9606.ENSP00000424040,0
cpi_9606.ENSP00000424038,0
cpi_9606.ENSP00000423933,0
cpi_9606.ENSP00000423822,0
cpi_9606.ENSP00000423665,0
cpi_9606.ENSP00000423563,0
cpi_9606.ENSP00000423541,0
cpi_9606.ENSP00000423463,0
cpi_9606.ENSP00000423333,0
cpi_9606.ENSP00000422846,0
cpi_9606.ENSP00000422753,0
cpi_9606.ENSP00000422591,0
cpi_9606.ENSP00000412566,0
cpi_9606.ENSP00000412189,0
cpi_9606.ENSP00000431814,0
cpi_9606.ENSP00000399985,0
cpi_9606.ENSP00000400591,0
cpi_9606.ENSP00000400471,0
cpi_9606.ENSP00000400376,0
cpi_9606.ENSP00000400365,0
cpi_9606.ENSP00000400325,0
cpi_9606.ENSP00000400312,0
cpi_9606.ENSP00000400223,0
cpi_9606.ENSP00000400175,0
cpi_9606.ENSP00000400168,0
cpi_9606.ENSP00000400142,0
cpi_9606.ENSP00000400101,0
cpi_9606.ENSP00000400088,0
cpi_9606.ENSP00000400036,0
cpi_9606.ENSP00000400010,0
cpi_9606.ENSP00000399968,0
cpi_9606.ENSP00000400717,0
cpi_9606.ENSP00000399709,0
cpi_9606.ENSP00000399679,0
cpi_9606.ENSP00000399547,0
cpi_9606.ENSP00000399518,0
cpi_9606.ENSP00000399511,0
cpi_9606.ENSP00000399441,0
cpi_9606.ENSP00000399168,0
cpi_9606.ENSP00000398971,0
cpi_9606.ENSP00000398930,0
cpi_9606.ENSP00000398880,0
cpi_9606.ENSP00000398803,0
cpi_9606.ENSP00000398736,0
cpi_9606.ENSP00000398698,0
cpi_9606.ENSP00000398655,0
cpi_9606.ENSP00000400592,0
cpi_9606.ENSP00000400803,0
cpi_9606.ENSP00000398597,0
cpi_9606.ENSP00000401932,0
cpi_9606.ENSP00000402861,0
cpi_9606.ENSP00000402758,0
cpi_9606.ENSP00000402697,0
cpi_9606.ENSP00000402634,0
cpi_9606.ENSP00000402608,0
cpi_9606.ENSP00000402527,0
cpi_9606.ENSP00000402515,0
cpi_9606.ENSP00000402297,0
cpi_9606.ENSP00000402257,0
cpi_9606.ENSP00000402152,0
cpi_9606.ENSP00000402084,0
cpi_9606.ENSP00000402060,0
cpi_9606.ENSP00000402038,0
cpi_9606.ENSP00000401980,0
cpi_9606.ENSP00000401802,0
cpi_9606.ENSP00000400895,0
cpi_9606.ENSP00000401721,0
cpi_9606.ENSP00000401701,0
cpi_9606.ENSP00000401508,0
cpi_9606.ENSP00000401445,0
cpi_9606.ENSP00000401437,0
cpi_9606.ENSP00000401435,0
cpi_9606.ENSP00000401399,0
cpi_9606.ENSP00000401371,0
cpi_9606.ENSP00000401363,0
cpi_9606.ENSP00000401328,0
cpi_9606.ENSP00000401303,0
cpi_9606.ENSP00000401191,0
cpi_9606.ENSP00000401018,0
cpi_9606.ENSP00000400932,0
cpi_9606.ENSP00000398632,0
cpi_9606.ENSP00000398495,0
cpi_9606.ENSP00000411940,0
cpi_9606.ENSP00000395359,0
cpi_9606.ENSP00000396259,0
cpi_9606.ENSP00000396163,0
cpi_9606.ENSP00000396045,0
cpi_9606.ENSP00000395983,0
cpi_9606.ENSP00000395929,0
cpi_9606.ENSP00000395772,0
cpi_9606.ENSP00000395723,0
cpi_9606.ENSP00000395653,0
cpi_9606.ENSP00000395650,0
cpi_9606.ENSP00000395535,0
cpi_9606.ENSP00000395498,0
cpi_9606.ENSP00000395473,0
cpi_9606.ENSP00000395465,0
cpi_9606.ENSP00000395449,0
cpi_9606.ENSP00000395323,0
cpi_9606.ENSP00000396320,0
cpi_9606.ENSP00000395259,0
cpi_9606.ENSP00000394936,0
cpi_9606.ENSP00000394932,0
cpi_9606.ENSP00000394863,0
cpi_9606.ENSP00000394842,0
cpi_9606.ENSP00000394794,0
cpi_9606.ENSP00000394791,0
cpi_9606.ENSP00000394734,0
cpi_9606.ENSP00000394624,0
cpi_9606.ENSP00000394487,0
cpi_9606.ENSP00000394484,0
cpi_9606.ENSP00000394227,0
cpi_9606.ENSP00000394107,0
cpi_9606.ENSP00000394085,0
cpi_9606.ENSP00000396308,0
cpi_9606.ENSP00000396452,0
cpi_9606.ENSP00000398177,0
cpi_9606.ENSP00000397050,0
cpi_9606.ENSP00000398131,0
cpi_9606.ENSP00000398124,0
cpi_9606.ENSP00000398105,0
cpi_9606.ENSP00000398076,0
cpi_9606.ENSP00000398003,0
cpi_9606.ENSP00000397582,0
cpi_9606.ENSP00000397552,0
cpi_9606.ENSP00000397453,0
cpi_9606.ENSP00000397435,0
cpi_9606.ENSP00000397351,0
cpi_9606.ENSP00000397297,0
cpi_9606.ENSP00000397181,0
cpi_9606.ENSP00000397157,0
cpi_9606.ENSP00000397082,0
cpi_9606.ENSP00000397026,0
cpi_9606.ENSP00000396527,0
cpi_9606.ENSP00000396995,0
cpi_9606.ENSP00000396976,0
cpi_9606.ENSP00000396954,0
cpi_9606.ENSP00000396915,0
cpi_9606.ENSP00000396857,0
cpi_9606.ENSP00000396755,0
cpi_9606.ENSP00000396722,0
cpi_9606.ENSP00000396704,0
cpi_9606.ENSP00000396688,0
cpi_9606.ENSP00000396673,0
cpi_9606.ENSP00000396620,0
cpi_9606.ENSP00000396615,0
cpi_9606.ENSP00000396586,0
cpi_9606.ENSP00000396538,0
cpi_9606.ENSP00000403103,0
cpi_9606.ENSP00000403117,0
cpi_9606.ENSP00000403302,0
cpi_9606.ENSP00000408617,0
cpi_9606.ENSP00000409555,0
cpi_9606.ENSP00000409463,0
cpi_9606.ENSP00000409378,0
cpi_9606.ENSP00000409346,0
cpi_9606.ENSP00000409126,0
cpi_9606.ENSP00000409075,0
cpi_9606.ENSP00000409007,0
cpi_9606.ENSP00000409000,0
cpi_9606.ENSP00000408984,0
cpi_9606.ENSP00000408979,0
cpi_9606.ENSP00000408860,0
cpi_9606.ENSP00000408792,0
cpi_9606.ENSP00000408695,0
cpi_9606.ENSP00000408632,0
cpi_9606.ENSP00000408526,0
cpi_9606.ENSP00000409612,0
cpi_9606.ENSP00000408464,0
cpi_9606.ENSP00000408411,0
cpi_9606.ENSP00000408295,0
cpi_9606.ENSP00000408236,0
cpi_9606.ENSP00000408146,0
cpi_9606.ENSP00000408108,0
cpi_9606.ENSP00000408058,0
cpi_9606.ENSP00000408005,0
cpi_9606.ENSP00000407952,0
cpi_9606.ENSP00000407818,0
cpi_9606.ENSP00000407761,0
cpi_9606.ENSP00000407552,0
cpi_9606.ENSP00000407546,0
cpi_9606.ENSP00000407509,0
cpi_9606.ENSP00000409581,0
cpi_9606.ENSP00000409637,0
cpi_9606.ENSP00000403310,0
cpi_9606.ENSP00000410943,0
cpi_9606.ENSP00000411825,0
cpi_9606.ENSP00000411672,0
cpi_9606.ENSP00000411658,0
cpi_9606.ENSP00000411645,0
cpi_9606.ENSP00000411593,0
cpi_9606.ENSP00000411552,0
cpi_9606.ENSP00000411532,0
cpi_9606.ENSP00000411471,0
cpi_9606.ENSP00000411459,0
cpi_9606.ENSP00000411397,0
cpi_9606.ENSP00000411197,0
cpi_9606.ENSP00000411145,0
cpi_9606.ENSP00000411099,0
cpi_9606.ENSP00000411096,0
cpi_9606.ENSP00000410926,0
cpi_9606.ENSP00000409667,0
cpi_9606.ENSP00000410833,0
cpi_9606.ENSP00000410815,0
cpi_9606.ENSP00000410769,0
cpi_9606.ENSP00000410758,0
cpi_9606.ENSP00000410732,0
cpi_9606.ENSP00000410715,0
cpi_9606.ENSP00000410481,0
cpi_9606.ENSP00000410452,0
cpi_9606.ENSP00000410447,0
cpi_9606.ENSP00000410403,0
cpi_9606.ENSP00000410294,0
cpi_9606.ENSP00000410186,0
cpi_9606.ENSP00000410076,0
cpi_9606.ENSP00000409936,0
cpi_9606.ENSP00000407401,0
cpi_9606.ENSP00000407375,0
cpi_9606.ENSP00000407193,0
cpi_9606.ENSP00000404381,0
cpi_9606.ENSP00000405514,0
cpi_9606.ENSP00000405455,0
cpi_9606.ENSP00000405424,0
cpi_9606.ENSP00000405290,0
cpi_9606.ENSP00000405289,0
cpi_9606.ENSP00000405176,0
cpi_9606.ENSP00000405095,0
cpi_9606.ENSP00000405038,0
cpi_9606.ENSP00000404705,0
cpi_9606.ENSP00000404676,0
cpi_9606.ENSP00000404658,0
cpi_9606.ENSP00000404503,0
cpi_9606.ENSP00000404439,0
cpi_9606.ENSP00000404403,0
cpi_9606.ENSP00000404375,0
cpi_9606.ENSP00000407182,0
cpi_9606.ENSP00000404121,0
cpi_9606.ENSP00000404079,0
cpi_9606.ENSP00000404078,0
cpi_9606.ENSP00000404029,0
cpi_9606.ENSP00000403936,0
cpi_9606.ENSP00000403932,0
cpi_9606.ENSP00000403852,0
cpi_9606.ENSP00000403712,0
cpi_9606.ENSP00000403649,0
cpi_9606.ENSP00000403536,0
cpi_9606.ENSP00000403495,0
cpi_9606.ENSP00000403459,0
cpi_9606.ENSP00000403400,0
cpi_9606.ENSP00000403397,0
cpi_9606.ENSP00000405533,0
cpi_9606.ENSP00000405573,0
cpi_9606.ENSP00000405574,0
cpi_9606.ENSP00000405575,0
cpi_9606.ENSP00000407154,0
cpi_9606.ENSP00000406909,0
cpi_9606.ENSP00000406861,0
cpi_9606.ENSP00000406751,0
cpi_9606.ENSP00000406577,0
cpi_9606.ENSP00000406546,0
cpi_9606.ENSP00000406490,0
cpi_9606.ENSP00000406485,0
cpi_9606.ENSP00000406463,0
cpi_9606.ENSP00000406367,0
cpi_9606.ENSP00000406293,0
cpi_9606.ENSP00000406229,0
cpi_9606.ENSP00000406220,0
cpi_9606.ENSP00000406209,0
cpi_9606.ENSP00000406162,0
cpi_9606.ENSP00000406157,0
cpi_9606.ENSP00000406046,0
cpi_9606.ENSP00000406037,0
cpi_9606.ENSP00000406022,0
cpi_9606.ENSP00000405987,0
cpi_9606.ENSP00000405969,0
cpi_9606.ENSP00000405965,0
cpi_9606.ENSP00000405963,0
cpi_9606.ENSP00000405950,0
cpi_9606.ENSP00000405890,0
cpi_9606.ENSP00000405812,0
cpi_9606.ENSP00000405726,0
cpi_9606.ENSP00000405620,0
cpi_9606.ENSP00000405600,0
cpi_9606.ENSP00000431719,0
cpi_9606.ENSP00000431822,0
cpi_9606.ENSP00000367207,0
f_103,0
f_128,0
f_127,0
f_126,0
f_121,0
f_120,0
f_119,0
f_114,0
f_112,0
f_111,0
f_110,0
f_109,0
f_108,0
f_107,0
f_105,0
f_102,0
f_134,0
f_101,0
f_100,0
f_98,0
f_97,0
f_95,0
f_92,0
f_91,0
f_90,0
f_89,0
f_88,0
f_87,0
f_86,0
f_84,0
f_83,0
f_133,0
f_135,0
f_81,0
f_170,0
f_203,0
f_198,0
f_197,0
f_196,0
f_191,0
f_190,0
f_189,0
f_184,0
f_183,0
f_182,0
f_177,0
f_176,0
f_175,0
f_172,0
f_169,0
f_137,0
f_168,0
f_165,0
f_163,0
f_162,0
f_161,0
f_156,0
f_155,0
f_154,0
f_149,0
f_148,0
f_147,0
f_142,0
f_141,0
f_140,0
f_82,0
f_80,0
cpi_9606.ENSP00000466514,0
cpi_9606.ENSP00000468690,0
cpi_9606.ENSP00000471505,0
cpi_9606.ENSP00000471397,0
cpi_9606.ENSP00000471024,0
cpi_9606.ENSP00000470652,0
cpi_9606.ENSP00000470555,0
cpi_9606.ENSP00000470318,0
cpi_9606.ENSP00000470087,0
cpi_9606.ENSP00000470004,0
cpi_9606.ENSP00000469517,0
cpi_9606.ENSP00000469468,0
cpi_9606.ENSP00000469337,0
cpi_9606.ENSP00000469315,0
cpi_9606.ENSP00000468991,0
cpi_9606.ENSP00000468977,0
cpi_9606.ENSP00000468633,0
cpi_9606.ENSP00000471921,0
cpi_9606.ENSP00000468367,0
cpi_9606.ENSP00000468354,0
cpi_9606.ENSP00000468348,0
cpi_9606.ENSP00000468267,0
cpi_9606.ENSP00000467676,0
cpi_9606.ENSP00000467494,0
cpi_9606.ENSP00000467396,0
cpi_9606.ENSP00000467176,0
cpi_9606.ENSP00000467024,0
cpi_9606.ENSP00000466933,0
cpi_9606.ENSP00000466834,0
cpi_9606.ENSP00000466829,0
cpi_9606.ENSP00000466799,0
cpi_9606.ENSP00000466795,0
cpi_9606.ENSP00000471569,0
cpi_9606.ENSP00000472039,0
f_79,0
f_53,0
f_78,0
f_76,0
f_75,0
f_74,0
f_73,0
f_72,0
f_71,0
f_68,0
f_67,0
f_61,0
f_60,0
f_56,0
f_55,0
f_54,0
f_51,0
cpi_9606.ENSP00000472280,0
f_49,0
f_29,0
f_28,0
f_8,0
f_7,0
cpi_9606.ENSP00000473233,0
cpi_9606.ENSP00000473172,0
cpi_9606.ENSP00000473047,0
cpi_9606.ENSP00000473036,0
cpi_9606.ENSP00000472998,0
cpi_9606.ENSP00000472933,0
cpi_9606.ENSP00000472929,0
cpi_9606.ENSP00000472847,0
cpi_9606.ENSP00000472465,0
f_204,0
f_205,0
f_208,0
f_727,0
f_829,0
f_816,0
f_811,0
f_796,0
f_795,0
f_790,0
f_775,0
f_774,0
f_769,0
f_766,0
f_753,0
f_748,0
f_733,0
f_732,0
f_627,0
f_837,0
f_562,0
f_557,0
f_525,0
f_512,0
f_469,0
f_463,0
f_444,0
f_433,0
f_426,0
f_424,0
f_415,0
f_402,0
f_369,0
f_354,0
f_832,0
f_838,0
f_210,0
f_862,0
f_879,0
f_878,0
f_877,0
f_876,0
f_875,0
f_874,0
f_873,0
f_872,0
f_871,0
f_870,0
f_869,0
f_867,0
f_865,0
f_864,0
f_859,0
f_841,0
f_858,0
f_857,0
f_856,0
f_855,0
f_854,0
f_853,0
f_852,0
f_851,0
f_850,0
f_849,0
f_848,0
f_846,0
f_844,0
f_843,0
f_329,0
f_326,0
f_325,0
f_238,0
f_268,0
f_267,0
f_266,0
f_265,0
f_264,0
f_263,0
f_254,0
f_253,0
f_252,0
f_247,0
f_246,0
f_245,0
f_240,0
f_239,0
f_237,0
f_324,0
f_236,0
f_235,0
f_233,0
f_232,0
f_231,0
f_226,0
f_225,0
f_224,0
f_221,0
f_219,0
f_218,0
f_217,0
f_212,0
f_211,0
f_269,0
f_270,0
f_271,0
f_272,0
f_322,0
f_321,0
f_320,0
f_319,0
f_318,0
f_316,0
f_315,0
f_313,0
f_312,0
f_311,0
f_310,0
f_307,0
f_306,0
f_303,0
f_302,0
f_296,0
f_295,0
f_291,0
f_290,0
f_289,0
f_288,0
f_282,0
f_281,0
f_280,0
f_279,0
f_278,0
f_277,0
f_275,0
f_273,0
cpi_9606.ENSP00000466680,0
cpi_9606.ENSP00000466399,0
cpi_9606.ENSP00000431872,0
cpi_9606.ENSP00000441828,0
cpi_9606.ENSP00000442688,0
cpi_9606.ENSP00000442656,0
cpi_9606.ENSP00000442633,0
cpi_9606.ENSP00000442518,0
cpi_9606.ENSP00000442477,0
cpi_9606.ENSP00000442464,0
cpi_9606.ENSP00000442349,0
cpi_9606.ENSP00000442308,0
cpi_9606.ENSP00000442050,0
cpi_9606.ENSP00000442046,0
cpi_9606.ENSP00000441954,0
cpi_9606.ENSP00000441949,0
cpi_9606.ENSP00000441927,0
cpi_9606.ENSP00000441875,0
cpi_9606.ENSP00000441802,0
cpi_9606.ENSP00000443189,0
cpi_9606.ENSP00000441691,0
cpi_9606.ENSP00000441624,0
cpi_9606.ENSP00000441600,0
cpi_9606.ENSP00000441462,0
cpi_9606.ENSP00000441410,0
cpi_9606.ENSP00000441269,0
cpi_9606.ENSP00000441093,0
cpi_9606.ENSP00000441000,0
cpi_9606.ENSP00000440698,0
cpi_9606.ENSP00000440594,0
cpi_9606.ENSP00000440485,0
cpi_9606.ENSP00000440190,0
cpi_9606.ENSP00000440045,0
cpi_9606.ENSP00000439660,0
cpi_9606.ENSP00000443140,0
cpi_9606.ENSP00000443194,0
cpi_9606.ENSP00000439444,0
cpi_9606.ENSP00000445677,0
cpi_9606.ENSP00000447173,0
cpi_9606.ENSP00000447149,0
cpi_9606.ENSP00000447001,0
cpi_9606.ENSP00000446916,0
cpi_9606.ENSP00000446880,0
cpi_9606.ENSP00000446714,0
cpi_9606.ENSP00000446479,0
cpi_9606.ENSP00000446280,0
cpi_9606.ENSP00000446132,0
cpi_9606.ENSP00000446121,0
cpi_9606.ENSP00000446058,0
cpi_9606.ENSP00000445920,0
cpi_9606.ENSP00000445831,0
cpi_9606.ENSP00000445829,0
cpi_9606.ENSP00000445340,0
cpi_9606.ENSP00000443246,0
cpi_9606.ENSP00000445175,0
cpi_9606.ENSP00000445077,0
cpi_9606.ENSP00000444972,0
cpi_9606.ENSP00000444856,0
cpi_9606.ENSP00000444823,0
cpi_9606.ENSP00000444788,0
cpi_9606.ENSP00000444777,0
cpi_9606.ENSP00000444736,0
cpi_9606.ENSP00000444408,0
cpi_9606.ENSP00000444293,0
cpi_9606.ENSP00000444052,0
cpi_9606.ENSP00000443989,0
cpi_9606.ENSP00000443824,0
cpi_9606.ENSP00000443459,0
cpi_9606.ENSP00000439493,0
cpi_9606.ENSP00000439189,0
cpi_9606.ENSP00000466214,0
cpi_9606.ENSP00000433757,0
cpi_9606.ENSP00000435325,0
cpi_9606.ENSP00000435096,0
cpi_9606.ENSP00000435061,0
cpi_9606.ENSP00000434849,0
cpi_9606.ENSP00000434614,0
cpi_9606.ENSP00000434516,0
cpi_9606.ENSP00000434364,0
cpi_9606.ENSP00000434279,0
cpi_9606.ENSP00000434241,0
cpi_9606.ENSP00000434142,0
cpi_9606.ENSP00000434045,0
cpi_9606.ENSP00000434034,0
cpi_9606.ENSP00000433967,0
cpi_9606.ENSP00000433821,0
cpi_9606.ENSP00000433597,0
cpi_9606.ENSP00000435412,0
cpi_9606.ENSP00000433511,0
cpi_9606.ENSP00000433433,0
cpi_9606.ENSP00000433290,0
cpi_9606.ENSP00000432799,0
cpi_9606.ENSP00000432786,0
cpi_9606.ENSP00000432768,0
cpi_9606.ENSP00000432695,0
cpi_9606.ENSP00000432561,0
cpi_9606.ENSP00000432545,0
cpi_9606.ENSP00000432481,0
cpi_9606.ENSP00000432472,0
cpi_9606.ENSP00000432279,0
cpi_9606.ENSP00000432029,0
cpi_9606.ENSP00000432016,0
cpi_9606.ENSP00000435342,0
cpi_9606.ENSP00000435591,0
cpi_9606.ENSP00000439182,0
cpi_9606.ENSP00000437940,0
cpi_9606.ENSP00000439146,0
cpi_9606.ENSP00000439065,0
cpi_9606.ENSP00000438949,0
cpi_9606.ENSP00000438875,0
cpi_9606.ENSP00000438833,0
cpi_9606.ENSP00000438788,0
cpi_9606.ENSP00000438590,0
cpi_9606.ENSP00000438468,0
cpi_9606.ENSP00000438284,0
cpi_9606.ENSP00000438262,0
cpi_9606.ENSP00000438144,0
cpi_9606.ENSP00000438125,0
cpi_9606.ENSP00000438095,0
cpi_9606.ENSP00000438042,0
cpi_9606.ENSP00000437464,0
cpi_9606.ENSP00000435777,0
cpi_9606.ENSP00000437142,0
cpi_9606.ENSP00000437133,0
cpi_9606.ENSP00000437073,0
cpi_9606.ENSP00000436901,0
cpi_9606.ENSP00000436812,0
cpi_9606.ENSP00000436786,0
cpi_9606.ENSP00000436714,0
cpi_9606.ENSP00000436691,0
cpi_9606.ENSP00000436585,0
cpi_9606.ENSP00000436455,0
cpi_9606.ENSP00000436450,0
cpi_9606.ENSP00000436337,0
cpi_9606.ENSP00000436318,0
cpi_9606.ENSP00000435926,0
cpi_9606.ENSP00000447378,0
cpi_9606.ENSP00000447803,0
cpi_9606.ENSP00000448035,0
cpi_9606.ENSP00000456533,0
cpi_9606.ENSP00000458537,0
cpi_9606.ENSP00000458307,0
cpi_9606.ENSP00000458238,0
cpi_9606.ENSP00000458149,0
cpi_9606.ENSP00000457868,0
cpi_9606.ENSP00000457706,0
cpi_9606.ENSP00000457689,0
cpi_9606.ENSP00000457656,0
cpi_9606.ENSP00000457299,0
cpi_9606.ENSP00000457258,0
cpi_9606.ENSP00000457230,0
cpi_9606.ENSP00000457031,0
cpi_9606.ENSP00000456711,0
cpi_9606.ENSP00000456648,0
cpi_9606.ENSP00000456434,0
cpi_9606.ENSP00000458954,0
cpi_9606.ENSP00000456318,0
cpi_9606.ENSP00000456200,0
cpi_9606.ENSP00000455952,0
cpi_9606.ENSP00000455744,0
cpi_9606.ENSP00000455561,0
cpi_9606.ENSP00000455507,0
cpi_9606.ENSP00000455329,0
cpi_9606.ENSP00000455307,0
cpi_9606.ENSP00000455169,0
cpi_9606.ENSP00000455047,0
cpi_9606.ENSP00000454786,0
cpi_9606.ENSP00000454770,0
cpi_9606.ENSP00000454748,0
cpi_9606.ENSP00000454380,0
cpi_9606.ENSP00000458791,0
cpi_9606.ENSP00000459775,0
cpi_9606.ENSP00000448059,0
cpi_9606.ENSP00000463376,0
cpi_9606.ENSP00000465737,0
cpi_9606.ENSP00000465655,0
cpi_9606.ENSP00000465500,0
cpi_9606.ENSP00000465213,0
cpi_9606.ENSP00000464814,0
cpi_9606.ENSP00000464265,0
cpi_9606.ENSP00000464149,0
cpi_9606.ENSP00000464146,0
cpi_9606.ENSP00000464036,0
cpi_9606.ENSP00000463999,0
cpi_9606.ENSP00000463847,0
cpi_9606.ENSP00000463645,0
cpi_9606.ENSP00000463576,0
cpi_9606.ENSP00000463533,0
cpi_9606.ENSP00000463013,0
cpi_9606.ENSP00000459962,0
cpi_9606.ENSP00000462986,0
cpi_9606.ENSP00000462972,0
cpi_9606.ENSP00000462795,0
cpi_9606.ENSP00000462730,0
cpi_9606.ENSP00000462701,0
cpi_9606.ENSP00000462664,0
cpi_9606.ENSP00000462337,0
cpi_9606.ENSP00000462196,0
cpi_9606.ENSP00000462116,0
cpi_9606.ENSP00000462023,0
cpi_9606.ENSP00000461785,0
cpi_9606.ENSP00000461388,0
cpi_9606.ENSP00000461324,0
cpi_9606.ENSP00000460682,0
cpi_9606.ENSP00000454303,0
cpi_9606.ENSP00000454071,0
cpi_9606.ENSP00000454021,0
cpi_9606.ENSP00000450436,0
cpi_9606.ENSP00000450995,0
cpi_9606.ENSP00000450980,0
cpi_9606.ENSP00000450909,0
cpi_9606.ENSP00000450895,0
cpi_9606.ENSP00000450811,0
cpi_9606.ENSP00000450731,0
cpi_9606.ENSP00000450730,0
cpi_9606.ENSP00000450710,0
cpi_9606.ENSP00000450687,0
cpi_9606.ENSP00000450635,0
cpi_9606.ENSP00000450607,0
cpi_9606.ENSP00000450560,0
cpi_9606.ENSP00000450554,0
cpi_9606.ENSP00000450527,0
cpi_9606.ENSP00000450399,0
cpi_9606.ENSP00000453793,0
cpi_9606.ENSP00000450353,0
cpi_9606.ENSP00000450281,0
cpi_9606.ENSP00000450040,0
cpi_9606.ENSP00000449795,0
cpi_9606.ENSP00000449770,0
cpi_9606.ENSP00000449751,0
cpi_9606.ENSP00000449629,0
cpi_9606.ENSP00000449535,0
cpi_9606.ENSP00000449253,0
cpi_9606.ENSP00000448689,0
cpi_9606.ENSP00000448323,0
cpi_9606.ENSP00000448219,0
cpi_9606.ENSP00000448182,0
cpi_9606.ENSP00000448165,0
cpi_9606.ENSP00000451030,0
cpi_9606.ENSP00000451040,0
cpi_9606.ENSP00000451080,0
cpi_9606.ENSP00000451112,0
cpi_9606.ENSP00000453785,0
cpi_9606.ENSP00000453403,0
cpi_9606.ENSP00000453302,0
cpi_9606.ENSP00000453129,0
cpi_9606.ENSP00000453089,0
cpi_9606.ENSP00000453076,0
cpi_9606.ENSP00000452885,0
cpi_9606.ENSP00000452854,0
cpi_9606.ENSP00000452780,0
cpi_9606.ENSP00000452776,0
cpi_9606.ENSP00000452762,0
cpi_9606.ENSP00000452702,0
cpi_9606.ENSP00000452549,0
cpi_9606.ENSP00000452521,0
cpi_9606.ENSP00000452401,0
cpi_9606.ENSP00000452347,0
cpi_9606.ENSP00000452296,0
cpi_9606.ENSP00000452120,0
cpi_9606.ENSP00000452037,0
cpi_9606.ENSP00000452007,0
cpi_9606.ENSP00000451605,0
cpi_9606.ENSP00000451575,0
cpi_9606.ENSP00000451560,0
cpi_9606.ENSP00000451511,0
cpi_9606.ENSP00000451320,0
cpi_9606.ENSP00000451263,0
cpi_9606.ENSP00000451261,0
cpi_9606.ENSP00000451235,0
cpi_9606.ENSP00000451131,0
cpi_9606.ENSP00000394071,0
cpi_9606.ENSP00000394033,0
cpi_9606.ENSP00000394008,0
cpi_9606.ENSP00000372191,0
cpi_9606.ENSP00000372654,0
cpi_9606.ENSP00000372547,0
cpi_9606.ENSP00000372437,0
cpi_9606.ENSP00000372390,0
cpi_9606.ENSP00000372347,0
cpi_9606.ENSP00000372326,0
cpi_9606.ENSP00000372322,0
cpi_9606.ENSP00000372319,0
cpi_9606.ENSP00000372316,0
cpi_9606.ENSP00000372313,0
cpi_9606.ENSP00000372295,0
cpi_9606.ENSP00000372224,0
cpi_9606.ENSP00000372221,0
cpi_9606.ENSP00000372193,0
cpi_9606.ENSP00000372170,0
cpi_9606.ENSP00000372750,0
cpi_9606.ENSP00000372169,0
cpi_9606.ENSP00000372155,0
cpi_9606.ENSP00000372112,0
cpi_9606.ENSP00000372093,0
cpi_9606.ENSP00000372088,0
cpi_9606.ENSP00000372035,0
cpi_9606.ENSP00000372025,0
cpi_9606.ENSP00000372023,0
cpi_9606.ENSP00000372005,0
cpi_9606.ENSP00000371994,0
cpi_9606.ENSP00000371985,0
cpi_9606.ENSP00000371940,0
cpi_9606.ENSP00000371936,0
cpi_9606.ENSP00000371932,0
cpi_9606.ENSP00000372689,0
cpi_9606.ENSP00000372959,0
cpi_9606.ENSP00000371927,0
cpi_9606.ENSP00000373648,0
cpi_9606.ENSP00000373952,0
cpi_9606.ENSP00000373918,0
cpi_9606.ENSP00000373884,0
cpi_9606.ENSP00000373873,0
cpi_9606.ENSP00000373864,0
cpi_9606.ENSP00000373853,0
cpi_9606.ENSP00000373783,0
cpi_9606.ENSP00000373730,0
cpi_9606.ENSP00000373715,0
cpi_9606.ENSP00000373713,0
cpi_9606.ENSP00000373702,0
cpi_9606.ENSP00000373700,0
cpi_9606.ENSP00000373691,0
cpi_9606.ENSP00000373674,0
cpi_9606.ENSP00000373637,0
cpi_9606.ENSP00000373073,0
cpi_9606.ENSP00000373600,0
cpi_9606.ENSP00000373574,0
cpi_9606.ENSP00000373572,0
cpi_9606.ENSP00000373570,0
cpi_9606.ENSP00000373518,0
cpi_9606.ENSP00000373487,0
cpi_9606.ENSP00000373477,0
cpi_9606.ENSP00000373404,0
cpi_9606.ENSP00000373354,0
cpi_9606.ENSP00000373331,0
cpi_9606.ENSP00000373301,0
cpi_9606.ENSP00000373298,0
cpi_9606.ENSP00000373176,0
cpi_9606.ENSP00000373169,0
cpi_9606.ENSP00000371929,0
cpi_9606.ENSP00000371870,0
cpi_9606.ENSP00000370741,0
cpi_9606.ENSP00000370938,0
cpi_9606.ENSP00000371219,0
cpi_9606.ENSP00000371201,0
cpi_9606.ENSP00000371169,0
cpi_9606.ENSP00000371152,0
cpi_9606.ENSP00000371138,0
cpi_9606.ENSP00000371110,0
cpi_9606.ENSP00000371084,0
cpi_9606.ENSP00000371070,0
cpi_9606.ENSP00000371067,0
cpi_9606.ENSP00000371040,0
cpi_9606.ENSP00000370990,0
cpi_9606.ENSP00000370989,0
cpi_9606.ENSP00000370966,0
cpi_9606.ENSP00000370964,0
cpi_9606.ENSP00000370936,0
cpi_9606.ENSP00000371230,0
cpi_9606.ENSP00000370912,0
cpi_9606.ENSP00000370891,0
cpi_9606.ENSP00000370880,0
cpi_9606.ENSP00000370867,0
cpi_9606.ENSP00000370844,0
cpi_9606.ENSP00000370842,0
cpi_9606.ENSP00000370839,0
cpi_9606.ENSP00000370826,0
cpi_9606.ENSP00000370812,0
cpi_9606.ENSP00000370808,0
cpi_9606.ENSP00000370781,0
cpi_9606.ENSP00000370767,0
cpi_9606.ENSP00000370750,0
cpi_9606.ENSP00000370748,0
cpi_9606.ENSP00000371221,0
cpi_9606.ENSP00000371236,0
cpi_9606.ENSP00000371833,0
cpi_9606.ENSP00000371532,0
cpi_9606.ENSP00000371802,0
cpi_9606.ENSP00000371800,0
cpi_9606.ENSP00000371798,0
cpi_9606.ENSP00000371790,0
cpi_9606.ENSP00000371729,0
cpi_9606.ENSP00000371711,0
cpi_9606.ENSP00000371693,0
cpi_9606.ENSP00000371689,0
cpi_9606.ENSP00000000233,0
cpi_9606.ENSP00000371594,0
cpi_9606.ENSP00000371587,0
cpi_9606.ENSP00000371554,0
cpi_9606.ENSP00000371542,0
cpi_9606.ENSP00000371535,0
cpi_9606.ENSP00000371517,0
cpi_9606.ENSP00000371294,0
cpi_9606.ENSP00000371514,0
cpi_9606.ENSP00000371505,0
cpi_9606.ENSP00000371483,0
cpi_9606.ENSP00000371475,0
cpi_9606.ENSP00000371432,0
cpi_9606.ENSP00000371420,0
cpi_9606.ENSP00000371419,0
cpi_9606.ENSP00000371398,0
cpi_9606.ENSP00000371393,0
cpi_9606.ENSP00000371388,0
cpi_9606.ENSP00000371376,0
cpi_9606.ENSP00000371341,0
cpi_9606.ENSP00000371321,0
cpi_9606.ENSP00000371308,0
cpi_9606.ENSP00000373964,0
cpi_9606.ENSP00000373979,0
cpi_9606.ENSP00000374069,0
cpi_9606.ENSP00000376793,0
cpi_9606.ENSP00000377015,0
cpi_9606.ENSP00000376965,0
cpi_9606.ENSP00000376946,0
cpi_9606.ENSP00000376943,0
cpi_9606.ENSP00000376921,0
cpi_9606.ENSP00000376914,0
cpi_9606.ENSP00000376910,0
cpi_9606.ENSP00000376889,0
cpi_9606.ENSP00000376886,0
cpi_9606.ENSP00000376871,0
cpi_9606.ENSP00000376855,0
cpi_9606.ENSP00000376849,0
cpi_9606.ENSP00000376822,0
cpi_9606.ENSP00000376808,0
cpi_9606.ENSP00000376776,0
cpi_9606.ENSP00000377047,0
cpi_9606.ENSP00000376758,0
cpi_9606.ENSP00000376684,0
cpi_9606.ENSP00000376611,0
cpi_9606.ENSP00000376609,0
cpi_9606.ENSP00000376534,0
cpi_9606.ENSP00000376500,0
cpi_9606.ENSP00000376472,0
cpi_9606.ENSP00000376465,0
cpi_9606.ENSP00000376445,0
cpi_9606.ENSP00000376443,0
cpi_9606.ENSP00000376436,0
cpi_9606.ENSP00000376432,0
cpi_9606.ENSP00000376410,0
cpi_9606.ENSP00000376384,0
cpi_9606.ENSP00000377040,0
cpi_9606.ENSP00000377051,0
cpi_9606.ENSP00000374135,0
cpi_9606.ENSP00000377372,0
cpi_9606.ENSP00000377527,0
cpi_9606.ENSP00000377523,0
cpi_9606.ENSP00000377496,0
cpi_9606.ENSP00000377492,0
cpi_9606.ENSP00000377486,0
cpi_9606.ENSP00000377470,0
cpi_9606.ENSP00000377461,0
cpi_9606.ENSP00000377446,0
cpi_9606.ENSP00000377430,0
cpi_9606.ENSP00000377409,0
cpi_9606.ENSP00000377401,0
cpi_9606.ENSP00000377396,0
cpi_9606.ENSP00000377390,0
cpi_9606.ENSP00000377380,0
cpi_9606.ENSP00000377344,0
cpi_9606.ENSP00000377055,0
cpi_9606.ENSP00000377311,0
cpi_9606.ENSP00000377303,0
cpi_9606.ENSP00000377298,0
cpi_9606.ENSP00000377280,0
cpi_9606.ENSP00000377262,0
cpi_9606.ENSP00000377252,0
cpi_9606.ENSP00000377218,0
cpi_9606.ENSP00000377192,0
cpi_9606.ENSP00000377170,0
cpi_9606.ENSP00000377148,0
cpi_9606.ENSP00000377112,0
cpi_9606.ENSP00000377086,0
cpi_9606.ENSP00000377083,0
cpi_9606.ENSP00000377061,0
cpi_9606.ENSP00000376349,0
cpi_9606.ENSP00000376322,0
cpi_9606.ENSP00000376317,0
cpi_9606.ENSP00000374455,0
cpi_9606.ENSP00000375093,0
cpi_9606.ENSP00000375091,0
cpi_9606.ENSP00000375086,0
cpi_9606.ENSP00000375082,0
cpi_9606.ENSP00000375081,0
cpi_9606.ENSP00000375080,0
cpi_9606.ENSP00000375069,0
cpi_9606.ENSP00000375066,0
cpi_9606.ENSP00000375057,0
cpi_9606.ENSP00000374574,0
cpi_9606.ENSP00000374566,0
cpi_9606.ENSP00000374529,0
cpi_9606.ENSP00000374484,0
cpi_9606.ENSP00000374467,0
cpi_9606.ENSP00000374447,0
cpi_9606.ENSP00000376309,0
cpi_9606.ENSP00000374443,0
cpi_9606.ENSP00000374390,0
cpi_9606.ENSP00000374372,0
cpi_9606.ENSP00000374357,0
cpi_9606.ENSP00000374354,0
cpi_9606.ENSP00000374353,0
cpi_9606.ENSP00000374332,0
cpi_9606.ENSP00000374323,0
cpi_9606.ENSP00000374309,0
cpi_9606.ENSP00000374265,0
cpi_9606.ENSP00000374219,0
cpi_9606.ENSP00000374212,0
cpi_9606.ENSP00000374152,0
cpi_9606.ENSP00000374145,0
cpi_9606.ENSP00000375095,0
cpi_9606.ENSP00000375413,0
cpi_9606.ENSP00000375557,0
cpi_9606.ENSP00000375682,0
cpi_9606.ENSP00000376306,0
cpi_9606.ENSP00000376293,0
cpi_9606.ENSP00000376268,0
cpi_9606.ENSP00000376258,0
cpi_9606.ENSP00000376215,0
cpi_9606.ENSP00000376204,0
cpi_9606.ENSP00000376178,0
cpi_9606.ENSP00000376177,0
cpi_9606.ENSP00000376176,0
cpi_9606.ENSP00000376150,0
cpi_9606.ENSP00000376076,0
cpi_9606.ENSP00000375986,0
cpi_9606.ENSP00000375977,0
cpi_9606.ENSP00000375921,0
cpi_9606.ENSP00000375893,0
cpi_9606.ENSP00000375892,0
cpi_9606.ENSP00000375881,0
cpi_9606.ENSP00000375872,0
cpi_9606.ENSP00000375857,0
cpi_9606.ENSP00000375853,0
cpi_9606.ENSP00000375844,0
cpi_9606.ENSP00000375810,0
cpi_9606.ENSP00000375809,0
cpi_9606.ENSP00000375795,0
cpi_9606.ENSP00000375767,0
cpi_9606.ENSP00000375748,0
cpi_9606.ENSP00000375736,0
cpi_9606.ENSP00000375730,0
cpi_9606.ENSP00000375683,0
cpi_9606.ENSP00000370744,0
cpi_9606.ENSP00000370737,0
cpi_9606.ENSP00000393963,0
cpi_9606.ENSP00000368362,0
cpi_9606.ENSP00000368572,0
cpi_9606.ENSP00000368565,0
cpi_9606.ENSP00000368552,0
cpi_9606.ENSP00000368544,0
cpi_9606.ENSP00000368538,0
cpi_9606.ENSP00000368523,0
cpi_9606.ENSP00000368516,0
cpi_9606.ENSP00000368464,0
cpi_9606.ENSP00000368450,0
cpi_9606.ENSP00000368439,0
cpi_9606.ENSP00000368438,0
cpi_9606.ENSP00000368411,0
cpi_9606.ENSP00000368401,0
cpi_9606.ENSP00000368391,0
cpi_9606.ENSP00000368349,0
cpi_9606.ENSP00000368591,0
cpi_9606.ENSP00000368332,0
cpi_9606.ENSP00000368318,0
cpi_9606.ENSP00000368314,0
cpi_9606.ENSP00000368305,0
cpi_9606.ENSP00000368295,0
cpi_9606.ENSP00000368253,0
cpi_9606.ENSP00000368244,0
cpi_9606.ENSP00000368226,0
cpi_9606.ENSP00000368207,0
cpi_9606.ENSP00000368199,0
cpi_9606.ENSP00000368190,0
cpi_9606.ENSP00000368174,0
cpi_9606.ENSP00000368173,0
cpi_9606.ENSP00000368169,0
cpi_9606.ENSP00000368589,0
cpi_9606.ENSP00000368632,0
cpi_9606.ENSP00000368135,0
cpi_9606.ENSP00000368790,0
cpi_9606.ENSP00000369003,0
cpi_9606.ENSP00000368984,0
cpi_9606.ENSP00000368981,0
cpi_9606.ENSP00000368976,0
cpi_9606.ENSP00000368966,0
cpi_9606.ENSP00000368952,0
cpi_9606.ENSP00000368927,0
cpi_9606.ENSP00000368924,0
cpi_9606.ENSP00000368908,0
cpi_9606.ENSP00000368884,0
cpi_9606.ENSP00000368880,0
cpi_9606.ENSP00000368831,0
cpi_9606.ENSP00000368805,0
cpi_9606.ENSP00000368798,0
cpi_9606.ENSP00000368767,0
cpi_9606.ENSP00000368646,0
cpi_9606.ENSP00000368766,0
cpi_9606.ENSP00000368759,0
cpi_9606.ENSP00000368752,0
cpi_9606.ENSP00000368727,0
cpi_9606.ENSP00000368716,0
cpi_9606.ENSP00000368699,0
cpi_9606.ENSP00000368698,0
cpi_9606.ENSP00000368686,0
cpi_9606.ENSP00000368683,0
cpi_9606.ENSP00000368682,0
cpi_9606.ENSP00000368678,0
cpi_9606.ENSP00000368667,0
cpi_9606.ENSP00000368664,0
cpi_9606.ENSP00000368648,0
cpi_9606.ENSP00000368140,0
cpi_9606.ENSP00000368124,0
cpi_9606.ENSP00000370719,0
cpi_9606.ENSP00000367439,0
cpi_9606.ENSP00000367631,0
cpi_9606.ENSP00000367623,0
cpi_9606.ENSP00000367615,0
cpi_9606.ENSP00000367608,0
cpi_9606.ENSP00000367605,0
cpi_9606.ENSP00000367570,0
cpi_9606.ENSP00000367545,0
cpi_9606.ENSP00000367527,0
cpi_9606.ENSP00000367498,0
cpi_9606.ENSP00000367462,0
cpi_9606.ENSP00000367454,0
cpi_9606.ENSP00000367453,0
cpi_9606.ENSP00000367446,0
cpi_9606.ENSP00000367440,0
cpi_9606.ENSP00000367428,0
cpi_9606.ENSP00000367658,0
cpi_9606.ENSP00000367408,0
cpi_9606.ENSP00000367407,0
cpi_9606.ENSP00000367406,0
cpi_9606.ENSP00000367391,0
cpi_9606.ENSP00000367346,0
cpi_9606.ENSP00000367343,0
cpi_9606.ENSP00000367323,0
cpi_9606.ENSP00000367316,0
cpi_9606.ENSP00000367315,0
cpi_9606.ENSP00000367309,0
cpi_9606.ENSP00000367276,0
cpi_9606.ENSP00000367263,0
cpi_9606.ENSP00000367220,0
cpi_9606.ENSP00000367208,0
cpi_9606.ENSP00000367637,0
cpi_9606.ENSP00000367668,0
cpi_9606.ENSP00000368119,0
cpi_9606.ENSP00000367893,0
cpi_9606.ENSP00000368109,0
cpi_9606.ENSP00000368104,0
cpi_9606.ENSP00000368079,0
cpi_9606.ENSP00000368066,0
cpi_9606.ENSP00000368030,0
cpi_9606.ENSP00000368020,0
cpi_9606.ENSP00000368005,0
cpi_9606.ENSP00000367992,0
cpi_9606.ENSP00000367991,0
cpi_9606.ENSP00000367959,0
cpi_9606.ENSP00000367934,0
cpi_9606.ENSP00000367930,0
cpi_9606.ENSP00000367923,0
cpi_9606.ENSP00000367910,0
cpi_9606.ENSP00000367891,0
cpi_9606.ENSP00000367697,0
cpi_9606.ENSP00000367888,0
cpi_9606.ENSP00000367869,0
cpi_9606.ENSP00000367851,0
cpi_9606.ENSP00000367848,0
cpi_9606.ENSP00000367832,0
cpi_9606.ENSP00000367830,0
cpi_9606.ENSP00000367828,0
cpi_9606.ENSP00000367797,0
cpi_9606.ENSP00000367794,0
cpi_9606.ENSP00000367787,0
cpi_9606.ENSP00000367766,0
cpi_9606.ENSP00000367756,0
cpi_9606.ENSP00000367747,0
cpi_9606.ENSP00000367721,0
cpi_9606.ENSP00000369038,0
cpi_9606.ENSP00000369042,0
cpi_9606.ENSP00000369050,0
cpi_9606.ENSP00000370047,0
cpi_9606.ENSP00000370253,0
cpi_9606.ENSP00000370223,0
cpi_9606.ENSP00000370215,0
cpi_9606.ENSP00000370213,0
cpi_9606.ENSP00000370194,0
cpi_9606.ENSP00000370151,0
cpi_9606.ENSP00000370150,0
cpi_9606.ENSP00000370129,0
cpi_9606.ENSP00000370128,0
cpi_9606.ENSP00000370119,0
cpi_9606.ENSP00000370115,0
cpi_9606.ENSP00000370109,0
cpi_9606.ENSP00000370083,0
cpi_9606.ENSP00000370074,0
cpi_9606.ENSP00000370034,0
cpi_9606.ENSP00000370256,0
cpi_9606.ENSP00000370023,0
cpi_9606.ENSP00000370007,0
cpi_9606.ENSP00000370003,0
cpi_9606.ENSP00000369989,0
cpi_9606.ENSP00000369981,0
cpi_9606.ENSP00000369965,0
cpi_9606.ENSP00000369960,0
cpi_9606.ENSP00000369927,0
cpi_9606.ENSP00000369899,0
cpi_9606.ENSP00000369897,0
cpi_9606.ENSP00000369889,0
cpi_9606.ENSP00000369862,0
cpi_9606.ENSP00000369858,0
cpi_9606.ENSP00000369855,0
cpi_9606.ENSP00000370254,0
cpi_9606.ENSP00000370270,0
cpi_9606.ENSP00000369055,0
cpi_9606.ENSP00000370522,0
cpi_9606.ENSP00000370718,0
cpi_9606.ENSP00000370710,0
cpi_9606.ENSP00000370669,0
cpi_9606.ENSP00000370648,0
cpi_9606.ENSP00000370639,0
cpi_9606.ENSP00000370607,0
cpi_9606.ENSP00000370589,0
cpi_9606.ENSP00000370588,0
cpi_9606.ENSP00000370571,0
cpi_9606.ENSP00000370555,0
cpi_9606.ENSP00000370546,0
cpi_9606.ENSP00000370543,0
cpi_9606.ENSP00000370532,0
cpi_9606.ENSP00000370526,0
cpi_9606.ENSP00000370517,0
cpi_9606.ENSP00000370330,0
cpi_9606.ENSP00000370508,0
cpi_9606.ENSP00000370473,0
cpi_9606.ENSP00000370460,0
cpi_9606.ENSP00000370421,0
cpi_9606.ENSP00000370410,0
cpi_9606.ENSP00000370408,0
cpi_9606.ENSP00000370395,0
cpi_9606.ENSP00000370381,0
cpi_9606.ENSP00000370377,0
cpi_9606.ENSP00000370376,0
cpi_9606.ENSP00000370373,0
cpi_9606.ENSP00000370372,0
cpi_9606.ENSP00000370343,0
cpi_9606.ENSP00000370340,0
cpi_9606.ENSP00000369820,0
cpi_9606.ENSP00000369816,0
cpi_9606.ENSP00000369785,0
cpi_9606.ENSP00000369257,0
cpi_9606.ENSP00000369375,0
cpi_9606.ENSP00000369373,0
cpi_9606.ENSP00000369351,0
cpi_9606.ENSP00000369346,0
cpi_9606.ENSP00000369344,0
cpi_9606.ENSP00000369339,0
cpi_9606.ENSP00000369335,0
cpi_9606.ENSP00000369325,0
cpi_9606.ENSP00000369318,0
cpi_9606.ENSP00000369317,0
cpi_9606.ENSP00000369299,0
cpi_9606.ENSP00000369293,0
cpi_9606.ENSP00000369274,0
cpi_9606.ENSP00000369270,0
cpi_9606.ENSP00000369252,0
cpi_9606.ENSP00000369784,0
cpi_9606.ENSP00000369218,0
cpi_9606.ENSP00000369217,0
cpi_9606.ENSP00000369213,0
cpi_9606.ENSP00000369162,0
cpi_9606.ENSP00000369154,0
cpi_9606.ENSP00000369141,0
cpi_9606.ENSP00000369134,0
cpi_9606.ENSP00000369129,0
cpi_9606.ENSP00000369127,0
cpi_9606.ENSP00000369126,0
cpi_9606.ENSP00000369100,0
cpi_9606.ENSP00000369099,0
cpi_9606.ENSP00000369081,0
cpi_9606.ENSP00000369071,0
cpi_9606.ENSP00000369395,0
cpi_9606.ENSP00000369399,0
cpi_9606.ENSP00000369400,0
cpi_9606.ENSP00000369411,0
cpi_9606.ENSP00000369757,0
cpi_9606.ENSP00000369756,0
cpi_9606.ENSP00000369739,0
cpi_9606.ENSP00000369716,0
cpi_9606.ENSP00000369703,0
cpi_9606.ENSP00000369699,0
cpi_9606.ENSP00000369695,0
cpi_9606.ENSP00000369689,0
cpi_9606.ENSP00000369681,0
cpi_9606.ENSP00000369666,0
cpi_9606.ENSP00000369654,0
cpi_9606.ENSP00000369647,0
cpi_9606.ENSP00000369643,0
cpi_9606.ENSP00000369581,0
cpi_9606.ENSP00000369579,0
cpi_9606.ENSP00000369554,0
cpi_9606.ENSP00000369547,0
cpi_9606.ENSP00000369538,0
cpi_9606.ENSP00000369531,0
cpi_9606.ENSP00000369530,0
cpi_9606.ENSP00000369519,0
cpi_9606.ENSP00000369497,0
cpi_9606.ENSP00000369461,0
cpi_9606.ENSP00000369460,0
cpi_9606.ENSP00000369456,0
cpi_9606.ENSP00000369442,0
cpi_9606.ENSP00000369434,0
cpi_9606.ENSP00000369424,0
cpi_9606.ENSP00000369419,0
cpi_9606.ENSP00000377549,0
cpi_9606.ENSP00000377617,0
cpi_9606.ENSP00000377640,0
cpi_9606.ENSP00000385916,0
cpi_9606.ENSP00000386229,0
cpi_9606.ENSP00000386226,0
cpi_9606.ENSP00000386213,0
cpi_9606.ENSP00000386212,0
cpi_9606.ENSP00000386210,0
cpi_9606.ENSP00000386207,0
cpi_9606.ENSP00000386201,0
cpi_9606.ENSP00000386200,0
cpi_9606.ENSP00000386171,0
cpi_9606.ENSP00000386165,0
cpi_9606.ENSP00000386156,0
cpi_9606.ENSP00000386104,0
cpi_9606.ENSP00000386069,0
cpi_9606.ENSP00000386029,0
cpi_9606.ENSP00000385899,0
cpi_9606.ENSP00000386272,0
cpi_9606.ENSP00000385834,0
cpi_9606.ENSP00000385806,0
cpi_9606.ENSP00000385751,0
cpi_9606.ENSP00000385746,0
cpi_9606.ENSP00000385721,0
cpi_9606.ENSP00000385695,0
cpi_9606.ENSP00000385638,0
cpi_9606.ENSP00000385632,0
cpi_9606.ENSP00000385571,0
cpi_9606.ENSP00000385545,0
cpi_9606.ENSP00000385479,0
cpi_9606.ENSP00000385478,0
cpi_9606.ENSP00000385450,0
cpi_9606.ENSP00000385432,0
cpi_9606.ENSP00000386239,0
cpi_9606.ENSP00000386284,0
cpi_9606.ENSP00000385328,0
cpi_9606.ENSP00000386759,0
cpi_9606.ENSP00000387170,0
cpi_9606.ENSP00000387123,0
cpi_9606.ENSP00000387081,0
cpi_9606.ENSP00000387019,0
cpi_9606.ENSP00000387006,0
cpi_9606.ENSP00000386971,0
cpi_9606.ENSP00000386959,0
cpi_9606.ENSP00000386935,0
cpi_9606.ENSP00000386918,0
cpi_9606.ENSP00000386896,0
cpi_9606.ENSP00000386884,0
cpi_9606.ENSP00000386881,0
cpi_9606.ENSP00000386796,0
cpi_9606.ENSP00000386773,0
cpi_9606.ENSP00000386741,0
cpi_9606.ENSP00000386306,0
cpi_9606.ENSP00000386717,0
cpi_9606.ENSP00000386655,0
cpi_9606.ENSP00000386541,0
cpi_9606.ENSP00000386532,0
cpi_9606.ENSP00000386520,0
cpi_9606.ENSP00000386461,0
cpi_9606.ENSP00000386456,0
cpi_9606.ENSP00000386444,0
cpi_9606.ENSP00000386414,0
cpi_9606.ENSP00000386398,0
cpi_9606.ENSP00000386394,0
cpi_9606.ENSP00000386378,0
cpi_9606.ENSP00000386357,0
cpi_9606.ENSP00000386331,0
cpi_9606.ENSP00000385422,0
cpi_9606.ENSP00000385269,0
cpi_9606.ENSP00000377655,0
cpi_9606.ENSP00000383923,0
cpi_9606.ENSP00000384330,0
cpi_9606.ENSP00000384296,0
cpi_9606.ENSP00000384273,0
cpi_9606.ENSP00000384264,0
cpi_9606.ENSP00000384259,0
cpi_9606.ENSP00000384223,0
cpi_9606.ENSP00000384222,0
cpi_9606.ENSP00000384211,0
cpi_9606.ENSP00000384179,0
cpi_9606.ENSP00000384164,0
cpi_9606.ENSP00000384144,0
cpi_9606.ENSP00000384109,0
cpi_9606.ENSP00000384026,0
cpi_9606.ENSP00000384018,0
cpi_9606.ENSP00000383901,0
cpi_9606.ENSP00000384376,0
cpi_9606.ENSP00000383900,0
cpi_9606.ENSP00000383840,0
cpi_9606.ENSP00000383820,0
cpi_9606.ENSP00000383698,0
cpi_9606.ENSP00000383690,0
cpi_9606.ENSP00000383611,0
cpi_9606.ENSP00000383558,0
cpi_9606.ENSP00000383382,0
cpi_9606.ENSP00000383365,0
cpi_9606.ENSP00000383234,0
cpi_9606.ENSP00000383199,0
cpi_9606.ENSP00000383178,0
cpi_9606.ENSP00000383168,0
cpi_9606.ENSP00000383115,0
cpi_9606.ENSP00000384363,0
cpi_9606.ENSP00000384400,0
cpi_9606.ENSP00000385247,0
cpi_9606.ENSP00000384823,0
cpi_9606.ENSP00000385142,0
cpi_9606.ENSP00000385057,0
cpi_9606.ENSP00000385028,0
cpi_9606.ENSP00000385026,0
cpi_9606.ENSP00000385021,0
cpi_9606.ENSP00000385019,0
cpi_9606.ENSP00000385000,0
cpi_9606.ENSP00000384979,0
cpi_9606.ENSP00000384957,0
cpi_9606.ENSP00000384917,0
cpi_9606.ENSP00000384886,0
cpi_9606.ENSP00000384881,0
cpi_9606.ENSP00000384869,0
cpi_9606.ENSP00000384863,0
cpi_9606.ENSP00000384774,0
cpi_9606.ENSP00000384408,0
cpi_9606.ENSP00000384716,0
cpi_9606.ENSP00000384708,0
cpi_9606.ENSP00000384703,0
cpi_9606.ENSP00000384700,0
cpi_9606.ENSP00000384690,0
cpi_9606.ENSP00000384675,0
cpi_9606.ENSP00000384665,0
cpi_9606.ENSP00000384610,0
cpi_9606.ENSP00000384573,0
cpi_9606.ENSP00000384554,0
cpi_9606.ENSP00000384534,0
cpi_9606.ENSP00000384442,0
cpi_9606.ENSP00000384434,0
cpi_9606.ENSP00000384432,0
cpi_9606.ENSP00000387176,0
cpi_9606.ENSP00000387185,0
cpi_9606.ENSP00000387219,0
cpi_9606.ENSP00000391592,0
cpi_9606.ENSP00000392095,0
cpi_9606.ENSP00000392094,0
cpi_9606.ENSP00000392066,0
cpi_9606.ENSP00000392028,0
cpi_9606.ENSP00000391950,0
cpi_9606.ENSP00000391944,0
cpi_9606.ENSP00000391826,0
cpi_9606.ENSP00000391806,0
cpi_9606.ENSP00000391751,0
cpi_9606.ENSP00000391723,0
cpi_9606.ENSP00000391676,0
cpi_9606.ENSP00000391669,0
cpi_9606.ENSP00000391664,0
cpi_9606.ENSP00000391596,0
cpi_9606.ENSP00000391498,0
cpi_9606.ENSP00000392252,0
cpi_9606.ENSP00000391490,0
cpi_9606.ENSP00000391397,0
cpi_9606.ENSP00000391266,0
cpi_9606.ENSP00000391200,0
cpi_9606.ENSP00000391137,0
cpi_9606.ENSP00000391121,0
cpi_9606.ENSP00000390849,0
cpi_9606.ENSP00000390722,0
cpi_9606.ENSP00000390651,0
cpi_9606.ENSP00000390637,0
cpi_9606.ENSP00000390621,0
cpi_9606.ENSP00000390600,0
cpi_9606.ENSP00000390590,0
cpi_9606.ENSP00000390500,0
cpi_9606.ENSP00000392147,0
cpi_9606.ENSP00000392257,0
cpi_9606.ENSP00000387230,0
cpi_9606.ENSP00000393262,0
cpi_9606.ENSP00000393953,0
cpi_9606.ENSP00000393887,0
cpi_9606.ENSP00000393847,0
cpi_9606.ENSP00000393845,0
cpi_9606.ENSP00000393762,0
cpi_9606.ENSP00000393596,0
cpi_9606.ENSP00000393571,0
cpi_9606.ENSP00000393557,0
cpi_9606.ENSP00000393453,0
cpi_9606.ENSP00000393393,0
cpi_9606.ENSP00000393379,0
cpi_9606.ENSP00000393333,0
cpi_9606.ENSP00000393312,0
cpi_9606.ENSP00000393275,0
cpi_9606.ENSP00000393241,0
cpi_9606.ENSP00000392262,0
cpi_9606.ENSP00000393066,0
cpi_9606.ENSP00000392995,0
cpi_9606.ENSP00000392985,0
cpi_9606.ENSP00000392859,0
cpi_9606.ENSP00000392762,0
cpi_9606.ENSP00000392718,0
cpi_9606.ENSP00000392709,0
cpi_9606.ENSP00000392553,0
cpi_9606.ENSP00000392549,0
cpi_9606.ENSP00000392466,0
cpi_9606.ENSP00000392423,0
cpi_9606.ENSP00000392411,0
cpi_9606.ENSP00000392398,0
cpi_9606.ENSP00000392395,0
cpi_9606.ENSP00000390478,0
cpi_9606.ENSP00000390475,0
cpi_9606.ENSP00000390427,0
cpi_9606.ENSP00000387683,0
cpi_9606.ENSP00000388275,0
cpi_9606.ENSP00000388241,0
cpi_9606.ENSP00000388169,0
cpi_9606.ENSP00000388107,0
cpi_9606.ENSP00000388001,0
cpi_9606.ENSP00000387982,0
cpi_9606.ENSP00000387946,0
cpi_9606.ENSP00000387941,0
cpi_9606.ENSP00000387911,0
cpi_9606.ENSP00000387888,0
cpi_9606.ENSP00000387875,0
cpi_9606.ENSP00000387841,0
cpi_9606.ENSP00000387699,0
cpi_9606.ENSP00000387694,0
cpi_9606.ENSP00000387662,0
cpi_9606.ENSP00000390423,0
cpi_9606.ENSP00000387593,0
cpi_9606.ENSP00000387536,0
cpi_9606.ENSP00000387462,0
cpi_9606.ENSP00000387426,0
cpi_9606.ENSP00000387356,0
cpi_9606.ENSP00000387347,0
cpi_9606.ENSP00000387307,0
cpi_9606.ENSP00000387303,0
cpi_9606.ENSP00000387286,0
cpi_9606.ENSP00000387282,0
cpi_9606.ENSP00000387281,0
cpi_9606.ENSP00000387278,0
cpi_9606.ENSP00000387262,0
cpi_9606.ENSP00000387233,0
cpi_9606.ENSP00000388293,0
cpi_9606.ENSP00000388550,0
cpi_9606.ENSP00000388566,0
cpi_9606.ENSP00000388631,0
cpi_9606.ENSP00000390158,0
cpi_9606.ENSP00000390011,0
cpi_9606.ENSP00000389951,0
cpi_9606.ENSP00000389948,0
cpi_9606.ENSP00000389870,0
cpi_9606.ENSP00000389787,0
cpi_9606.ENSP00000389770,0
cpi_9606.ENSP00000389649,0
cpi_9606.ENSP00000389465,0
cpi_9606.ENSP00000389414,0
cpi_9606.ENSP00000389399,0
cpi_9606.ENSP00000389381,0
cpi_9606.ENSP00000389338,0
cpi_9606.ENSP00000389289,0
cpi_9606.ENSP00000389277,0
cpi_9606.ENSP00000389275,0
cpi_9606.ENSP00000389175,0
cpi_9606.ENSP00000389140,0
cpi_9606.ENSP00000389128,0
cpi_9606.ENSP00000389103,0
cpi_9606.ENSP00000389087,0
cpi_9606.ENSP00000389026,0
cpi_9606.ENSP00000389009,0
cpi_9606.ENSP00000388996,0
cpi_9606.ENSP00000388942,0
cpi_9606.ENSP00000388910,0
cpi_9606.ENSP00000388872,0
cpi_9606.ENSP00000388825,0
cpi_9606.ENSP00000388648,0
cpi_9606.ENSP00000383042,0
cpi_9606.ENSP00000383023,0
cpi_9606.ENSP00000383020,0
cpi_9606.ENSP00000379065,0
cpi_9606.ENSP00000379228,0
cpi_9606.ENSP00000379213,0
cpi_9606.ENSP00000379204,0
cpi_9606.ENSP00000379203,0
cpi_9606.ENSP00000379157,0
cpi_9606.ENSP00000379144,0
cpi_9606.ENSP00000379140,0
cpi_9606.ENSP00000379138,0
cpi_9606.ENSP00000379133,0
cpi_9606.ENSP00000379110,0
cpi_9606.ENSP00000379108,0
cpi_9606.ENSP00000379098,0
cpi_9606.ENSP00000379092,0
cpi_9606.ENSP00000379086,0
cpi_9606.ENSP00000379042,0
cpi_9606.ENSP00000379326,0
cpi_9606.ENSP00000379032,0
cpi_9606.ENSP00000379003,0
cpi_9606.ENSP00000378996,0
cpi_9606.ENSP00000378958,0
cpi_9606.ENSP00000378957,0
cpi_9606.ENSP00000378920,0
cpi_9606.ENSP00000378917,0
cpi_9606.ENSP00000378897,0
cpi_9606.ENSP00000378890,0
cpi_9606.ENSP00000378887,0
cpi_9606.ENSP00000378857,0
cpi_9606.ENSP00000378786,0
cpi_9606.ENSP00000378784,0
cpi_9606.ENSP00000378782,0
cpi_9606.ENSP00000379258,0
cpi_9606.ENSP00000379330,0
cpi_9606.ENSP00000379901,0
cpi_9606.ENSP00000379680,0
cpi_9606.ENSP00000379891,0
cpi_9606.ENSP00000379888,0
cpi_9606.ENSP00000379880,0
cpi_9606.ENSP00000379866,0
cpi_9606.ENSP00000379865,0
cpi_9606.ENSP00000379847,0
cpi_9606.ENSP00000379839,0
cpi_9606.ENSP00000379836,0
cpi_9606.ENSP00000379834,0
cpi_9606.ENSP00000379823,0
cpi_9606.ENSP00000379804,0
cpi_9606.ENSP00000379802,0
cpi_9606.ENSP00000379739,0
cpi_9606.ENSP00000379702,0
cpi_9606.ENSP00000379678,0
cpi_9606.ENSP00000379339,0
cpi_9606.ENSP00000379658,0
cpi_9606.ENSP00000379616,0
cpi_9606.ENSP00000379607,0
cpi_9606.ENSP00000379602,0
cpi_9606.ENSP00000379514,0
cpi_9606.ENSP00000379503,0
cpi_9606.ENSP00000379500,0
cpi_9606.ENSP00000379496,0
cpi_9606.ENSP00000379475,0
cpi_9606.ENSP00000379430,0
cpi_9606.ENSP00000379394,0
cpi_9606.ENSP00000379377,0
cpi_9606.ENSP00000379369,0
cpi_9606.ENSP00000379353,0
cpi_9606.ENSP00000378756,0
cpi_9606.ENSP00000378735,0
cpi_9606.ENSP00000378702,0
cpi_9606.ENSP00000377900,0
cpi_9606.ENSP00000378132,0
cpi_9606.ENSP00000378130,0
cpi_9606.ENSP00000378118,0
cpi_9606.ENSP00000378089,0
cpi_9606.ENSP00000378033,0
cpi_9606.ENSP00000377995,0
cpi_9606.ENSP00000377969,0
cpi_9606.ENSP00000377958,0
cpi_9606.ENSP00000377954,0
cpi_9606.ENSP00000377948,0
cpi_9606.ENSP00000377947,0
cpi_9606.ENSP00000377941,0
cpi_9606.ENSP00000377934,0
cpi_9606.ENSP00000377910,0
cpi_9606.ENSP00000377892,0
cpi_9606.ENSP00000378699,0
cpi_9606.ENSP00000377878,0
cpi_9606.ENSP00000377865,0
cpi_9606.ENSP00000377862,0
cpi_9606.ENSP00000377854,0
cpi_9606.ENSP00000377840,0
cpi_9606.ENSP00000377836,0
cpi_9606.ENSP00000377833,0
cpi_9606.ENSP00000377793,0
cpi_9606.ENSP00000377783,0
cpi_9606.ENSP00000377747,0
cpi_9606.ENSP00000377721,0
cpi_9606.ENSP00000377717,0
cpi_9606.ENSP00000377696,0
cpi_9606.ENSP00000377686,0
cpi_9606.ENSP00000378160,0
cpi_9606.ENSP00000378161,0
cpi_9606.ENSP00000378191,0
cpi_9606.ENSP00000378201,0
cpi_9606.ENSP00000378690,0
cpi_9606.ENSP00000378624,0
cpi_9606.ENSP00000378578,0
cpi_9606.ENSP00000378548,0
cpi_9606.ENSP00000378529,0
cpi_9606.ENSP00000378517,0
cpi_9606.ENSP00000378505,0
cpi_9606.ENSP00000378492,0
cpi_9606.ENSP00000378485,0
cpi_9606.ENSP00000378426,0
cpi_9606.ENSP00000378409,0
cpi_9606.ENSP00000378408,0
cpi_9606.ENSP00000378400,0
cpi_9606.ENSP00000378394,0
cpi_9606.ENSP00000378368,0
cpi_9606.ENSP00000378364,0
cpi_9606.ENSP00000378360,0
cpi_9606.ENSP00000378359,0
cpi_9606.ENSP00000378356,0
cpi_9606.ENSP00000378350,0
cpi_9606.ENSP00000378332,0
cpi_9606.ENSP00000378326,0
cpi_9606.ENSP00000378324,0
cpi_9606.ENSP00000378323,0
cpi_9606.ENSP00000378307,0
cpi_9606.ENSP00000378306,0
cpi_9606.ENSP00000378295,0
cpi_9606.ENSP00000378292,0
cpi_9606.ENSP00000378288,0
cpi_9606.ENSP00000379895,0
cpi_9606.ENSP00000379931,0
cpi_9606.ENSP00000382987,0
cpi_9606.ENSP00000381611,0
cpi_9606.ENSP00000381891,0
cpi_9606.ENSP00000381840,0
cpi_9606.ENSP00000381823,0
cpi_9606.ENSP00000381793,0
cpi_9606.ENSP00000381785,0
cpi_9606.ENSP00000381782,0
cpi_9606.ENSP00000381768,0
cpi_9606.ENSP00000381758,0
cpi_9606.ENSP00000381740,0
cpi_9606.ENSP00000381739,0
cpi_9606.ENSP00000381717,0
cpi_9606.ENSP00000381657,0
cpi_9606.ENSP00000381654,0
cpi_9606.ENSP00000381634,0
cpi_9606.ENSP00000381607,0
cpi_9606.ENSP00000381968,0
cpi_9606.ENSP00000381599,0
cpi_9606.ENSP00000381594,0
cpi_9606.ENSP00000381590,0
cpi_9606.ENSP00000381588,0
cpi_9606.ENSP00000381565,0
cpi_9606.ENSP00000381504,0
cpi_9606.ENSP00000381499,0
cpi_9606.ENSP00000381476,0
cpi_9606.ENSP00000381425,0
cpi_9606.ENSP00000381412,0
cpi_9606.ENSP00000381399,0
cpi_9606.ENSP00000381340,0
cpi_9606.ENSP00000381339,0
cpi_9606.ENSP00000381333,0
cpi_9606.ENSP00000381932,0
cpi_9606.ENSP00000381970,0
cpi_9606.ENSP00000379999,0
cpi_9606.ENSP00000382518,0
cpi_9606.ENSP00000382982,0
cpi_9606.ENSP00000382957,0
cpi_9606.ENSP00000382863,0
cpi_9606.ENSP00000382840,0
cpi_9606.ENSP00000382791,0
cpi_9606.ENSP00000382770,0
cpi_9606.ENSP00000382767,0
cpi_9606.ENSP00000382707,0
cpi_9606.ENSP00000382697,0
cpi_9606.ENSP00000382688,0
cpi_9606.ENSP00000382659,0
cpi_9606.ENSP00000382610,0
cpi_9606.ENSP00000382595,0
cpi_9606.ENSP00000382544,0
cpi_9606.ENSP00000382434,0
cpi_9606.ENSP00000382004,0
cpi_9606.ENSP00000382423,0
cpi_9606.ENSP00000382392,0
cpi_9606.ENSP00000382379,0
cpi_9606.ENSP00000382342,0
cpi_9606.ENSP00000382269,0
cpi_9606.ENSP00000382250,0
cpi_9606.ENSP00000382204,0
cpi_9606.ENSP00000382177,0
cpi_9606.ENSP00000382133,0
cpi_9606.ENSP00000382120,0
cpi_9606.ENSP00000382101,0
cpi_9606.ENSP00000382086,0
cpi_9606.ENSP00000382083,0
cpi_9606.ENSP00000382034,0
cpi_9606.ENSP00000381302,0
cpi_9606.ENSP00000381293,0
cpi_9606.ENSP00000381282,0
cpi_9606.ENSP00000380252,0
cpi_9606.ENSP00000380460,0
cpi_9606.ENSP00000380453,0
cpi_9606.ENSP00000380444,0
cpi_9606.ENSP00000380427,0
cpi_9606.ENSP00000380414,0
cpi_9606.ENSP00000380378,0
cpi_9606.ENSP00000380349,0
cpi_9606.ENSP00000380334,0
cpi_9606.ENSP00000380321,0
cpi_9606.ENSP00000380318,0
cpi_9606.ENSP00000380313,0
cpi_9606.ENSP00000380310,0
cpi_9606.ENSP00000380271,0
cpi_9606.ENSP00000380256,0
cpi_9606.ENSP00000380250,0
cpi_9606.ENSP00000381247,0
cpi_9606.ENSP00000380247,0
cpi_9606.ENSP00000380227,0
cpi_9606.ENSP00000380193,0
cpi_9606.ENSP00000380178,0
cpi_9606.ENSP00000380177,0
cpi_9606.ENSP00000380157,0
cpi_9606.ENSP00000380156,0
cpi_9606.ENSP00000380150,0
cpi_9606.ENSP00000380129,0
cpi_9606.ENSP00000380109,0
cpi_9606.ENSP00000380073,0
cpi_9606.ENSP00000380066,0
cpi_9606.ENSP00000380033,0
cpi_9606.ENSP00000380024,0
cpi_9606.ENSP00000380494,0
cpi_9606.ENSP00000380505,0
cpi_9606.ENSP00000380514,0
cpi_9606.ENSP00000380523,0
cpi_9606.ENSP00000381240,0
cpi_9606.ENSP00000381220,0
cpi_9606.ENSP00000381216,0
cpi_9606.ENSP00000381206,0
cpi_9606.ENSP00000381167,0
cpi_9606.ENSP00000381148,0
cpi_9606.ENSP00000381129,0
cpi_9606.ENSP00000381105,0
cpi_9606.ENSP00000381097,0
cpi_9606.ENSP00000381089,0
cpi_9606.ENSP00000381045,0
cpi_9606.ENSP00000381036,0
cpi_9606.ENSP00000381034,0
cpi_9606.ENSP00000381030,0
cpi_9606.ENSP00000381003,0
cpi_9606.ENSP00000380998,0
cpi_9606.ENSP00000380942,0
cpi_9606.ENSP00000380897,0
cpi_9606.ENSP00000380876,0
cpi_9606.ENSP00000380869,0
cpi_9606.ENSP00000380855,0
cpi_9606.ENSP00000380795,0
cpi_9606.ENSP00000380781,0
cpi_9606.ENSP00000380718,0
cpi_9606.ENSP00000380692,0
cpi_9606.ENSP00000380675,0
cpi_9606.ENSP00000380635,0
cpi_9606.ENSP00000380597,0
cpi_9606.ENSP00000380552,0
cpi_9606.ENSP00000338413,0
cpi_9606.ENSP00000338397,0
cpi_9606.ENSP00000338387,0
cpi_9606.ENSP00000262133,0
cpi_9606.ENSP00000262053,0
cpi_9606.ENSP00000262056,0
cpi_9606.ENSP00000262065,0
cpi_9606.ENSP00000262077,0
cpi_9606.ENSP00000262102,0
cpi_9606.ENSP00000262103,0
cpi_9606.ENSP00000262105,0
cpi_9606.ENSP00000262139,0
cpi_9606.ENSP00000262193,0
cpi_9606.ENSP00000262144,0
cpi_9606.ENSP00000262158,0
cpi_9606.ENSP00000262160,0
cpi_9606.ENSP00000262177,0
cpi_9606.ENSP00000262178,0
cpi_9606.ENSP00000262186,0
cpi_9606.ENSP00000262187,0
cpi_9606.ENSP00000262039,0
cpi_9606.ENSP00000262033,0
cpi_9606.ENSP00000262030,0
cpi_9606.ENSP00000262027,0
cpi_9606.ENSP00000261890,0
cpi_9606.ENSP00000261891,0
cpi_9606.ENSP00000261893,0
cpi_9606.ENSP00000261900,0
cpi_9606.ENSP00000261908,0
cpi_9606.ENSP00000261917,0
cpi_9606.ENSP00000261918,0
cpi_9606.ENSP00000261921,0
cpi_9606.ENSP00000261937,0
cpi_9606.ENSP00000261951,0
cpi_9606.ENSP00000261980,0
cpi_9606.ENSP00000261991,0
cpi_9606.ENSP00000261994,0
cpi_9606.ENSP00000262013,0
cpi_9606.ENSP00000262017,0
cpi_9606.ENSP00000262189,0
cpi_9606.ENSP00000262207,0
cpi_9606.ENSP00000261879,0
cpi_9606.ENSP00000262415,0
cpi_9606.ENSP00000262374,0
cpi_9606.ENSP00000262375,0
cpi_9606.ENSP00000262383,0
cpi_9606.ENSP00000262394,0
cpi_9606.ENSP00000262395,0
cpi_9606.ENSP00000262406,0
cpi_9606.ENSP00000262407,0
cpi_9606.ENSP00000262418,0
cpi_9606.ENSP00000262209,0
cpi_9606.ENSP00000262424,0
cpi_9606.ENSP00000262426,0
cpi_9606.ENSP00000262429,0
cpi_9606.ENSP00000262430,0
cpi_9606.ENSP00000262435,0
cpi_9606.ENSP00000262441,0
cpi_9606.ENSP00000262442,0
cpi_9606.ENSP00000262367,0
cpi_9606.ENSP00000262352,0
cpi_9606.ENSP00000262340,0
cpi_9606.ENSP00000262320,0
cpi_9606.ENSP00000262211,0
cpi_9606.ENSP00000262215,0
cpi_9606.ENSP00000262219,0
cpi_9606.ENSP00000262238,0
cpi_9606.ENSP00000262262,0
cpi_9606.ENSP00000262269,0
cpi_9606.ENSP00000262288,0
cpi_9606.ENSP00000262290,0
cpi_9606.ENSP00000262291,0
cpi_9606.ENSP00000262300,0
cpi_9606.ENSP00000262302,0
cpi_9606.ENSP00000262304,0
cpi_9606.ENSP00000262306,0
cpi_9606.ENSP00000262315,0
cpi_9606.ENSP00000262316,0
cpi_9606.ENSP00000261881,0
cpi_9606.ENSP00000261867,0
cpi_9606.ENSP00000262455,0
cpi_9606.ENSP00000261483,0
cpi_9606.ENSP00000261439,0
cpi_9606.ENSP00000261448,0
cpi_9606.ENSP00000261454,0
cpi_9606.ENSP00000261461,0
cpi_9606.ENSP00000261465,0
cpi_9606.ENSP00000261475,0
cpi_9606.ENSP00000261479,0
cpi_9606.ENSP00000261497,0
cpi_9606.ENSP00000261584,0
cpi_9606.ENSP00000261503,0
cpi_9606.ENSP00000261507,0
cpi_9606.ENSP00000261514,0
cpi_9606.ENSP00000261523,0
cpi_9606.ENSP00000261531,0
cpi_9606.ENSP00000261537,0
cpi_9606.ENSP00000261558,0
cpi_9606.ENSP00000261434,0
cpi_9606.ENSP00000261427,0
cpi_9606.ENSP00000261416,0
cpi_9606.ENSP00000261405,0
cpi_9606.ENSP00000261296,0
cpi_9606.ENSP00000261302,0
cpi_9606.ENSP00000261303,0
cpi_9606.ENSP00000261304,0
cpi_9606.ENSP00000261313,0
cpi_9606.ENSP00000261326,0
cpi_9606.ENSP00000261340,0
cpi_9606.ENSP00000261349,0
cpi_9606.ENSP00000261366,0
cpi_9606.ENSP00000261368,0
cpi_9606.ENSP00000261377,0
cpi_9606.ENSP00000261381,0
cpi_9606.ENSP00000261386,0
cpi_9606.ENSP00000261401,0
cpi_9606.ENSP00000261402,0
cpi_9606.ENSP00000261574,0
cpi_9606.ENSP00000261590,0
cpi_9606.ENSP00000261845,0
cpi_9606.ENSP00000261769,0
cpi_9606.ENSP00000261722,0
cpi_9606.ENSP00000261731,0
cpi_9606.ENSP00000261733,0
cpi_9606.ENSP00000261740,0
cpi_9606.ENSP00000261741,0
cpi_9606.ENSP00000261751,0
cpi_9606.ENSP00000261755,0
cpi_9606.ENSP00000261772,0
cpi_9606.ENSP00000261596,0
cpi_9606.ENSP00000261783,0
cpi_9606.ENSP00000261797,0
cpi_9606.ENSP00000261799,0
cpi_9606.ENSP00000261800,0
cpi_9606.ENSP00000261819,0
cpi_9606.ENSP00000261835,0
cpi_9606.ENSP00000261839,0
cpi_9606.ENSP00000261716,0
cpi_9606.ENSP00000261714,0
cpi_9606.ENSP00000261712,0
cpi_9606.ENSP00000261707,0
cpi_9606.ENSP00000261597,0
cpi_9606.ENSP00000261601,0
cpi_9606.ENSP00000261609,0
cpi_9606.ENSP00000261615,0
cpi_9606.ENSP00000261622,0
cpi_9606.ENSP00000261623,0
cpi_9606.ENSP00000261636,0
cpi_9606.ENSP00000261643,0
cpi_9606.ENSP00000261647,0
cpi_9606.ENSP00000261652,0
cpi_9606.ENSP00000261667,0
cpi_9606.ENSP00000261669,0
cpi_9606.ENSP00000261681,0
cpi_9606.ENSP00000261683,0
cpi_9606.ENSP00000261693,0
cpi_9606.ENSP00000262445,0
cpi_9606.ENSP00000262457,0
cpi_9606.ENSP00000261267,0
cpi_9606.ENSP00000263321,0
cpi_9606.ENSP00000263269,0
cpi_9606.ENSP00000263270,0
cpi_9606.ENSP00000263274,0
cpi_9606.ENSP00000263277,0
cpi_9606.ENSP00000263278,0
cpi_9606.ENSP00000263314,0
cpi_9606.ENSP00000263317,0
cpi_9606.ENSP00000263331,0
cpi_9606.ENSP00000263383,0
cpi_9606.ENSP00000263339,0
cpi_9606.ENSP00000263341,0
cpi_9606.ENSP00000263360,0
cpi_9606.ENSP00000263368,0
cpi_9606.ENSP00000263372,0
cpi_9606.ENSP00000263373,0
cpi_9606.ENSP00000263377,0
cpi_9606.ENSP00000263253,0
cpi_9606.ENSP00000263239,0
cpi_9606.ENSP00000263238,0
cpi_9606.ENSP00000263233,0
cpi_9606.ENSP00000263116,0
cpi_9606.ENSP00000263119,0
cpi_9606.ENSP00000263121,0
cpi_9606.ENSP00000263125,0
cpi_9606.ENSP00000263126,0
cpi_9606.ENSP00000263160,0
cpi_9606.ENSP00000263168,0
cpi_9606.ENSP00000263181,0
cpi_9606.ENSP00000263182,0
cpi_9606.ENSP00000263187,0
cpi_9606.ENSP00000263202,0
cpi_9606.ENSP00000263208,0
cpi_9606.ENSP00000263209,0
cpi_9606.ENSP00000263212,0
cpi_9606.ENSP00000263228,0
cpi_9606.ENSP00000263382,0
cpi_9606.ENSP00000263388,0
cpi_9606.ENSP00000263100,0
cpi_9606.ENSP00000263735,0
cpi_9606.ENSP00000263665,0
cpi_9606.ENSP00000263681,0
cpi_9606.ENSP00000263686,0
cpi_9606.ENSP00000263688,0
cpi_9606.ENSP00000263702,0
cpi_9606.ENSP00000263708,0
cpi_9606.ENSP00000263734,0
cpi_9606.ENSP00000263736,0
cpi_9606.ENSP00000263390,0
cpi_9606.ENSP00000263753,0
cpi_9606.ENSP00000263754,0
cpi_9606.ENSP00000263774,0
cpi_9606.ENSP00000263776,0
cpi_9606.ENSP00000263791,0
cpi_9606.ENSP00000263798,0
cpi_9606.ENSP00000263800,0
cpi_9606.ENSP00000263657,0
cpi_9606.ENSP00000263645,0
cpi_9606.ENSP00000263642,0
cpi_9606.ENSP00000263640,0
cpi_9606.ENSP00000263409,0
cpi_9606.ENSP00000263431,0
cpi_9606.ENSP00000263464,0
cpi_9606.ENSP00000263519,0
cpi_9606.ENSP00000263525,0
cpi_9606.ENSP00000263556,0
cpi_9606.ENSP00000263574,0
cpi_9606.ENSP00000263576,0
cpi_9606.ENSP00000263577,0
cpi_9606.ENSP00000263579,0
cpi_9606.ENSP00000263593,0
cpi_9606.ENSP00000263620,0
cpi_9606.ENSP00000263621,0
cpi_9606.ENSP00000263629,0
cpi_9606.ENSP00000263635,0
cpi_9606.ENSP00000263102,0
cpi_9606.ENSP00000263094,0
cpi_9606.ENSP00000262460,0
cpi_9606.ENSP00000262726,0
cpi_9606.ENSP00000262643,0
cpi_9606.ENSP00000262644,0
cpi_9606.ENSP00000262646,0
cpi_9606.ENSP00000262662,0
cpi_9606.ENSP00000262709,0
cpi_9606.ENSP00000262715,0
cpi_9606.ENSP00000262719,0
cpi_9606.ENSP00000262735,0
cpi_9606.ENSP00000262839,0
cpi_9606.ENSP00000262741,0
cpi_9606.ENSP00000262746,0
cpi_9606.ENSP00000262752,0
cpi_9606.ENSP00000262764,0
cpi_9606.ENSP00000262768,0
cpi_9606.ENSP00000262794,0
cpi_9606.ENSP00000262803,0
cpi_9606.ENSP00000262640,0
cpi_9606.ENSP00000262626,0
cpi_9606.ENSP00000262623,0
cpi_9606.ENSP00000262613,0
cpi_9606.ENSP00000262461,0
cpi_9606.ENSP00000262464,0
cpi_9606.ENSP00000262477,0
cpi_9606.ENSP00000262483,0
cpi_9606.ENSP00000262493,0
cpi_9606.ENSP00000262506,0
cpi_9606.ENSP00000262518,0
cpi_9606.ENSP00000262519,0
cpi_9606.ENSP00000262544,0
cpi_9606.ENSP00000262545,0
cpi_9606.ENSP00000262551,0
cpi_9606.ENSP00000262554,0
cpi_9606.ENSP00000262584,0
cpi_9606.ENSP00000262605,0
cpi_9606.ENSP00000262607,0
cpi_9606.ENSP00000262809,0
cpi_9606.ENSP00000262843,0
cpi_9606.ENSP00000263093,0
cpi_9606.ENSP00000263038,0
cpi_9606.ENSP00000262966,0
cpi_9606.ENSP00000262992,0
cpi_9606.ENSP00000262999,0
cpi_9606.ENSP00000263025,0
cpi_9606.ENSP00000263033,0
cpi_9606.ENSP00000263035,0
cpi_9606.ENSP00000263036,0
cpi_9606.ENSP00000263043,0
cpi_9606.ENSP00000262848,0
cpi_9606.ENSP00000263056,0
cpi_9606.ENSP00000263063,0
cpi_9606.ENSP00000263073,0
cpi_9606.ENSP00000263080,0
cpi_9606.ENSP00000263084,0
cpi_9606.ENSP00000263087,0
cpi_9606.ENSP00000263088,0
cpi_9606.ENSP00000262965,0
cpi_9606.ENSP00000262960,0
cpi_9606.ENSP00000262958,0
cpi_9606.ENSP00000262948,0
cpi_9606.ENSP00000262850,0
cpi_9606.ENSP00000262854,0
cpi_9606.ENSP00000262873,0
cpi_9606.ENSP00000262878,0
cpi_9606.ENSP00000262887,0
cpi_9606.ENSP00000262888,0
cpi_9606.ENSP00000262890,0
cpi_9606.ENSP00000262891,0
cpi_9606.ENSP00000262895,0
cpi_9606.ENSP00000262901,0
cpi_9606.ENSP00000262903,0
cpi_9606.ENSP00000262904,0
cpi_9606.ENSP00000262916,0
cpi_9606.ENSP00000262919,0
cpi_9606.ENSP00000262942,0
cpi_9606.ENSP00000261292,0
cpi_9606.ENSP00000261254,0
cpi_9606.ENSP00000263817,0
cpi_9606.ENSP00000257068,0
cpi_9606.ENSP00000256951,0
cpi_9606.ENSP00000256953,0
cpi_9606.ENSP00000256958,0
cpi_9606.ENSP00000256996,0
cpi_9606.ENSP00000256997,0
cpi_9606.ENSP00000256999,0
cpi_9606.ENSP00000257017,0
cpi_9606.ENSP00000257177,0
cpi_9606.ENSP00000257430,0
cpi_9606.ENSP00000257189,0
cpi_9606.ENSP00000257192,0
cpi_9606.ENSP00000257198,0
cpi_9606.ENSP00000257248,0
cpi_9606.ENSP00000257254,0
cpi_9606.ENSP00000257290,0
cpi_9606.ENSP00000257347,0
cpi_9606.ENSP00000256906,0
cpi_9606.ENSP00000256897,0
cpi_9606.ENSP00000256857,0
cpi_9606.ENSP00000256854,0
cpi_9606.ENSP00000256495,0
cpi_9606.ENSP00000256509,0
cpi_9606.ENSP00000256578,0
cpi_9606.ENSP00000256585,0
cpi_9606.ENSP00000256592,0
cpi_9606.ENSP00000256594,0
cpi_9606.ENSP00000256637,0
cpi_9606.ENSP00000256646,0
cpi_9606.ENSP00000256682,0
cpi_9606.ENSP00000256689,0
cpi_9606.ENSP00000256707,0
cpi_9606.ENSP00000256720,0
cpi_9606.ENSP00000256722,0
cpi_9606.ENSP00000256759,0
cpi_9606.ENSP00000256797,0
cpi_9606.ENSP00000257408,0
cpi_9606.ENSP00000257497,0
cpi_9606.ENSP00000256460,0
cpi_9606.ENSP00000258080,0
cpi_9606.ENSP00000257915,0
cpi_9606.ENSP00000257934,0
cpi_9606.ENSP00000257979,0
cpi_9606.ENSP00000257981,0
cpi_9606.ENSP00000258034,0
cpi_9606.ENSP00000258042,0
cpi_9606.ENSP00000258052,0
cpi_9606.ENSP00000258091,0
cpi_9606.ENSP00000257527,0
cpi_9606.ENSP00000258123,0
cpi_9606.ENSP00000258145,0
cpi_9606.ENSP00000258168,0
cpi_9606.ENSP00000258301,0
cpi_9606.ENSP00000258317,0
cpi_9606.ENSP00000258341,0
cpi_9606.ENSP00000258381,0
cpi_9606.ENSP00000257904,0
cpi_9606.ENSP00000257895,0
cpi_9606.ENSP00000257868,0
cpi_9606.ENSP00000257863,0
cpi_9606.ENSP00000257548,0
cpi_9606.ENSP00000257549,0
cpi_9606.ENSP00000257552,0
cpi_9606.ENSP00000257555,0
cpi_9606.ENSP00000257566,0
cpi_9606.ENSP00000257570,0
cpi_9606.ENSP00000257572,0
cpi_9606.ENSP00000257627,0
cpi_9606.ENSP00000257700,0
cpi_9606.ENSP00000257745,0
cpi_9606.ENSP00000257770,0
cpi_9606.ENSP00000257818,0
cpi_9606.ENSP00000257829,0
cpi_9606.ENSP00000257857,0
cpi_9606.ENSP00000257861,0
cpi_9606.ENSP00000256474,0
cpi_9606.ENSP00000256458,0
cpi_9606.ENSP00000258399,0
cpi_9606.ENSP00000254908,0
cpi_9606.ENSP00000254801,0
cpi_9606.ENSP00000254810,0
cpi_9606.ENSP00000254835,0
cpi_9606.ENSP00000254846,0
cpi_9606.ENSP00000254854,0
cpi_9606.ENSP00000254868,0
cpi_9606.ENSP00000254878,0
cpi_9606.ENSP00000254928,0
cpi_9606.ENSP00000255078,0
cpi_9606.ENSP00000254942,0
cpi_9606.ENSP00000254950,0
cpi_9606.ENSP00000254958,0
cpi_9606.ENSP00000254963,0
cpi_9606.ENSP00000254976,0
cpi_9606.ENSP00000255008,0
cpi_9606.ENSP00000255030,0
cpi_9606.ENSP00000254759,0
cpi_9606.ENSP00000254730,0
cpi_9606.ENSP00000254722,0
cpi_9606.ENSP00000254719,0
cpi_9606.ENSP00000254235,0
cpi_9606.ENSP00000254286,0
cpi_9606.ENSP00000254301,0
cpi_9606.ENSP00000254322,0
cpi_9606.ENSP00000254351,0
cpi_9606.ENSP00000254436,0
cpi_9606.ENSP00000254457,0
cpi_9606.ENSP00000254466,0
cpi_9606.ENSP00000254488,0
cpi_9606.ENSP00000254521,0
cpi_9606.ENSP00000254654,0
cpi_9606.ENSP00000254657,0
cpi_9606.ENSP00000254661,0
cpi_9606.ENSP00000254663,0
cpi_9606.ENSP00000254667,0
cpi_9606.ENSP00000255040,0
cpi_9606.ENSP00000255082,0
cpi_9606.ENSP00000256447,0
cpi_9606.ENSP00000256196,0
cpi_9606.ENSP00000256078,0
cpi_9606.ENSP00000256079,0
cpi_9606.ENSP00000256103,0
cpi_9606.ENSP00000256104,0
cpi_9606.ENSP00000256119,0
cpi_9606.ENSP00000256190,0
cpi_9606.ENSP00000256194,0
cpi_9606.ENSP00000256257,0
cpi_9606.ENSP00000255084,0
cpi_9606.ENSP00000256261,0
cpi_9606.ENSP00000256379,0
cpi_9606.ENSP00000256383,0
cpi_9606.ENSP00000256404,0
cpi_9606.ENSP00000256429,0
cpi_9606.ENSP00000256442,0
cpi_9606.ENSP00000256443,0
cpi_9606.ENSP00000256015,0
cpi_9606.ENSP00000256010,0
cpi_9606.ENSP00000256001,0
cpi_9606.ENSP00000255858,0
cpi_9606.ENSP00000255120,0
cpi_9606.ENSP00000255189,0
cpi_9606.ENSP00000255192,0
cpi_9606.ENSP00000255194,0
cpi_9606.ENSP00000255226,0
cpi_9606.ENSP00000255262,0
cpi_9606.ENSP00000255266,0
cpi_9606.ENSP00000255380,0
cpi_9606.ENSP00000255381,0
cpi_9606.ENSP00000255390,0
cpi_9606.ENSP00000255409,0
cpi_9606.ENSP00000255448,0
cpi_9606.ENSP00000255465,0
cpi_9606.ENSP00000255631,0
cpi_9606.ENSP00000255641,0
cpi_9606.ENSP00000258385,0
cpi_9606.ENSP00000258400,0
cpi_9606.ENSP00000261233,0
cpi_9606.ENSP00000260502,0
cpi_9606.ENSP00000260402,0
cpi_9606.ENSP00000260404,0
cpi_9606.ENSP00000260408,0
cpi_9606.ENSP00000260433,0
cpi_9606.ENSP00000260442,0
cpi_9606.ENSP00000260443,0
cpi_9606.ENSP00000260447,0
cpi_9606.ENSP00000260508,0
cpi_9606.ENSP00000260649,0
cpi_9606.ENSP00000260563,0
cpi_9606.ENSP00000260570,0
cpi_9606.ENSP00000260585,0
cpi_9606.ENSP00000260600,0
cpi_9606.ENSP00000260630,0
cpi_9606.ENSP00000260643,0
cpi_9606.ENSP00000260645,0
cpi_9606.ENSP00000260386,0
cpi_9606.ENSP00000260382,0
cpi_9606.ENSP00000260363,0
cpi_9606.ENSP00000260356,0
cpi_9606.ENSP00000260118,0
cpi_9606.ENSP00000260128,0
cpi_9606.ENSP00000260130,0
cpi_9606.ENSP00000260184,0
cpi_9606.ENSP00000260187,0
cpi_9606.ENSP00000260191,0
cpi_9606.ENSP00000260197,0
cpi_9606.ENSP00000260227,0
cpi_9606.ENSP00000260228,0
cpi_9606.ENSP00000260229,0
cpi_9606.ENSP00000260264,0
cpi_9606.ENSP00000260270,0
cpi_9606.ENSP00000260302,0
cpi_9606.ENSP00000260324,0
cpi_9606.ENSP00000260327,0
cpi_9606.ENSP00000260648,0
cpi_9606.ENSP00000260653,0
cpi_9606.ENSP00000260113,0
cpi_9606.ENSP00000261183,0
cpi_9606.ENSP00000261047,0
cpi_9606.ENSP00000261070,0
cpi_9606.ENSP00000261170,0
cpi_9606.ENSP00000261172,0
cpi_9606.ENSP00000261173,0
cpi_9606.ENSP00000261180,0
cpi_9606.ENSP00000261182,0
cpi_9606.ENSP00000261187,0
cpi_9606.ENSP00000260682,0
cpi_9606.ENSP00000261195,0
cpi_9606.ENSP00000261196,0
cpi_9606.ENSP00000261200,0
cpi_9606.ENSP00000261205,0
cpi_9606.ENSP00000261207,0
cpi_9606.ENSP00000261208,0
cpi_9606.ENSP00000261211,0
cpi_9606.ENSP00000261024,0
cpi_9606.ENSP00000261023,0
cpi_9606.ENSP00000261017,0
cpi_9606.ENSP00000261007,0
cpi_9606.ENSP00000260702,0
cpi_9606.ENSP00000260731,0
cpi_9606.ENSP00000260753,0
cpi_9606.ENSP00000260762,0
cpi_9606.ENSP00000260766,0
cpi_9606.ENSP00000260810,0
cpi_9606.ENSP00000260926,0
cpi_9606.ENSP00000260947,0
cpi_9606.ENSP00000260950,0
cpi_9606.ENSP00000260952,0
cpi_9606.ENSP00000260956,0
cpi_9606.ENSP00000260967,0
cpi_9606.ENSP00000260970,0
cpi_9606.ENSP00000260983,0
cpi_9606.ENSP00000260985,0
cpi_9606.ENSP00000260116,0
cpi_9606.ENSP00000260102,0
cpi_9606.ENSP00000258403,0
cpi_9606.ENSP00000258955,0
cpi_9606.ENSP00000258787,0
cpi_9606.ENSP00000258807,0
cpi_9606.ENSP00000258873,0
cpi_9606.ENSP00000258874,0
cpi_9606.ENSP00000258884,0
cpi_9606.ENSP00000258886,0
cpi_9606.ENSP00000258930,0
cpi_9606.ENSP00000258960,0
cpi_9606.ENSP00000259206,0
cpi_9606.ENSP00000258962,0
cpi_9606.ENSP00000258969,0
cpi_9606.ENSP00000259008,0
cpi_9606.ENSP00000259021,0
cpi_9606.ENSP00000259050,0
cpi_9606.ENSP00000259075,0
cpi_9606.ENSP00000259089,0
cpi_9606.ENSP00000258774,0
cpi_9606.ENSP00000258749,0
cpi_9606.ENSP00000258743,0
cpi_9606.ENSP00000258739,0
cpi_9606.ENSP00000258415,0
cpi_9606.ENSP00000258416,0
cpi_9606.ENSP00000258418,0
cpi_9606.ENSP00000258424,0
cpi_9606.ENSP00000258428,0
cpi_9606.ENSP00000258455,0
cpi_9606.ENSP00000258456,0
cpi_9606.ENSP00000258457,0
cpi_9606.ENSP00000258494,0
cpi_9606.ENSP00000258526,0
cpi_9606.ENSP00000258530,0
cpi_9606.ENSP00000258534,0
cpi_9606.ENSP00000258538,0
cpi_9606.ENSP00000258646,0
cpi_9606.ENSP00000258662,0
cpi_9606.ENSP00000259119,0
cpi_9606.ENSP00000259239,0
cpi_9606.ENSP00000260061,0
cpi_9606.ENSP00000259806,0
cpi_9606.ENSP00000259633,0
cpi_9606.ENSP00000259667,0
cpi_9606.ENSP00000259708,0
cpi_9606.ENSP00000259711,0
cpi_9606.ENSP00000259727,0
cpi_9606.ENSP00000259750,0
cpi_9606.ENSP00000259791,0
cpi_9606.ENSP00000259808,0
cpi_9606.ENSP00000259254,0
cpi_9606.ENSP00000259818,0
cpi_9606.ENSP00000259874,0
cpi_9606.ENSP00000259915,0
cpi_9606.ENSP00000259938,0
cpi_9606.ENSP00000259939,0
cpi_9606.ENSP00000259951,0
cpi_9606.ENSP00000260010,0
cpi_9606.ENSP00000259631,0
cpi_9606.ENSP00000259607,0
cpi_9606.ENSP00000259605,0
cpi_9606.ENSP00000259555,0
cpi_9606.ENSP00000259271,0
cpi_9606.ENSP00000259324,0
cpi_9606.ENSP00000259339,0
cpi_9606.ENSP00000259365,0
cpi_9606.ENSP00000259392,0
cpi_9606.ENSP00000259396,0
cpi_9606.ENSP00000259400,0
cpi_9606.ENSP00000259406,0
cpi_9606.ENSP00000259407,0
cpi_9606.ENSP00000259455,0
cpi_9606.ENSP00000259457,0
cpi_9606.ENSP00000259467,0
cpi_9606.ENSP00000259469,0
cpi_9606.ENSP00000259470,0
cpi_9606.ENSP00000259486,0
cpi_9606.ENSP00000263816,0
cpi_9606.ENSP00000263826,0
cpi_9606.ENSP00000338369,0
cpi_9606.ENSP00000269141,0
cpi_9606.ENSP00000269033,0
cpi_9606.ENSP00000269051,0
cpi_9606.ENSP00000269080,0
cpi_9606.ENSP00000269081,0
cpi_9606.ENSP00000269095,0
cpi_9606.ENSP00000269122,0
cpi_9606.ENSP00000269127,0
cpi_9606.ENSP00000269143,0
cpi_9606.ENSP00000269305,0
cpi_9606.ENSP00000269159,0
cpi_9606.ENSP00000269187,0
cpi_9606.ENSP00000269202,0
cpi_9606.ENSP00000269216,0
cpi_9606.ENSP00000269228,0
cpi_9606.ENSP00000269243,0
cpi_9606.ENSP00000269260,0
cpi_9606.ENSP00000269025,0
cpi_9606.ENSP00000268957,0
cpi_9606.ENSP00000268933,0
cpi_9606.ENSP00000268919,0
cpi_9606.ENSP00000268607,0
cpi_9606.ENSP00000268638,0
cpi_9606.ENSP00000268661,0
cpi_9606.ENSP00000268679,0
cpi_9606.ENSP00000268695,0
cpi_9606.ENSP00000268699,0
cpi_9606.ENSP00000268704,0
cpi_9606.ENSP00000268712,0
cpi_9606.ENSP00000268766,0
cpi_9606.ENSP00000268793,0
cpi_9606.ENSP00000268797,0
cpi_9606.ENSP00000268802,0
cpi_9606.ENSP00000268835,0
cpi_9606.ENSP00000268864,0
cpi_9606.ENSP00000268896,0
cpi_9606.ENSP00000269299,0
cpi_9606.ENSP00000269321,0
cpi_9606.ENSP00000268603,0
cpi_9606.ENSP00000270223,0
cpi_9606.ENSP00000270115,0
cpi_9606.ENSP00000270139,0
cpi_9606.ENSP00000270142,0
cpi_9606.ENSP00000270162,0
cpi_9606.ENSP00000270176,0
cpi_9606.ENSP00000270202,0
cpi_9606.ENSP00000270221,0
cpi_9606.ENSP00000270225,0
cpi_9606.ENSP00000269349,0
cpi_9606.ENSP00000270349,0
cpi_9606.ENSP00000270357,0
cpi_9606.ENSP00000270474,0
cpi_9606.ENSP00000270509,0
cpi_9606.ENSP00000270570,0
cpi_9606.ENSP00000270586,0
cpi_9606.ENSP00000270593,0
cpi_9606.ENSP00000270112,0
cpi_9606.ENSP00000269980,0
cpi_9606.ENSP00000269973,0
cpi_9606.ENSP00000269919,0
cpi_9606.ENSP00000269439,0
cpi_9606.ENSP00000269445,0
cpi_9606.ENSP00000269466,0
cpi_9606.ENSP00000269491,0
cpi_9606.ENSP00000269571,0
cpi_9606.ENSP00000269576,0
cpi_9606.ENSP00000269582,0
cpi_9606.ENSP00000269586,0
cpi_9606.ENSP00000269593,0
cpi_9606.ENSP00000269703,0
cpi_9606.ENSP00000269740,0
cpi_9606.ENSP00000269829,0
cpi_9606.ENSP00000269848,0
cpi_9606.ENSP00000269878,0
cpi_9606.ENSP00000269881,0
cpi_9606.ENSP00000268605,0
cpi_9606.ENSP00000268533,0
cpi_9606.ENSP00000270631,0
cpi_9606.ENSP00000267197,0
cpi_9606.ENSP00000267017,0
cpi_9606.ENSP00000267082,0
cpi_9606.ENSP00000267085,0
cpi_9606.ENSP00000267101,0
cpi_9606.ENSP00000267116,0
cpi_9606.ENSP00000267119,0
cpi_9606.ENSP00000267163,0
cpi_9606.ENSP00000267205,0
cpi_9606.ENSP00000267484,0
cpi_9606.ENSP00000267273,0
cpi_9606.ENSP00000267294,0
cpi_9606.ENSP00000267328,0
cpi_9606.ENSP00000267339,0
cpi_9606.ENSP00000267377,0
cpi_9606.ENSP00000267396,0
cpi_9606.ENSP00000267430,0
cpi_9606.ENSP00000267015,0
cpi_9606.ENSP00000266991,0
cpi_9606.ENSP00000266971,0
cpi_9606.ENSP00000266970,0
cpi_9606.ENSP00000266579,0
cpi_9606.ENSP00000266581,0
cpi_9606.ENSP00000266646,0
cpi_9606.ENSP00000266659,0
cpi_9606.ENSP00000266671,0
cpi_9606.ENSP00000266674,0
cpi_9606.ENSP00000266682,0
cpi_9606.ENSP00000266688,0
cpi_9606.ENSP00000266712,0
cpi_9606.ENSP00000266718,0
cpi_9606.ENSP00000266719,0
cpi_9606.ENSP00000266732,0
cpi_9606.ENSP00000266736,0
cpi_9606.ENSP00000266744,0
cpi_9606.ENSP00000266771,0
cpi_9606.ENSP00000267436,0
cpi_9606.ENSP00000267502,0
cpi_9606.ENSP00000268482,0
cpi_9606.ENSP00000268182,0
cpi_9606.ENSP00000268097,0
cpi_9606.ENSP00000268122,0
cpi_9606.ENSP00000268124,0
cpi_9606.ENSP00000268125,0
cpi_9606.ENSP00000268150,0
cpi_9606.ENSP00000268164,0
cpi_9606.ENSP00000268171,0
cpi_9606.ENSP00000268206,0
cpi_9606.ENSP00000267512,0
cpi_9606.ENSP00000268220,0
cpi_9606.ENSP00000268251,0
cpi_9606.ENSP00000268261,0
cpi_9606.ENSP00000268281,0
cpi_9606.ENSP00000268296,0
cpi_9606.ENSP00000268379,0
cpi_9606.ENSP00000268383,0
cpi_9606.ENSP00000268058,0
cpi_9606.ENSP00000268057,0
cpi_9606.ENSP00000268053,0
cpi_9606.ENSP00000268043,0
cpi_9606.ENSP00000267549,0
cpi_9606.ENSP00000267568,0
cpi_9606.ENSP00000267569,0
cpi_9606.ENSP00000267584,0
cpi_9606.ENSP00000267803,0
cpi_9606.ENSP00000267814,0
cpi_9606.ENSP00000267842,0
cpi_9606.ENSP00000267843,0
cpi_9606.ENSP00000267845,0
cpi_9606.ENSP00000267890,0
cpi_9606.ENSP00000267953,0
cpi_9606.ENSP00000267970,0
cpi_9606.ENSP00000267978,0
cpi_9606.ENSP00000267996,0
cpi_9606.ENSP00000268035,0
cpi_9606.ENSP00000270625,0
cpi_9606.ENSP00000270722,0
cpi_9606.ENSP00000266557,0
cpi_9606.ENSP00000274368,0
cpi_9606.ENSP00000274278,0
cpi_9606.ENSP00000274289,0
cpi_9606.ENSP00000274306,0
cpi_9606.ENSP00000274311,0
cpi_9606.ENSP00000274335,0
cpi_9606.ENSP00000274353,0
cpi_9606.ENSP00000274364,0
cpi_9606.ENSP00000274376,0
cpi_9606.ENSP00000274695,0
cpi_9606.ENSP00000274457,0
cpi_9606.ENSP00000274520,0
cpi_9606.ENSP00000274545,0
cpi_9606.ENSP00000274547,0
cpi_9606.ENSP00000274606,0
cpi_9606.ENSP00000274625,0
cpi_9606.ENSP00000274643,0
cpi_9606.ENSP00000274276,0
cpi_9606.ENSP00000274255,0
cpi_9606.ENSP00000274242,0
cpi_9606.ENSP00000274192,0
cpi_9606.ENSP00000273814,0
cpi_9606.ENSP00000273853,0
cpi_9606.ENSP00000273854,0
cpi_9606.ENSP00000273857,0
cpi_9606.ENSP00000273859,0
cpi_9606.ENSP00000273920,0
cpi_9606.ENSP00000273936,0
cpi_9606.ENSP00000274008,0
cpi_9606.ENSP00000274024,0
cpi_9606.ENSP00000274026,0
cpi_9606.ENSP00000274031,0
cpi_9606.ENSP00000274056,0
cpi_9606.ENSP00000274063,0
cpi_9606.ENSP00000274093,0
cpi_9606.ENSP00000274170,0
cpi_9606.ENSP00000274680,0
cpi_9606.ENSP00000274711,0
cpi_9606.ENSP00000273668,0
cpi_9606.ENSP00000275815,0
cpi_9606.ENSP00000275517,0
cpi_9606.ENSP00000275525,0
cpi_9606.ENSP00000275603,0
cpi_9606.ENSP00000275605,0
cpi_9606.ENSP00000275699,0
cpi_9606.ENSP00000275730,0
cpi_9606.ENSP00000275780,0
cpi_9606.ENSP00000275857,0
cpi_9606.ENSP00000274764,0
cpi_9606.ENSP00000276014,0
cpi_9606.ENSP00000276033,0
cpi_9606.ENSP00000276052,0
cpi_9606.ENSP00000276062,0
cpi_9606.ENSP00000276072,0
cpi_9606.ENSP00000276079,0
cpi_9606.ENSP00000276198,0
cpi_9606.ENSP00000275493,0
cpi_9606.ENSP00000275428,0
cpi_9606.ENSP00000275364,0
cpi_9606.ENSP00000275300,0
cpi_9606.ENSP00000274793,0
cpi_9606.ENSP00000274811,0
cpi_9606.ENSP00000274813,0
cpi_9606.ENSP00000274867,0
cpi_9606.ENSP00000275015,0
cpi_9606.ENSP00000275016,0
cpi_9606.ENSP00000275072,0
cpi_9606.ENSP00000275162,0
cpi_9606.ENSP00000275169,0
cpi_9606.ENSP00000275189,0
cpi_9606.ENSP00000275198,0
cpi_9606.ENSP00000275200,0
cpi_9606.ENSP00000275216,0
cpi_9606.ENSP00000275230,0
cpi_9606.ENSP00000275233,0
cpi_9606.ENSP00000273783,0
cpi_9606.ENSP00000273596,0
cpi_9606.ENSP00000270776,0
cpi_9606.ENSP00000272102,0
cpi_9606.ENSP00000271657,0
cpi_9606.ENSP00000271688,0
cpi_9606.ENSP00000271715,0
cpi_9606.ENSP00000271751,0
cpi_9606.ENSP00000271915,0
cpi_9606.ENSP00000271971,0
cpi_9606.ENSP00000272065,0
cpi_9606.ENSP00000272134,0
cpi_9606.ENSP00000272252,0
cpi_9606.ENSP00000272163,0
cpi_9606.ENSP00000272164,0
cpi_9606.ENSP00000272167,0
cpi_9606.ENSP00000272190,0
cpi_9606.ENSP00000272224,0
cpi_9606.ENSP00000272227,0
cpi_9606.ENSP00000272233,0
cpi_9606.ENSP00000271651,0
cpi_9606.ENSP00000271640,0
cpi_9606.ENSP00000271638,0
cpi_9606.ENSP00000271636,0
cpi_9606.ENSP00000270792,0
cpi_9606.ENSP00000270861,0
cpi_9606.ENSP00000271015,0
cpi_9606.ENSP00000271064,0
cpi_9606.ENSP00000271227,0
cpi_9606.ENSP00000271308,0
cpi_9606.ENSP00000271331,0
cpi_9606.ENSP00000271348,0
cpi_9606.ENSP00000271357,0
cpi_9606.ENSP00000271385,0
cpi_9606.ENSP00000271450,0
cpi_9606.ENSP00000271452,0
cpi_9606.ENSP00000271555,0
cpi_9606.ENSP00000271588,0
cpi_9606.ENSP00000271620,0
cpi_9606.ENSP00000272238,0
cpi_9606.ENSP00000272286,0
cpi_9606.ENSP00000273588,0
cpi_9606.ENSP00000273261,0
cpi_9606.ENSP00000273062,0
cpi_9606.ENSP00000273063,0
cpi_9606.ENSP00000273075,0
cpi_9606.ENSP00000273077,0
cpi_9606.ENSP00000273145,0
cpi_9606.ENSP00000273179,0
cpi_9606.ENSP00000273258,0
cpi_9606.ENSP00000273286,0
cpi_9606.ENSP00000272298,0
cpi_9606.ENSP00000273320,0
cpi_9606.ENSP00000273353,0
cpi_9606.ENSP00000273359,0
cpi_9606.ENSP00000273398,0
cpi_9606.ENSP00000273430,0
cpi_9606.ENSP00000273482,0
cpi_9606.ENSP00000273550,0
cpi_9606.ENSP00000273047,0
cpi_9606.ENSP00000272928,0
cpi_9606.ENSP00000272902,0
cpi_9606.ENSP00000272895,0
cpi_9606.ENSP00000272317,0
cpi_9606.ENSP00000272324,0
cpi_9606.ENSP00000272369,0
cpi_9606.ENSP00000272418,0
cpi_9606.ENSP00000272425,0
cpi_9606.ENSP00000272430,0
cpi_9606.ENSP00000272452,0
cpi_9606.ENSP00000272519,0
cpi_9606.ENSP00000272542,0
cpi_9606.ENSP00000272602,0
cpi_9606.ENSP00000272610,0
cpi_9606.ENSP00000272644,0
cpi_9606.ENSP00000272797,0
cpi_9606.ENSP00000272847,0
cpi_9606.ENSP00000272852,0
cpi_9606.ENSP00000266560,0
cpi_9606.ENSP00000266544,0
cpi_9606.ENSP00000263846,0
cpi_9606.ENSP00000264613,0
cpi_9606.ENSP00000264554,0
cpi_9606.ENSP00000264563,0
cpi_9606.ENSP00000264568,0
cpi_9606.ENSP00000264595,0
cpi_9606.ENSP00000264601,0
cpi_9606.ENSP00000264606,0
cpi_9606.ENSP00000264607,0
cpi_9606.ENSP00000264634,0
cpi_9606.ENSP00000264664,0
cpi_9606.ENSP00000264637,0
cpi_9606.ENSP00000264639,0
cpi_9606.ENSP00000264645,0
cpi_9606.ENSP00000264649,0
cpi_9606.ENSP00000264657,0
cpi_9606.ENSP00000264658,0
cpi_9606.ENSP00000264661,0
cpi_9606.ENSP00000264553,0
cpi_9606.ENSP00000264552,0
cpi_9606.ENSP00000264501,0
cpi_9606.ENSP00000264498,0
cpi_9606.ENSP00000264382,0
cpi_9606.ENSP00000264399,0
cpi_9606.ENSP00000264409,0
cpi_9606.ENSP00000264414,0
cpi_9606.ENSP00000264424,0
cpi_9606.ENSP00000264426,0
cpi_9606.ENSP00000264428,0
cpi_9606.ENSP00000264436,0
cpi_9606.ENSP00000264444,0
cpi_9606.ENSP00000264451,0
cpi_9606.ENSP00000264454,0
cpi_9606.ENSP00000264463,0
cpi_9606.ENSP00000264474,0
cpi_9606.ENSP00000264487,0
cpi_9606.ENSP00000264497,0
cpi_9606.ENSP00000264663,0
cpi_9606.ENSP00000264668,0
cpi_9606.ENSP00000264380,0
cpi_9606.ENSP00000264867,0
cpi_9606.ENSP00000264784,0
cpi_9606.ENSP00000264808,0
cpi_9606.ENSP00000264818,0
cpi_9606.ENSP00000264828,0
cpi_9606.ENSP00000264832,0
cpi_9606.ENSP00000264834,0
cpi_9606.ENSP00000264864,0
cpi_9606.ENSP00000264870,0
cpi_9606.ENSP00000264670,0
cpi_9606.ENSP00000264893,0
cpi_9606.ENSP00000264895,0
cpi_9606.ENSP00000264896,0
cpi_9606.ENSP00000264903,0
cpi_9606.ENSP00000264908,0
cpi_9606.ENSP00000264914,0
cpi_9606.ENSP00000264917,0
cpi_9606.ENSP00000264775,0
cpi_9606.ENSP00000264773,0
cpi_9606.ENSP00000264758,0
cpi_9606.ENSP00000264748,0
cpi_9606.ENSP00000264674,0
cpi_9606.ENSP00000264677,0
cpi_9606.ENSP00000264690,0
cpi_9606.ENSP00000264703,0
cpi_9606.ENSP00000264705,0
cpi_9606.ENSP00000264708,0
cpi_9606.ENSP00000264709,0
cpi_9606.ENSP00000264710,0
cpi_9606.ENSP00000264711,0
cpi_9606.ENSP00000264712,0
cpi_9606.ENSP00000264714,0
cpi_9606.ENSP00000264716,0
cpi_9606.ENSP00000264731,0
cpi_9606.ENSP00000264735,0
cpi_9606.ENSP00000264741,0
cpi_9606.ENSP00000264381,0
cpi_9606.ENSP00000264360,0
cpi_9606.ENSP00000264930,0
cpi_9606.ENSP00000264018,0
cpi_9606.ENSP00000263980,0
cpi_9606.ENSP00000263985,0
cpi_9606.ENSP00000263991,0
cpi_9606.ENSP00000264005,0
cpi_9606.ENSP00000264009,0
cpi_9606.ENSP00000264010,0
cpi_9606.ENSP00000264012,0
cpi_9606.ENSP00000264025,0
cpi_9606.ENSP00000264071,0
cpi_9606.ENSP00000264027,0
cpi_9606.ENSP00000264029,0
cpi_9606.ENSP00000264033,0
cpi_9606.ENSP00000264036,0
cpi_9606.ENSP00000264037,0
cpi_9606.ENSP00000264039,0
cpi_9606.ENSP00000264047,0
cpi_9606.ENSP00000263969,0
cpi_9606.ENSP00000263967,0
cpi_9606.ENSP00000263966,0
cpi_9606.ENSP00000263960,0
cpi_9606.ENSP00000263847,0
cpi_9606.ENSP00000263851,0
cpi_9606.ENSP00000263857,0
cpi_9606.ENSP00000263863,0
cpi_9606.ENSP00000263864,0
cpi_9606.ENSP00000263867,0
cpi_9606.ENSP00000263881,0
cpi_9606.ENSP00000263895,0
cpi_9606.ENSP00000263915,0
cpi_9606.ENSP00000263918,0
cpi_9606.ENSP00000263923,0
cpi_9606.ENSP00000263925,0
cpi_9606.ENSP00000263932,0
cpi_9606.ENSP00000263934,0
cpi_9606.ENSP00000263955,0
cpi_9606.ENSP00000264065,0
cpi_9606.ENSP00000264072,0
cpi_9606.ENSP00000264357,0
cpi_9606.ENSP00000264265,0
cpi_9606.ENSP00000264218,0
cpi_9606.ENSP00000264220,0
cpi_9606.ENSP00000264228,0
cpi_9606.ENSP00000264230,0
cpi_9606.ENSP00000264233,0
cpi_9606.ENSP00000264246,0
cpi_9606.ENSP00000264255,0
cpi_9606.ENSP00000264276,0
cpi_9606.ENSP00000264079,0
cpi_9606.ENSP00000264279,0
cpi_9606.ENSP00000264316,0
cpi_9606.ENSP00000264318,0
cpi_9606.ENSP00000264335,0
cpi_9606.ENSP00000264345,0
cpi_9606.ENSP00000264346,0
cpi_9606.ENSP00000264350,0
cpi_9606.ENSP00000264193,0
cpi_9606.ENSP00000264192,0
cpi_9606.ENSP00000264187,0
cpi_9606.ENSP00000264170,0
cpi_9606.ENSP00000264080,0
cpi_9606.ENSP00000264093,0
cpi_9606.ENSP00000264108,0
cpi_9606.ENSP00000264110,0
cpi_9606.ENSP00000264122,0
cpi_9606.ENSP00000264126,0
cpi_9606.ENSP00000264144,0
cpi_9606.ENSP00000264151,0
cpi_9606.ENSP00000264156,0
cpi_9606.ENSP00000264157,0
cpi_9606.ENSP00000264159,0
cpi_9606.ENSP00000264161,0
cpi_9606.ENSP00000264162,0
cpi_9606.ENSP00000264167,0
cpi_9606.ENSP00000264169,0
cpi_9606.ENSP00000264926,0
cpi_9606.ENSP00000264932,0
cpi_9606.ENSP00000266542,0
cpi_9606.ENSP00000265728,0
cpi_9606.ENSP00000265713,0
cpi_9606.ENSP00000265715,0
cpi_9606.ENSP00000265717,0
cpi_9606.ENSP00000265720,0
cpi_9606.ENSP00000265723,0
cpi_9606.ENSP00000265724,0
cpi_9606.ENSP00000265727,0
cpi_9606.ENSP00000265729,0
cpi_9606.ENSP00000265849,0
cpi_9606.ENSP00000265734,0
cpi_9606.ENSP00000265741,0
cpi_9606.ENSP00000265742,0
cpi_9606.ENSP00000265748,0
cpi_9606.ENSP00000265753,0
cpi_9606.ENSP00000265773,0
cpi_9606.ENSP00000265838,0
cpi_9606.ENSP00000265709,0
cpi_9606.ENSP00000265689,0
cpi_9606.ENSP00000265686,0
cpi_9606.ENSP00000265643,0
cpi_9606.ENSP00000265517,0
cpi_9606.ENSP00000265529,0
cpi_9606.ENSP00000265537,0
cpi_9606.ENSP00000265562,0
cpi_9606.ENSP00000265563,0
cpi_9606.ENSP00000265564,0
cpi_9606.ENSP00000265572,0
cpi_9606.ENSP00000265593,0
cpi_9606.ENSP00000265594,0
cpi_9606.ENSP00000265598,0
cpi_9606.ENSP00000265602,0
cpi_9606.ENSP00000265605,0
cpi_9606.ENSP00000265627,0
cpi_9606.ENSP00000265634,0
cpi_9606.ENSP00000265641,0
cpi_9606.ENSP00000265846,0
cpi_9606.ENSP00000265854,0
cpi_9606.ENSP00000265498,0
cpi_9606.ENSP00000266304,0
cpi_9606.ENSP00000266086,0
cpi_9606.ENSP00000266088,0
cpi_9606.ENSP00000266095,0
cpi_9606.ENSP00000266126,0
cpi_9606.ENSP00000266214,0
cpi_9606.ENSP00000266254,0
cpi_9606.ENSP00000266269,0
cpi_9606.ENSP00000266376,0
cpi_9606.ENSP00000265857,0
cpi_9606.ENSP00000266397,0
cpi_9606.ENSP00000266458,0
cpi_9606.ENSP00000266483,0
cpi_9606.ENSP00000266497,0
cpi_9606.ENSP00000266503,0
cpi_9606.ENSP00000266505,0
cpi_9606.ENSP00000266517,0
cpi_9606.ENSP00000266085,0
cpi_9606.ENSP00000266070,0
cpi_9606.ENSP00000266066,0
cpi_9606.ENSP00000266058,0
cpi_9606.ENSP00000265866,0
cpi_9606.ENSP00000265870,0
cpi_9606.ENSP00000265872,0
cpi_9606.ENSP00000265881,0
cpi_9606.ENSP00000265896,0
cpi_9606.ENSP00000265944,0
cpi_9606.ENSP00000265960,0
cpi_9606.ENSP00000265963,0
cpi_9606.ENSP00000265969,0
cpi_9606.ENSP00000265970,0
cpi_9606.ENSP00000265983,0
cpi_9606.ENSP00000265986,0
cpi_9606.ENSP00000265990,0
cpi_9606.ENSP00000266000,0
cpi_9606.ENSP00000266041,0
cpi_9606.ENSP00000265512,0
cpi_9606.ENSP00000265471,0
cpi_9606.ENSP00000264933,0
cpi_9606.ENSP00000265104,0
cpi_9606.ENSP00000265074,0
cpi_9606.ENSP00000265077,0
cpi_9606.ENSP00000265081,0
cpi_9606.ENSP00000265087,0
cpi_9606.ENSP00000265094,0
cpi_9606.ENSP00000265097,0
cpi_9606.ENSP00000265100,0
cpi_9606.ENSP00000265112,0
cpi_9606.ENSP00000265165,0
cpi_9606.ENSP00000265113,0
cpi_9606.ENSP00000265131,0
cpi_9606.ENSP00000265132,0
cpi_9606.ENSP00000265138,0
cpi_9606.ENSP00000265140,0
cpi_9606.ENSP00000265148,0
cpi_9606.ENSP00000265162,0
cpi_9606.ENSP00000265073,0
cpi_9606.ENSP00000265071,0
cpi_9606.ENSP00000265070,0
cpi_9606.ENSP00000265069,0
cpi_9606.ENSP00000264938,0
cpi_9606.ENSP00000264951,0
cpi_9606.ENSP00000264952,0
cpi_9606.ENSP00000264954,0
cpi_9606.ENSP00000264972,0
cpi_9606.ENSP00000264977,0
cpi_9606.ENSP00000264995,0
cpi_9606.ENSP00000265012,0
cpi_9606.ENSP00000265023,0
cpi_9606.ENSP00000265026,0
cpi_9606.ENSP00000265028,0
cpi_9606.ENSP00000265038,0
cpi_9606.ENSP00000265052,0
cpi_9606.ENSP00000265056,0
cpi_9606.ENSP00000265062,0
cpi_9606.ENSP00000265164,0
cpi_9606.ENSP00000265171,0
cpi_9606.ENSP00000265465,0
cpi_9606.ENSP00000265403,0
cpi_9606.ENSP00000265362,0
cpi_9606.ENSP00000265371,0
cpi_9606.ENSP00000265372,0
cpi_9606.ENSP00000265382,0
cpi_9606.ENSP00000265388,0
cpi_9606.ENSP00000265394,0
cpi_9606.ENSP00000265395,0
cpi_9606.ENSP00000265421,0
cpi_9606.ENSP00000265174,0
cpi_9606.ENSP00000265428,0
cpi_9606.ENSP00000265431,0
cpi_9606.ENSP00000265433,0
cpi_9606.ENSP00000265440,0
cpi_9606.ENSP00000265441,0
cpi_9606.ENSP00000265447,0
cpi_9606.ENSP00000265462,0
cpi_9606.ENSP00000265361,0
cpi_9606.ENSP00000265354,0
cpi_9606.ENSP00000265351,0
cpi_9606.ENSP00000265343,0
cpi_9606.ENSP00000265175,0
cpi_9606.ENSP00000265191,0
cpi_9606.ENSP00000265195,0
cpi_9606.ENSP00000265224,0
cpi_9606.ENSP00000265245,0
cpi_9606.ENSP00000265276,0
cpi_9606.ENSP00000265294,0
cpi_9606.ENSP00000265304,0
cpi_9606.ENSP00000265310,0
cpi_9606.ENSP00000265316,0
cpi_9606.ENSP00000265322,0
cpi_9606.ENSP00000265333,0
cpi_9606.ENSP00000265335,0
cpi_9606.ENSP00000265339,0
cpi_9606.ENSP00000265340,0
cpi_9606.ENSP00000254231,0
cpi_9606.ENSP00000254227,0
cpi_9606.ENSP00000254193,0
cpi_9606.ENSP00000221421,0
cpi_9606.ENSP00000221200,0
cpi_9606.ENSP00000221233,0
cpi_9606.ENSP00000221265,0
cpi_9606.ENSP00000221283,0
cpi_9606.ENSP00000221307,0
cpi_9606.ENSP00000221403,0
cpi_9606.ENSP00000221418,0
cpi_9606.ENSP00000221444,0
cpi_9606.ENSP00000221515,0
cpi_9606.ENSP00000221452,0
cpi_9606.ENSP00000221455,0
cpi_9606.ENSP00000221466,0
cpi_9606.ENSP00000221476,0
cpi_9606.ENSP00000221485,0
cpi_9606.ENSP00000221486,0
cpi_9606.ENSP00000221494,0
cpi_9606.ENSP00000221167,0
cpi_9606.ENSP00000221166,0
cpi_9606.ENSP00000221138,0
cpi_9606.ENSP00000221132,0
cpi_9606.ENSP00000220507,0
cpi_9606.ENSP00000220584,0
cpi_9606.ENSP00000220592,0
cpi_9606.ENSP00000220616,0
cpi_9606.ENSP00000220659,0
cpi_9606.ENSP00000220751,0
cpi_9606.ENSP00000220763,0
cpi_9606.ENSP00000220764,0
cpi_9606.ENSP00000220772,0
cpi_9606.ENSP00000220809,0
cpi_9606.ENSP00000220822,0
cpi_9606.ENSP00000220931,0
cpi_9606.ENSP00000220940,0
cpi_9606.ENSP00000220966,0
cpi_9606.ENSP00000221130,0
cpi_9606.ENSP00000221496,0
cpi_9606.ENSP00000221543,0
cpi_9606.ENSP00000220420,0
cpi_9606.ENSP00000222266,0
cpi_9606.ENSP00000222157,0
cpi_9606.ENSP00000222214,0
cpi_9606.ENSP00000222219,0
cpi_9606.ENSP00000222247,0
cpi_9606.ENSP00000222248,0
cpi_9606.ENSP00000222254,0
cpi_9606.ENSP00000222256,0
cpi_9606.ENSP00000222270,0
cpi_9606.ENSP00000221566,0
cpi_9606.ENSP00000222271,0
cpi_9606.ENSP00000222286,0
cpi_9606.ENSP00000222304,0
cpi_9606.ENSP00000222305,0
cpi_9606.ENSP00000222308,0
cpi_9606.ENSP00000222330,0
cpi_9606.ENSP00000222381,0
cpi_9606.ENSP00000222145,0
cpi_9606.ENSP00000222139,0
cpi_9606.ENSP00000222125,0
cpi_9606.ENSP00000222120,0
cpi_9606.ENSP00000221700,0
cpi_9606.ENSP00000221740,0
cpi_9606.ENSP00000221742,0
cpi_9606.ENSP00000221801,0
cpi_9606.ENSP00000221855,0
cpi_9606.ENSP00000221859,0
cpi_9606.ENSP00000221891,0
cpi_9606.ENSP00000221930,0
cpi_9606.ENSP00000221972,0
cpi_9606.ENSP00000221980,0
cpi_9606.ENSP00000221996,0
cpi_9606.ENSP00000222002,0
cpi_9606.ENSP00000222005,0
cpi_9606.ENSP00000222008,0
cpi_9606.ENSP00000222115,0
cpi_9606.ENSP00000220496,0
cpi_9606.ENSP00000220325,0
cpi_9606.ENSP00000222388,0
cpi_9606.ENSP00000218548,0
cpi_9606.ENSP00000218104,0
cpi_9606.ENSP00000218176,0
cpi_9606.ENSP00000218197,0
cpi_9606.ENSP00000218249,0
cpi_9606.ENSP00000218316,0
cpi_9606.ENSP00000218388,0
cpi_9606.ENSP00000218516,0
cpi_9606.ENSP00000218721,0
cpi_9606.ENSP00000219207,0
cpi_9606.ENSP00000218758,0
cpi_9606.ENSP00000218867,0
cpi_9606.ENSP00000219054,0
cpi_9606.ENSP00000219066,0
cpi_9606.ENSP00000219070,0
cpi_9606.ENSP00000219097,0
cpi_9606.ENSP00000219150,0
cpi_9606.ENSP00000218099,0
cpi_9606.ENSP00000218089,0
cpi_9606.ENSP00000218075,0
cpi_9606.ENSP00000218032,0
cpi_9606.ENSP00000217420,0
cpi_9606.ENSP00000217426,0
cpi_9606.ENSP00000217455,0
cpi_9606.ENSP00000217456,0
cpi_9606.ENSP00000217515,0
cpi_9606.ENSP00000217652,0
cpi_9606.ENSP00000217893,0
cpi_9606.ENSP00000217901,0
cpi_9606.ENSP00000217939,0
cpi_9606.ENSP00000217958,0
cpi_9606.ENSP00000217961,0
cpi_9606.ENSP00000217964,0
cpi_9606.ENSP00000217971,0
cpi_9606.ENSP00000218006,0
cpi_9606.ENSP00000218008,0
cpi_9606.ENSP00000219169,0
cpi_9606.ENSP00000219235,0
cpi_9606.ENSP00000220166,0
cpi_9606.ENSP00000219746,0
cpi_9606.ENSP00000219548,0
cpi_9606.ENSP00000219551,0
cpi_9606.ENSP00000219596,0
cpi_9606.ENSP00000219599,0
cpi_9606.ENSP00000219611,0
cpi_9606.ENSP00000219660,0
cpi_9606.ENSP00000219700,0
cpi_9606.ENSP00000219782,0
cpi_9606.ENSP00000219240,0
cpi_9606.ENSP00000219789,0
cpi_9606.ENSP00000219794,0
cpi_9606.ENSP00000219833,0
cpi_9606.ENSP00000219919,0
cpi_9606.ENSP00000220003,0
cpi_9606.ENSP00000220058,0
cpi_9606.ENSP00000220062,0
cpi_9606.ENSP00000219481,0
cpi_9606.ENSP00000219479,0
cpi_9606.ENSP00000219476,0
cpi_9606.ENSP00000219439,0
cpi_9606.ENSP00000219244,0
cpi_9606.ENSP00000219252,0
cpi_9606.ENSP00000219255,0
cpi_9606.ENSP00000219271,0
cpi_9606.ENSP00000219301,0
cpi_9606.ENSP00000219302,0
cpi_9606.ENSP00000219313,0
cpi_9606.ENSP00000219320,0
cpi_9606.ENSP00000219334,0
cpi_9606.ENSP00000219343,0
cpi_9606.ENSP00000219345,0
cpi_9606.ENSP00000219368,0
cpi_9606.ENSP00000219406,0
cpi_9606.ENSP00000219409,0
cpi_9606.ENSP00000219431,0
cpi_9606.ENSP00000222382,0
cpi_9606.ENSP00000222390,0
cpi_9606.ENSP00000217402,0
cpi_9606.ENSP00000226760,0
cpi_9606.ENSP00000226317,0
cpi_9606.ENSP00000226382,0
cpi_9606.ENSP00000226413,0
cpi_9606.ENSP00000226444,0
cpi_9606.ENSP00000226574,0
cpi_9606.ENSP00000226578,0
cpi_9606.ENSP00000226730,0
cpi_9606.ENSP00000226796,0
cpi_9606.ENSP00000227471,0
cpi_9606.ENSP00000226840,0
cpi_9606.ENSP00000226951,0
cpi_9606.ENSP00000227155,0
cpi_9606.ENSP00000227163,0
cpi_9606.ENSP00000227251,0
cpi_9606.ENSP00000227266,0
cpi_9606.ENSP00000227348,0
cpi_9606.ENSP00000226299,0
cpi_9606.ENSP00000226284,0
cpi_9606.ENSP00000226279,0
cpi_9606.ENSP00000226253,0
cpi_9606.ENSP00000225893,0
cpi_9606.ENSP00000225916,0
cpi_9606.ENSP00000225927,0
cpi_9606.ENSP00000225964,0
cpi_9606.ENSP00000225969,0
cpi_9606.ENSP00000225983,0
cpi_9606.ENSP00000225992,0
cpi_9606.ENSP00000226004,0
cpi_9606.ENSP00000226067,0
cpi_9606.ENSP00000226193,0
cpi_9606.ENSP00000226207,0
cpi_9606.ENSP00000226209,0
cpi_9606.ENSP00000226218,0
cpi_9606.ENSP00000226230,0
cpi_9606.ENSP00000226247,0
cpi_9606.ENSP00000227378,0
cpi_9606.ENSP00000227474,0
cpi_9606.ENSP00000225831,0
cpi_9606.ENSP00000228841,0
cpi_9606.ENSP00000228510,0
cpi_9606.ENSP00000228534,0
cpi_9606.ENSP00000228606,0
cpi_9606.ENSP00000228644,0
cpi_9606.ENSP00000228682,0
cpi_9606.ENSP00000228740,0
cpi_9606.ENSP00000228837,0
cpi_9606.ENSP00000228862,0
cpi_9606.ENSP00000227507,0
cpi_9606.ENSP00000228872,0
cpi_9606.ENSP00000228918,0
cpi_9606.ENSP00000228928,0
cpi_9606.ENSP00000228938,0
cpi_9606.ENSP00000228945,0
cpi_9606.ENSP00000229002,0
cpi_9606.ENSP00000229030,0
cpi_9606.ENSP00000228506,0
cpi_9606.ENSP00000228495,0
cpi_9606.ENSP00000228476,0
cpi_9606.ENSP00000228468,0
cpi_9606.ENSP00000227665,0
cpi_9606.ENSP00000227667,0
cpi_9606.ENSP00000227756,0
cpi_9606.ENSP00000227758,0
cpi_9606.ENSP00000227868,0
cpi_9606.ENSP00000227880,0
cpi_9606.ENSP00000228027,0
cpi_9606.ENSP00000228251,0
cpi_9606.ENSP00000228280,0
cpi_9606.ENSP00000228284,0
cpi_9606.ENSP00000228307,0
cpi_9606.ENSP00000228347,0
cpi_9606.ENSP00000228434,0
cpi_9606.ENSP00000228437,0
cpi_9606.ENSP00000228438,0
cpi_9606.ENSP00000225842,0
cpi_9606.ENSP00000225823,0
cpi_9606.ENSP00000222399,0
cpi_9606.ENSP00000223023,0
cpi_9606.ENSP00000222792,0
cpi_9606.ENSP00000222800,0
cpi_9606.ENSP00000222803,0
cpi_9606.ENSP00000222812,0
cpi_9606.ENSP00000222823,0
cpi_9606.ENSP00000222982,0
cpi_9606.ENSP00000222990,0
cpi_9606.ENSP00000223051,0
cpi_9606.ENSP00000223369,0
cpi_9606.ENSP00000223095,0
cpi_9606.ENSP00000223129,0
cpi_9606.ENSP00000223167,0
cpi_9606.ENSP00000223190,0
cpi_9606.ENSP00000223271,0
cpi_9606.ENSP00000223321,0
cpi_9606.ENSP00000223364,0
cpi_9606.ENSP00000222747,0
cpi_9606.ENSP00000222726,0
cpi_9606.ENSP00000222725,0
cpi_9606.ENSP00000222718,0
cpi_9606.ENSP00000222402,0
cpi_9606.ENSP00000222462,0
cpi_9606.ENSP00000222481,0
cpi_9606.ENSP00000222482,0
cpi_9606.ENSP00000222511,0
cpi_9606.ENSP00000222543,0
cpi_9606.ENSP00000222553,0
cpi_9606.ENSP00000222572,0
cpi_9606.ENSP00000222573,0
cpi_9606.ENSP00000222574,0
cpi_9606.ENSP00000222584,0
cpi_9606.ENSP00000222598,0
cpi_9606.ENSP00000222644,0
cpi_9606.ENSP00000222673,0
cpi_9606.ENSP00000222693,0
cpi_9606.ENSP00000223366,0
cpi_9606.ENSP00000223500,0
cpi_9606.ENSP00000225792,0
cpi_9606.ENSP00000225614,0
cpi_9606.ENSP00000225512,0
cpi_9606.ENSP00000225519,0
cpi_9606.ENSP00000225538,0
cpi_9606.ENSP00000225573,0
cpi_9606.ENSP00000225576,0
cpi_9606.ENSP00000225577,0
cpi_9606.ENSP00000225609,0
cpi_9606.ENSP00000225655,0
cpi_9606.ENSP00000223642,0
cpi_9606.ENSP00000225665,0
cpi_9606.ENSP00000225688,0
cpi_9606.ENSP00000225698,0
cpi_9606.ENSP00000225719,0
cpi_9606.ENSP00000225724,0
cpi_9606.ENSP00000225728,0
cpi_9606.ENSP00000225740,0
cpi_9606.ENSP00000225474,0
cpi_9606.ENSP00000225430,0
cpi_9606.ENSP00000225426,0
cpi_9606.ENSP00000225371,0
cpi_9606.ENSP00000223862,0
cpi_9606.ENSP00000224073,0
cpi_9606.ENSP00000224140,0
cpi_9606.ENSP00000224237,0
cpi_9606.ENSP00000224337,0
cpi_9606.ENSP00000224356,0
cpi_9606.ENSP00000224605,0
cpi_9606.ENSP00000224764,0
cpi_9606.ENSP00000224784,0
cpi_9606.ENSP00000225171,0
cpi_9606.ENSP00000225174,0
cpi_9606.ENSP00000225245,0
cpi_9606.ENSP00000225275,0
cpi_9606.ENSP00000225296,0
cpi_9606.ENSP00000225328,0
cpi_9606.ENSP00000217407,0
cpi_9606.ENSP00000217386,0
cpi_9606.ENSP00000254190,0
cpi_9606.ENSP00000166244,0
cpi_9606.ENSP00000161559,0
cpi_9606.ENSP00000161863,0
cpi_9606.ENSP00000162023,0
cpi_9606.ENSP00000162391,0
cpi_9606.ENSP00000162749,0
cpi_9606.ENSP00000164139,0
cpi_9606.ENSP00000164227,0
cpi_9606.ENSP00000166345,0
cpi_9606.ENSP00000170630,0
cpi_9606.ENSP00000166534,0
cpi_9606.ENSP00000167586,0
cpi_9606.ENSP00000167588,0
cpi_9606.ENSP00000168216,0
cpi_9606.ENSP00000168712,0
cpi_9606.ENSP00000168977,0
cpi_9606.ENSP00000169298,0
cpi_9606.ENSP00000161006,0
cpi_9606.ENSP00000160827,0
cpi_9606.ENSP00000160382,0
cpi_9606.ENSP00000160373,0
cpi_9606.ENSP00000083182,0
cpi_9606.ENSP00000084798,0
cpi_9606.ENSP00000085219,0
cpi_9606.ENSP00000155840,0
cpi_9606.ENSP00000155858,0
cpi_9606.ENSP00000155926,0
cpi_9606.ENSP00000156471,0
cpi_9606.ENSP00000156499,0
cpi_9606.ENSP00000157600,0
cpi_9606.ENSP00000157812,0
cpi_9606.ENSP00000158166,0
cpi_9606.ENSP00000158762,0
cpi_9606.ENSP00000159060,0
cpi_9606.ENSP00000159111,0
cpi_9606.ENSP00000160262,0
cpi_9606.ENSP00000170168,0
cpi_9606.ENSP00000171111,0
cpi_9606.ENSP00000078445,0
cpi_9606.ENSP00000196551,0
cpi_9606.ENSP00000186436,0
cpi_9606.ENSP00000188312,0
cpi_9606.ENSP00000188790,0
cpi_9606.ENSP00000194118,0
cpi_9606.ENSP00000194130,0
cpi_9606.ENSP00000194152,0
cpi_9606.ENSP00000196371,0
cpi_9606.ENSP00000199280,0
cpi_9606.ENSP00000171214,0
cpi_9606.ENSP00000199320,0
cpi_9606.ENSP00000199447,0
cpi_9606.ENSP00000199708,0
cpi_9606.ENSP00000199764,0
cpi_9606.ENSP00000199936,0
cpi_9606.ENSP00000200181,0
cpi_9606.ENSP00000200453,0
cpi_9606.ENSP00000182377,0
cpi_9606.ENSP00000181839,0
cpi_9606.ENSP00000181383,0
cpi_9606.ENSP00000180166,0
cpi_9606.ENSP00000171757,0
cpi_9606.ENSP00000171887,0
cpi_9606.ENSP00000172229,0
cpi_9606.ENSP00000173229,0
cpi_9606.ENSP00000173898,0
cpi_9606.ENSP00000174618,0
cpi_9606.ENSP00000175506,0
cpi_9606.ENSP00000175756,0
cpi_9606.ENSP00000176183,0
cpi_9606.ENSP00000176195,0
cpi_9606.ENSP00000176763,0
cpi_9606.ENSP00000177694,0
cpi_9606.ENSP00000178638,0
cpi_9606.ENSP00000178640,0
cpi_9606.ENSP00000179259,0
cpi_9606.ENSP00000080059,0
cpi_9606.ENSP00000078429,0
cpi_9606.ENSP00000200676,0
cpi_9606.ENSP00000008527,0
cpi_9606.ENSP00000006053,0
cpi_9606.ENSP00000007264,0
cpi_9606.ENSP00000007414,0
cpi_9606.ENSP00000007516,0
cpi_9606.ENSP00000007699,0
cpi_9606.ENSP00000007722,0
cpi_9606.ENSP00000007969,0
cpi_9606.ENSP00000009105,0
cpi_9606.ENSP00000013034,0
cpi_9606.ENSP00000009180,0
cpi_9606.ENSP00000009530,0
cpi_9606.ENSP00000010404,0
cpi_9606.ENSP00000011292,0
cpi_9606.ENSP00000011619,0
cpi_9606.ENSP00000011653,0
cpi_9606.ENSP00000012134,0
cpi_9606.ENSP00000006015,0
cpi_9606.ENSP00000005995,0
cpi_9606.ENSP00000005587,0
cpi_9606.ENSP00000005558,0
cpi_9606.ENSP00000000412,0
cpi_9606.ENSP00000000442,0
cpi_9606.ENSP00000001008,0
cpi_9606.ENSP00000001146,0
cpi_9606.ENSP00000002165,0
cpi_9606.ENSP00000002829,0
cpi_9606.ENSP00000003084,0
cpi_9606.ENSP00000003100,0
cpi_9606.ENSP00000004531,0
cpi_9606.ENSP00000004921,0
cpi_9606.ENSP00000004982,0
cpi_9606.ENSP00000005178,0
cpi_9606.ENSP00000005226,0
cpi_9606.ENSP00000005257,0
cpi_9606.ENSP00000005386,0
cpi_9606.ENSP00000012443,0
cpi_9606.ENSP00000013125,0
cpi_9606.ENSP00000075503,0
cpi_9606.ENSP00000054668,0
cpi_9606.ENSP00000046794,0
cpi_9606.ENSP00000052754,0
cpi_9606.ENSP00000053243,0
cpi_9606.ENSP00000053468,0
cpi_9606.ENSP00000053469,0
cpi_9606.ENSP00000053867,0
cpi_9606.ENSP00000054666,0
cpi_9606.ENSP00000055077,0
cpi_9606.ENSP00000013807,0
cpi_9606.ENSP00000056233,0
cpi_9606.ENSP00000061240,0
cpi_9606.ENSP00000070846,0
cpi_9606.ENSP00000071281,0
cpi_9606.ENSP00000072869,0
cpi_9606.ENSP00000074304,0
cpi_9606.ENSP00000075120,0
cpi_9606.ENSP00000044462,0
cpi_9606.ENSP00000043402,0
cpi_9606.ENSP00000042931,0
cpi_9606.ENSP00000040663,0
cpi_9606.ENSP00000014930,0
cpi_9606.ENSP00000014935,0
cpi_9606.ENSP00000016171,0
cpi_9606.ENSP00000017003,0
cpi_9606.ENSP00000019103,0
cpi_9606.ENSP00000020945,0
cpi_9606.ENSP00000023064,0
cpi_9606.ENSP00000023897,0
cpi_9606.ENSP00000024061,0
cpi_9606.ENSP00000025008,0
cpi_9606.ENSP00000027335,0
cpi_9606.ENSP00000035383,0
cpi_9606.ENSP00000037243,0
cpi_9606.ENSP00000037502,0
cpi_9606.ENSP00000039007,0
cpi_9606.ENSP00000200652,0
cpi_9606.ENSP00000201031,0
cpi_9606.ENSP00000217372,0
cpi_9606.ENSP00000216341,0
cpi_9606.ENSP00000216271,0
cpi_9606.ENSP00000216274,0
cpi_9606.ENSP00000216277,0
cpi_9606.ENSP00000216297,0
cpi_9606.ENSP00000216330,0
cpi_9606.ENSP00000216336,0
cpi_9606.ENSP00000216338,0
cpi_9606.ENSP00000216361,0
cpi_9606.ENSP00000216484,0
cpi_9606.ENSP00000216367,0
cpi_9606.ENSP00000216373,0
cpi_9606.ENSP00000216392,0
cpi_9606.ENSP00000216410,0
cpi_9606.ENSP00000216442,0
cpi_9606.ENSP00000216455,0
cpi_9606.ENSP00000216465,0
cpi_9606.ENSP00000216267,0
cpi_9606.ENSP00000216264,0
cpi_9606.ENSP00000216259,0
cpi_9606.ENSP00000216254,0
cpi_9606.ENSP00000216127,0
cpi_9606.ENSP00000216133,0
cpi_9606.ENSP00000216139,0
cpi_9606.ENSP00000216144,0
cpi_9606.ENSP00000216160,0
cpi_9606.ENSP00000216180,0
cpi_9606.ENSP00000216181,0
cpi_9606.ENSP00000216185,0
cpi_9606.ENSP00000216187,0
cpi_9606.ENSP00000216194,0
cpi_9606.ENSP00000216200,0
cpi_9606.ENSP00000216218,0
cpi_9606.ENSP00000216223,0
cpi_9606.ENSP00000216225,0
cpi_9606.ENSP00000216241,0
cpi_9606.ENSP00000216479,0
cpi_9606.ENSP00000216489,0
cpi_9606.ENSP00000216122,0
cpi_9606.ENSP00000217169,0
cpi_9606.ENSP00000217026,0
cpi_9606.ENSP00000217043,0
cpi_9606.ENSP00000217073,0
cpi_9606.ENSP00000217086,0
cpi_9606.ENSP00000217131,0
cpi_9606.ENSP00000217133,0
cpi_9606.ENSP00000217159,0
cpi_9606.ENSP00000217182,0
cpi_9606.ENSP00000216492,0
cpi_9606.ENSP00000217185,0
cpi_9606.ENSP00000217188,0
cpi_9606.ENSP00000217233,0
cpi_9606.ENSP00000217244,0
cpi_9606.ENSP00000217260,0
cpi_9606.ENSP00000217270,0
cpi_9606.ENSP00000217305,0
cpi_9606.ENSP00000216968,0
cpi_9606.ENSP00000216962,0
cpi_9606.ENSP00000216951,0
cpi_9606.ENSP00000216923,0
cpi_9606.ENSP00000216500,0
cpi_9606.ENSP00000216540,0
cpi_9606.ENSP00000216554,0
cpi_9606.ENSP00000216629,0
cpi_9606.ENSP00000216639,0
cpi_9606.ENSP00000216714,0
cpi_9606.ENSP00000216727,0
cpi_9606.ENSP00000216733,0
cpi_9606.ENSP00000216774,0
cpi_9606.ENSP00000216780,0
cpi_9606.ENSP00000216797,0
cpi_9606.ENSP00000216832,0
cpi_9606.ENSP00000216840,0
cpi_9606.ENSP00000216862,0
cpi_9606.ENSP00000216911,0
cpi_9606.ENSP00000216124,0
cpi_9606.ENSP00000216117,0
cpi_9606.ENSP00000201586,0
cpi_9606.ENSP00000209929,0
cpi_9606.ENSP00000206765,0
cpi_9606.ENSP00000207437,0
cpi_9606.ENSP00000207870,0
cpi_9606.ENSP00000209668,0
cpi_9606.ENSP00000209728,0
cpi_9606.ENSP00000209875,0
cpi_9606.ENSP00000209884,0
cpi_9606.ENSP00000210060,0
cpi_9606.ENSP00000215057,0
cpi_9606.ENSP00000210313,0
cpi_9606.ENSP00000210444,0
cpi_9606.ENSP00000211076,0
cpi_9606.ENSP00000211122,0
cpi_9606.ENSP00000211287,0
cpi_9606.ENSP00000211998,0
cpi_9606.ENSP00000212015,0
cpi_9606.ENSP00000206542,0
cpi_9606.ENSP00000206262,0
cpi_9606.ENSP00000206249,0
cpi_9606.ENSP00000205948,0
cpi_9606.ENSP00000201979,0
cpi_9606.ENSP00000202773,0
cpi_9606.ENSP00000202788,0
cpi_9606.ENSP00000202831,0
cpi_9606.ENSP00000202967,0
cpi_9606.ENSP00000203407,0
cpi_9606.ENSP00000204517,0
cpi_9606.ENSP00000204566,0
cpi_9606.ENSP00000204604,0
cpi_9606.ENSP00000204615,0
cpi_9606.ENSP00000205061,0
cpi_9606.ENSP00000205214,0
cpi_9606.ENSP00000205402,0
cpi_9606.ENSP00000205557,0
cpi_9606.ENSP00000205890,0
cpi_9606.ENSP00000212355,0
cpi_9606.ENSP00000215071,0
cpi_9606.ENSP00000216115,0
cpi_9606.ENSP00000215956,0
cpi_9606.ENSP00000215832,0
cpi_9606.ENSP00000215838,0
cpi_9606.ENSP00000215882,0
cpi_9606.ENSP00000215886,0
cpi_9606.ENSP00000215904,0
cpi_9606.ENSP00000215909,0
cpi_9606.ENSP00000215941,0
cpi_9606.ENSP00000215957,0
cpi_9606.ENSP00000215095,0
cpi_9606.ENSP00000216024,0
cpi_9606.ENSP00000216027,0
cpi_9606.ENSP00000216037,0
cpi_9606.ENSP00000216038,0
cpi_9606.ENSP00000216044,0
cpi_9606.ENSP00000216075,0
cpi_9606.ENSP00000216101,0
cpi_9606.ENSP00000215829,0
cpi_9606.ENSP00000215812,0
cpi_9606.ENSP00000215781,0
cpi_9606.ENSP00000215780,0
cpi_9606.ENSP00000215375,0
cpi_9606.ENSP00000215530,0
cpi_9606.ENSP00000215555,0
cpi_9606.ENSP00000215567,0
cpi_9606.ENSP00000215574,0
cpi_9606.ENSP00000215587,0
cpi_9606.ENSP00000215591,0
cpi_9606.ENSP00000215631,0
cpi_9606.ENSP00000215637,0
cpi_9606.ENSP00000215659,0
cpi_9606.ENSP00000215727,0
cpi_9606.ENSP00000215730,0
cpi_9606.ENSP00000215743,0
cpi_9606.ENSP00000215754,0
cpi_9606.ENSP00000215773,0
cpi_9606.ENSP00000229135,0
cpi_9606.ENSP00000229179,0
cpi_9606.ENSP00000229195,0
cpi_9606.ENSP00000248114,0
cpi_9606.ENSP00000247933,0
cpi_9606.ENSP00000247970,0
cpi_9606.ENSP00000247986,0
cpi_9606.ENSP00000247992,0
cpi_9606.ENSP00000248041,0
cpi_9606.ENSP00000248071,0
cpi_9606.ENSP00000248076,0
cpi_9606.ENSP00000248139,0
cpi_9606.ENSP00000248594,0
cpi_9606.ENSP00000248272,0
cpi_9606.ENSP00000248437,0
cpi_9606.ENSP00000248444,0
cpi_9606.ENSP00000248450,0
cpi_9606.ENSP00000248553,0
cpi_9606.ENSP00000248564,0
cpi_9606.ENSP00000248566,0
cpi_9606.ENSP00000247883,0
cpi_9606.ENSP00000247881,0
cpi_9606.ENSP00000247879,0
cpi_9606.ENSP00000247843,0
cpi_9606.ENSP00000247161,0
cpi_9606.ENSP00000247170,0
cpi_9606.ENSP00000247182,0
cpi_9606.ENSP00000247191,0
cpi_9606.ENSP00000247194,0
cpi_9606.ENSP00000247207,0
cpi_9606.ENSP00000247219,0
cpi_9606.ENSP00000247225,0
cpi_9606.ENSP00000247271,0
cpi_9606.ENSP00000247461,0
cpi_9606.ENSP00000247470,0
cpi_9606.ENSP00000247584,0
cpi_9606.ENSP00000247655,0
cpi_9606.ENSP00000247668,0
cpi_9606.ENSP00000247815,0
cpi_9606.ENSP00000248572,0
cpi_9606.ENSP00000248598,0
cpi_9606.ENSP00000247138,0
cpi_9606.ENSP00000249647,0
cpi_9606.ENSP00000249363,0
cpi_9606.ENSP00000249373,0
cpi_9606.ENSP00000249389,0
cpi_9606.ENSP00000249396,0
cpi_9606.ENSP00000249440,0
cpi_9606.ENSP00000249598,0
cpi_9606.ENSP00000249636,0
cpi_9606.ENSP00000249749,0
cpi_9606.ENSP00000248600,0
cpi_9606.ENSP00000249750,0
cpi_9606.ENSP00000249842,0
cpi_9606.ENSP00000249883,0
cpi_9606.ENSP00000249910,0
cpi_9606.ENSP00000249923,0
cpi_9606.ENSP00000250003,0
cpi_9606.ENSP00000250018,0
cpi_9606.ENSP00000249356,0
cpi_9606.ENSP00000249344,0
cpi_9606.ENSP00000249330,0
cpi_9606.ENSP00000249284,0
cpi_9606.ENSP00000248633,0
cpi_9606.ENSP00000248668,0
cpi_9606.ENSP00000248673,0
cpi_9606.ENSP00000248706,0
cpi_9606.ENSP00000248901,0
cpi_9606.ENSP00000248923,0
cpi_9606.ENSP00000248935,0
cpi_9606.ENSP00000248975,0
cpi_9606.ENSP00000248996,0
cpi_9606.ENSP00000249016,0
cpi_9606.ENSP00000249041,0
cpi_9606.ENSP00000249042,0
cpi_9606.ENSP00000249071,0
cpi_9606.ENSP00000249075,0
cpi_9606.ENSP00000249269,0
cpi_9606.ENSP00000247153,0
cpi_9606.ENSP00000247005,0
cpi_9606.ENSP00000250066,0
cpi_9606.ENSP00000245323,0
cpi_9606.ENSP00000245157,0
cpi_9606.ENSP00000245185,0
cpi_9606.ENSP00000245206,0
cpi_9606.ENSP00000245222,0
cpi_9606.ENSP00000245255,0
cpi_9606.ENSP00000245304,0
cpi_9606.ENSP00000245312,0
cpi_9606.ENSP00000245407,0
cpi_9606.ENSP00000245552,0
cpi_9606.ENSP00000245414,0
cpi_9606.ENSP00000245451,0
cpi_9606.ENSP00000245457,0
cpi_9606.ENSP00000245479,0
cpi_9606.ENSP00000245503,0
cpi_9606.ENSP00000245539,0
cpi_9606.ENSP00000245541,0
cpi_9606.ENSP00000245046,0
cpi_9606.ENSP00000244869,0
cpi_9606.ENSP00000244769,0
cpi_9606.ENSP00000244766,0
cpi_9606.ENSP00000244137,0
cpi_9606.ENSP00000244217,0
cpi_9606.ENSP00000244289,0
cpi_9606.ENSP00000244364,0
cpi_9606.ENSP00000244458,0
cpi_9606.ENSP00000244527,0
cpi_9606.ENSP00000244534,0
cpi_9606.ENSP00000244537,0
cpi_9606.ENSP00000244571,0
cpi_9606.ENSP00000244573,0
cpi_9606.ENSP00000244601,0
cpi_9606.ENSP00000244661,0
cpi_9606.ENSP00000244711,0
cpi_9606.ENSP00000244741,0
cpi_9606.ENSP00000244745,0
cpi_9606.ENSP00000245544,0
cpi_9606.ENSP00000245680,0
cpi_9606.ENSP00000247003,0
cpi_9606.ENSP00000246672,0
cpi_9606.ENSP00000246529,0
cpi_9606.ENSP00000246533,0
cpi_9606.ENSP00000246548,0
cpi_9606.ENSP00000246549,0
cpi_9606.ENSP00000246553,0
cpi_9606.ENSP00000246554,0
cpi_9606.ENSP00000246657,0
cpi_9606.ENSP00000246792,0
cpi_9606.ENSP00000245787,0
cpi_9606.ENSP00000246841,0
cpi_9606.ENSP00000246868,0
cpi_9606.ENSP00000246912,0
cpi_9606.ENSP00000246914,0
cpi_9606.ENSP00000246949,0
cpi_9606.ENSP00000246957,0
cpi_9606.ENSP00000247001,0
cpi_9606.ENSP00000246337,0
cpi_9606.ENSP00000246229,0
cpi_9606.ENSP00000246194,0
cpi_9606.ENSP00000246186,0
cpi_9606.ENSP00000245812,0
cpi_9606.ENSP00000245816,0
cpi_9606.ENSP00000245817,0
cpi_9606.ENSP00000245903,0
cpi_9606.ENSP00000245907,0
cpi_9606.ENSP00000245919,0
cpi_9606.ENSP00000245923,0
cpi_9606.ENSP00000245932,0
cpi_9606.ENSP00000245934,0
cpi_9606.ENSP00000245960,0
cpi_9606.ENSP00000245983,0
cpi_9606.ENSP00000246062,0
cpi_9606.ENSP00000246069,0
cpi_9606.ENSP00000246115,0
cpi_9606.ENSP00000246166,0
cpi_9606.ENSP00000250024,0
cpi_9606.ENSP00000250076,0
cpi_9606.ENSP00000229239,0
cpi_9606.ENSP00000252971,0
cpi_9606.ENSP00000252809,0
cpi_9606.ENSP00000252818,0
cpi_9606.ENSP00000252825,0
cpi_9606.ENSP00000252826,0
cpi_9606.ENSP00000252891,0
cpi_9606.ENSP00000252945,0
cpi_9606.ENSP00000252951,0
cpi_9606.ENSP00000252979,0
cpi_9606.ENSP00000253099,0
cpi_9606.ENSP00000252997,0
cpi_9606.ENSP00000252999,0
cpi_9606.ENSP00000253003,0
cpi_9606.ENSP00000253004,0
cpi_9606.ENSP00000253024,0
cpi_9606.ENSP00000253039,0
cpi_9606.ENSP00000253055,0
cpi_9606.ENSP00000252804,0
cpi_9606.ENSP00000252785,0
cpi_9606.ENSP00000252725,0
cpi_9606.ENSP00000252723,0
cpi_9606.ENSP00000252505,0
cpi_9606.ENSP00000252506,0
cpi_9606.ENSP00000252512,0
cpi_9606.ENSP00000252519,0
cpi_9606.ENSP00000252543,0
cpi_9606.ENSP00000252575,0
cpi_9606.ENSP00000252593,0
cpi_9606.ENSP00000252595,0
cpi_9606.ENSP00000252602,0
cpi_9606.ENSP00000252603,0
cpi_9606.ENSP00000252660,0
cpi_9606.ENSP00000252669,0
cpi_9606.ENSP00000252674,0
cpi_9606.ENSP00000252677,0
cpi_9606.ENSP00000252699,0
cpi_9606.ENSP00000253063,0
cpi_9606.ENSP00000253122,0
cpi_9606.ENSP00000252487,0
cpi_9606.ENSP00000253856,0
cpi_9606.ENSP00000253754,0
cpi_9606.ENSP00000253778,0
cpi_9606.ENSP00000253788,0
cpi_9606.ENSP00000253792,0
cpi_9606.ENSP00000253794,0
cpi_9606.ENSP00000253799,0
cpi_9606.ENSP00000253801,0
cpi_9606.ENSP00000254035,0
cpi_9606.ENSP00000253188,0
cpi_9606.ENSP00000254043,0
cpi_9606.ENSP00000254066,0
cpi_9606.ENSP00000254079,0
cpi_9606.ENSP00000254090,0
cpi_9606.ENSP00000254101,0
cpi_9606.ENSP00000254108,0
cpi_9606.ENSP00000254122,0
cpi_9606.ENSP00000253727,0
cpi_9606.ENSP00000253719,0
cpi_9606.ENSP00000253693,0
cpi_9606.ENSP00000253673,0
cpi_9606.ENSP00000253233,0
cpi_9606.ENSP00000253270,0
cpi_9606.ENSP00000253303,0
cpi_9606.ENSP00000253329,0
cpi_9606.ENSP00000253332,0
cpi_9606.ENSP00000253339,0
cpi_9606.ENSP00000253363,0
cpi_9606.ENSP00000253382,0
cpi_9606.ENSP00000253401,0
cpi_9606.ENSP00000253408,0
cpi_9606.ENSP00000253452,0
cpi_9606.ENSP00000253462,0
cpi_9606.ENSP00000253496,0
cpi_9606.ENSP00000253571,0
cpi_9606.ENSP00000253577,0
cpi_9606.ENSP00000252491,0
cpi_9606.ENSP00000252486,0
cpi_9606.ENSP00000250092,0
cpi_9606.ENSP00000250937,0
cpi_9606.ENSP00000250615,0
cpi_9606.ENSP00000250699,0
cpi_9606.ENSP00000250784,0
cpi_9606.ENSP00000250838,0
cpi_9606.ENSP00000250863,0
cpi_9606.ENSP00000250896,0
cpi_9606.ENSP00000250916,0
cpi_9606.ENSP00000250971,0
cpi_9606.ENSP00000251241,0
cpi_9606.ENSP00000250974,0
cpi_9606.ENSP00000251020,0
cpi_9606.ENSP00000251047,0
cpi_9606.ENSP00000251089,0
cpi_9606.ENSP00000251102,0
cpi_9606.ENSP00000251127,0
cpi_9606.ENSP00000251170,0
cpi_9606.ENSP00000250559,0
cpi_9606.ENSP00000250498,0
cpi_9606.ENSP00000250495,0
cpi_9606.ENSP00000250457,0
cpi_9606.ENSP00000250111,0
cpi_9606.ENSP00000250144,0
cpi_9606.ENSP00000250151,0
cpi_9606.ENSP00000250156,0
cpi_9606.ENSP00000250173,0
cpi_9606.ENSP00000250237,0
cpi_9606.ENSP00000250244,0
cpi_9606.ENSP00000250263,0
cpi_9606.ENSP00000250340,0
cpi_9606.ENSP00000250351,0
cpi_9606.ENSP00000250366,0
cpi_9606.ENSP00000250378,0
cpi_9606.ENSP00000250405,0
cpi_9606.ENSP00000250416,0
cpi_9606.ENSP00000250448,0
cpi_9606.ENSP00000251203,0
cpi_9606.ENSP00000251287,0
cpi_9606.ENSP00000252483,0
cpi_9606.ENSP00000252037,0
cpi_9606.ENSP00000251810,0
cpi_9606.ENSP00000251849,0
cpi_9606.ENSP00000251968,0
cpi_9606.ENSP00000251973,0
cpi_9606.ENSP00000252011,0
cpi_9606.ENSP00000252029,0
cpi_9606.ENSP00000252034,0
cpi_9606.ENSP00000252071,0
cpi_9606.ENSP00000251312,0
cpi_9606.ENSP00000252136,0
cpi_9606.ENSP00000252172,0
cpi_9606.ENSP00000252211,0
cpi_9606.ENSP00000252242,0
cpi_9606.ENSP00000252244,0
cpi_9606.ENSP00000252321,0
cpi_9606.ENSP00000252455,0
cpi_9606.ENSP00000251809,0
cpi_9606.ENSP00000251642,0
cpi_9606.ENSP00000251636,0
cpi_9606.ENSP00000251630,0
cpi_9606.ENSP00000251337,0
cpi_9606.ENSP00000251363,0
cpi_9606.ENSP00000251412,0
cpi_9606.ENSP00000251413,0
cpi_9606.ENSP00000251453,0
cpi_9606.ENSP00000251472,0
cpi_9606.ENSP00000251473,0
cpi_9606.ENSP00000251496,0
cpi_9606.ENSP00000251507,0
cpi_9606.ENSP00000251535,0
cpi_9606.ENSP00000251566,0
cpi_9606.ENSP00000251582,0
cpi_9606.ENSP00000251588,0
cpi_9606.ENSP00000251595,0
cpi_9606.ENSP00000251607,0
cpi_9606.ENSP00000244051,0
cpi_9606.ENSP00000244050,0
cpi_9606.ENSP00000244043,0
cpi_9606.ENSP00000233336,0
cpi_9606.ENSP00000233057,0
cpi_9606.ENSP00000233084,0
cpi_9606.ENSP00000233143,0
cpi_9606.ENSP00000233146,0
cpi_9606.ENSP00000233156,0
cpi_9606.ENSP00000233202,0
cpi_9606.ENSP00000233242,0
cpi_9606.ENSP00000233379,0
cpi_9606.ENSP00000233710,0
cpi_9606.ENSP00000233535,0
cpi_9606.ENSP00000233545,0
cpi_9606.ENSP00000233607,0
cpi_9606.ENSP00000233616,0
cpi_9606.ENSP00000233623,0
cpi_9606.ENSP00000233627,0
cpi_9606.ENSP00000233630,0
cpi_9606.ENSP00000233027,0
cpi_9606.ENSP00000232978,0
cpi_9606.ENSP00000232975,0
cpi_9606.ENSP00000232905,0
cpi_9606.ENSP00000231887,0
cpi_9606.ENSP00000231948,0
cpi_9606.ENSP00000232003,0
cpi_9606.ENSP00000232014,0
cpi_9606.ENSP00000232217,0
cpi_9606.ENSP00000232219,0
cpi_9606.ENSP00000232375,0
cpi_9606.ENSP00000232424,0
cpi_9606.ENSP00000232458,0
cpi_9606.ENSP00000232461,0
cpi_9606.ENSP00000232564,0
cpi_9606.ENSP00000232607,0
cpi_9606.ENSP00000232854,0
cpi_9606.ENSP00000232888,0
cpi_9606.ENSP00000232892,0
cpi_9606.ENSP00000233638,0
cpi_9606.ENSP00000233735,0
cpi_9606.ENSP00000231751,0
cpi_9606.ENSP00000234420,0
cpi_9606.ENSP00000234256,0
cpi_9606.ENSP00000234310,0
cpi_9606.ENSP00000234313,0
cpi_9606.ENSP00000234347,0
cpi_9606.ENSP00000234371,0
cpi_9606.ENSP00000234389,0
cpi_9606.ENSP00000234396,0
cpi_9606.ENSP00000234454,0
cpi_9606.ENSP00000233809,0
cpi_9606.ENSP00000234488,0
cpi_9606.ENSP00000234590,0
cpi_9606.ENSP00000234626,0
cpi_9606.ENSP00000234677,0
cpi_9606.ENSP00000234798,0
cpi_9606.ENSP00000234961,0
cpi_9606.ENSP00000235329,0
cpi_9606.ENSP00000234198,0
cpi_9606.ENSP00000234179,0
cpi_9606.ENSP00000234170,0
cpi_9606.ENSP00000234142,0
cpi_9606.ENSP00000233813,0
cpi_9606.ENSP00000233826,0
cpi_9606.ENSP00000233838,0
cpi_9606.ENSP00000233840,0
cpi_9606.ENSP00000233893,0
cpi_9606.ENSP00000233944,0
cpi_9606.ENSP00000233946,0
cpi_9606.ENSP00000233948,0
cpi_9606.ENSP00000233969,0
cpi_9606.ENSP00000233997,0
cpi_9606.ENSP00000234038,0
cpi_9606.ENSP00000234040,0
cpi_9606.ENSP00000234071,0
cpi_9606.ENSP00000234091,0
cpi_9606.ENSP00000234111,0
cpi_9606.ENSP00000231790,0
cpi_9606.ENSP00000231721,0
cpi_9606.ENSP00000244040,0
cpi_9606.ENSP00000229955,0
cpi_9606.ENSP00000229758,0
cpi_9606.ENSP00000229769,0
cpi_9606.ENSP00000229794,0
cpi_9606.ENSP00000229812,0
cpi_9606.ENSP00000229824,0
cpi_9606.ENSP00000229854,0
cpi_9606.ENSP00000229922,0
cpi_9606.ENSP00000229971,0
cpi_9606.ENSP00000230323,0
cpi_9606.ENSP00000230036,0
cpi_9606.ENSP00000230048,0
cpi_9606.ENSP00000230050,0
cpi_9606.ENSP00000230053,0
cpi_9606.ENSP00000230056,0
cpi_9606.ENSP00000230099,0
cpi_9606.ENSP00000230122,0
cpi_9606.ENSP00000229729,0
cpi_9606.ENSP00000229595,0
cpi_9606.ENSP00000229447,0
cpi_9606.ENSP00000229416,0
cpi_9606.ENSP00000229264,0
cpi_9606.ENSP00000229266,0
cpi_9606.ENSP00000229268,0
cpi_9606.ENSP00000229270,0
cpi_9606.ENSP00000229277,0
cpi_9606.ENSP00000229304,0
cpi_9606.ENSP00000229307,0
cpi_9606.ENSP00000229319,0
cpi_9606.ENSP00000229328,0
cpi_9606.ENSP00000229329,0
cpi_9606.ENSP00000229332,0
cpi_9606.ENSP00000229335,0
cpi_9606.ENSP00000229379,0
cpi_9606.ENSP00000229390,0
cpi_9606.ENSP00000229402,0
cpi_9606.ENSP00000230124,0
cpi_9606.ENSP00000230340,0
cpi_9606.ENSP00000231706,0
cpi_9606.ENSP00000231449,0
cpi_9606.ENSP00000231121,0
cpi_9606.ENSP00000231134,0
cpi_9606.ENSP00000231188,0
cpi_9606.ENSP00000231228,0
cpi_9606.ENSP00000231357,0
cpi_9606.ENSP00000231368,0
cpi_9606.ENSP00000231420,0
cpi_9606.ENSP00000231454,0
cpi_9606.ENSP00000230354,0
cpi_9606.ENSP00000231461,0
cpi_9606.ENSP00000231487,0
cpi_9606.ENSP00000231498,0
cpi_9606.ENSP00000231509,0
cpi_9606.ENSP00000231524,0
cpi_9606.ENSP00000231572,0
cpi_9606.ENSP00000231656,0
cpi_9606.ENSP00000231061,0
cpi_9606.ENSP00000231009,0
cpi_9606.ENSP00000231004,0
cpi_9606.ENSP00000230990,0
cpi_9606.ENSP00000230361,0
cpi_9606.ENSP00000230381,0
cpi_9606.ENSP00000230419,0
cpi_9606.ENSP00000230431,0
cpi_9606.ENSP00000230449,0
cpi_9606.ENSP00000230565,0
cpi_9606.ENSP00000230640,0
cpi_9606.ENSP00000230658,0
cpi_9606.ENSP00000230671,0
cpi_9606.ENSP00000230732,0
cpi_9606.ENSP00000230771,0
cpi_9606.ENSP00000230792,0
cpi_9606.ENSP00000230859,0
cpi_9606.ENSP00000230882,0
cpi_9606.ENSP00000230895,0
cpi_9606.ENSP00000235345,0
cpi_9606.ENSP00000235372,0
cpi_9606.ENSP00000235382,0
cpi_9606.ENSP00000242208,0
cpi_9606.ENSP00000241651,0
cpi_9606.ENSP00000242057,0
cpi_9606.ENSP00000242067,0
cpi_9606.ENSP00000242104,0
cpi_9606.ENSP00000242108,0
cpi_9606.ENSP00000242152,0
cpi_9606.ENSP00000242159,0
cpi_9606.ENSP00000242209,0
cpi_9606.ENSP00000242480,0
cpi_9606.ENSP00000242210,0
cpi_9606.ENSP00000242248,0
cpi_9606.ENSP00000242257,0
cpi_9606.ENSP00000242261,0
cpi_9606.ENSP00000242351,0
cpi_9606.ENSP00000242375,0
cpi_9606.ENSP00000242462,0
cpi_9606.ENSP00000241600,0
cpi_9606.ENSP00000241463,0
cpi_9606.ENSP00000241453,0
cpi_9606.ENSP00000241436,0
cpi_9606.ENSP00000240652,0
cpi_9606.ENSP00000240662,0
cpi_9606.ENSP00000240687,0
cpi_9606.ENSP00000240691,0
cpi_9606.ENSP00000240851,0
cpi_9606.ENSP00000240874,0
cpi_9606.ENSP00000240922,0
cpi_9606.ENSP00000241014,0
cpi_9606.ENSP00000241052,0
cpi_9606.ENSP00000241124,0
cpi_9606.ENSP00000241256,0
cpi_9606.ENSP00000241261,0
cpi_9606.ENSP00000241312,0
cpi_9606.ENSP00000241337,0
cpi_9606.ENSP00000241416,0
cpi_9606.ENSP00000242465,0
cpi_9606.ENSP00000242576,0
cpi_9606.ENSP00000235521,0
cpi_9606.ENSP00000243776,0
cpi_9606.ENSP00000243349,0
cpi_9606.ENSP00000243389,0
cpi_9606.ENSP00000243440,0
cpi_9606.ENSP00000243457,0
cpi_9606.ENSP00000243563,0
cpi_9606.ENSP00000243611,0
cpi_9606.ENSP00000243673,0
cpi_9606.ENSP00000243786,0
cpi_9606.ENSP00000242577,0
cpi_9606.ENSP00000243896,0
cpi_9606.ENSP00000243911,0
cpi_9606.ENSP00000243914,0
cpi_9606.ENSP00000243924,0
cpi_9606.ENSP00000243997,0
cpi_9606.ENSP00000244007,0
cpi_9606.ENSP00000244020,0
cpi_9606.ENSP00000243347,0
cpi_9606.ENSP00000243344,0
cpi_9606.ENSP00000243326,0
cpi_9606.ENSP00000243298,0
cpi_9606.ENSP00000242592,0
cpi_9606.ENSP00000242607,0
cpi_9606.ENSP00000242719,0
cpi_9606.ENSP00000242776,0
cpi_9606.ENSP00000242786,0
cpi_9606.ENSP00000242810,0
cpi_9606.ENSP00000242827,0
cpi_9606.ENSP00000242839,0
cpi_9606.ENSP00000242872,0
cpi_9606.ENSP00000243052,0
cpi_9606.ENSP00000243077,0
cpi_9606.ENSP00000243167,0
cpi_9606.ENSP00000243213,0
cpi_9606.ENSP00000243222,0
cpi_9606.ENSP00000243253,0
cpi_9606.ENSP00000240619,0
cpi_9606.ENSP00000240618,0
cpi_9606.ENSP00000240617,0
cpi_9606.ENSP00000238018,0
cpi_9606.ENSP00000237527,0
cpi_9606.ENSP00000237596,0
cpi_9606.ENSP00000237612,0
cpi_9606.ENSP00000237654,0
cpi_9606.ENSP00000237837,0
cpi_9606.ENSP00000237858,0
cpi_9606.ENSP00000237937,0
cpi_9606.ENSP00000238081,0
cpi_9606.ENSP00000240615,0
cpi_9606.ENSP00000238112,0
cpi_9606.ENSP00000238341,0
cpi_9606.ENSP00000238379,0
cpi_9606.ENSP00000238508,0
cpi_9606.ENSP00000238558,0
cpi_9606.ENSP00000238561,0
cpi_9606.ENSP00000238616,0
cpi_9606.ENSP00000237500,0
cpi_9606.ENSP00000237455,0
cpi_9606.ENSP00000237289,0
cpi_9606.ENSP00000237283,0
cpi_9606.ENSP00000235628,0
cpi_9606.ENSP00000235835,0
cpi_9606.ENSP00000236137,0
cpi_9606.ENSP00000236147,0
cpi_9606.ENSP00000236166,0
cpi_9606.ENSP00000236192,0
cpi_9606.ENSP00000236495,0
cpi_9606.ENSP00000236671,0
cpi_9606.ENSP00000236826,0
cpi_9606.ENSP00000236850,0
cpi_9606.ENSP00000236877,0
cpi_9606.ENSP00000236957,0
cpi_9606.ENSP00000236959,0
cpi_9606.ENSP00000237014,0
cpi_9606.ENSP00000237264,0
cpi_9606.ENSP00000238618,0
cpi_9606.ENSP00000238651,0
cpi_9606.ENSP00000238667,0
cpi_9606.ENSP00000239761,0
cpi_9606.ENSP00000239891,0
cpi_9606.ENSP00000239938,0
cpi_9606.ENSP00000239940,0
cpi_9606.ENSP00000240055,0
cpi_9606.ENSP00000240093,0
cpi_9606.ENSP00000240100,0
cpi_9606.ENSP00000240139,0
cpi_9606.ENSP00000240185,0
cpi_9606.ENSP00000240285,0
cpi_9606.ENSP00000240304,0
cpi_9606.ENSP00000240316,0
cpi_9606.ENSP00000240327,0
cpi_9606.ENSP00000240328,0
cpi_9606.ENSP00000240423,0
cpi_9606.ENSP00000240488,0
cpi_9606.ENSP00000239849,0
cpi_9606.ENSP00000239666,0
cpi_9606.ENSP00000238682,0
cpi_9606.ENSP00000239587,0
cpi_9606.ENSP00000238714,0
cpi_9606.ENSP00000238721,0
cpi_9606.ENSP00000238738,0
cpi_9606.ENSP00000238789,0
cpi_9606.ENSP00000238994,0
cpi_9606.ENSP00000239027,0
cpi_9606.ENSP00000239032,0
cpi_9606.ENSP00000239165,0
cpi_9606.ENSP00000239223,0
cpi_9606.ENSP00000239231,0
cpi_9606.ENSP00000239243,0
cpi_9606.ENSP00000239449,0
cpi_9606.ENSP00000239451,0
cpi_9606.ENSP00000239461,0
cpi_9606.ENSP00000239462,0
cpi_9606.ENSP00000276201,0
cpi_9606.ENSP00000276218,0
cpi_9606.ENSP00000276282,0
cpi_9606.ENSP00000318057,0
cpi_9606.ENSP00000317790,0
cpi_9606.ENSP00000317842,0
cpi_9606.ENSP00000317904,0
cpi_9606.ENSP00000317955,0
cpi_9606.ENSP00000317985,0
cpi_9606.ENSP00000317992,0
cpi_9606.ENSP00000317997,0
cpi_9606.ENSP00000318066,0
cpi_9606.ENSP00000318318,0
cpi_9606.ENSP00000318077,0
cpi_9606.ENSP00000318089,0
cpi_9606.ENSP00000318115,0
cpi_9606.ENSP00000318195,0
cpi_9606.ENSP00000318197,0
cpi_9606.ENSP00000318227,0
cpi_9606.ENSP00000318297,0
cpi_9606.ENSP00000317780,0
cpi_9606.ENSP00000317721,0
cpi_9606.ENSP00000317714,0
cpi_9606.ENSP00000317686,0
cpi_9606.ENSP00000317214,0
cpi_9606.ENSP00000317232,0
cpi_9606.ENSP00000317272,0
cpi_9606.ENSP00000317310,0
cpi_9606.ENSP00000317334,0
cpi_9606.ENSP00000317376,0
cpi_9606.ENSP00000317379,0
cpi_9606.ENSP00000317382,0
cpi_9606.ENSP00000317385,0
cpi_9606.ENSP00000317431,0
cpi_9606.ENSP00000317445,0
cpi_9606.ENSP00000317473,0
cpi_9606.ENSP00000317579,0
cpi_9606.ENSP00000317580,0
cpi_9606.ENSP00000317636,0
cpi_9606.ENSP00000318298,0
cpi_9606.ENSP00000318351,0
cpi_9606.ENSP00000317159,0
cpi_9606.ENSP00000319096,0
cpi_9606.ENSP00000318912,0
cpi_9606.ENSP00000318944,0
cpi_9606.ENSP00000318977,0
cpi_9606.ENSP00000318986,0
cpi_9606.ENSP00000319052,0
cpi_9606.ENSP00000319053,0
cpi_9606.ENSP00000319060,0
cpi_9606.ENSP00000319104,0
cpi_9606.ENSP00000318355,0
cpi_9606.ENSP00000319118,0
cpi_9606.ENSP00000319166,0
cpi_9606.ENSP00000319169,0
cpi_9606.ENSP00000319170,0
cpi_9606.ENSP00000319192,0
cpi_9606.ENSP00000319231,0
cpi_9606.ENSP00000319250,0
cpi_9606.ENSP00000318902,0
cpi_9606.ENSP00000318884,0
cpi_9606.ENSP00000318868,0
cpi_9606.ENSP00000318867,0
cpi_9606.ENSP00000318445,0
cpi_9606.ENSP00000318472,0
cpi_9606.ENSP00000318480,0
cpi_9606.ENSP00000318502,0
cpi_9606.ENSP00000318585,0
cpi_9606.ENSP00000318602,0
cpi_9606.ENSP00000318631,0
cpi_9606.ENSP00000318635,0
cpi_9606.ENSP00000318646,0
cpi_9606.ENSP00000318650,0
cpi_9606.ENSP00000318687,0
cpi_9606.ENSP00000318697,0
cpi_9606.ENSP00000318820,0
cpi_9606.ENSP00000318822,0
cpi_9606.ENSP00000318852,0
cpi_9606.ENSP00000317177,0
cpi_9606.ENSP00000317141,0
cpi_9606.ENSP00000319279,0
cpi_9606.ENSP00000315659,0
cpi_9606.ENSP00000315476,0
cpi_9606.ENSP00000315477,0
cpi_9606.ENSP00000315569,0
cpi_9606.ENSP00000315602,0
cpi_9606.ENSP00000315615,0
cpi_9606.ENSP00000315644,0
cpi_9606.ENSP00000315654,0
cpi_9606.ENSP00000315680,0
cpi_9606.ENSP00000315931,0
cpi_9606.ENSP00000315700,0
cpi_9606.ENSP00000315713,0
cpi_9606.ENSP00000315743,0
cpi_9606.ENSP00000315757,0
cpi_9606.ENSP00000315768,0
cpi_9606.ENSP00000315774,0
cpi_9606.ENSP00000315791,0
cpi_9606.ENSP00000315379,0
cpi_9606.ENSP00000315351,0
cpi_9606.ENSP00000315299,0
cpi_9606.ENSP00000315167,0
cpi_9606.ENSP00000314792,0
cpi_9606.ENSP00000314837,0
cpi_9606.ENSP00000314879,0
cpi_9606.ENSP00000314897,0
cpi_9606.ENSP00000314901,0
cpi_9606.ENSP00000314949,0
cpi_9606.ENSP00000314992,0
cpi_9606.ENSP00000315006,0
cpi_9606.ENSP00000315011,0
cpi_9606.ENSP00000315013,0
cpi_9606.ENSP00000315017,0
cpi_9606.ENSP00000315118,0
cpi_9606.ENSP00000315130,0
cpi_9606.ENSP00000315137,0
cpi_9606.ENSP00000315152,0
cpi_9606.ENSP00000315925,0
cpi_9606.ENSP00000315950,0
cpi_9606.ENSP00000317123,0
cpi_9606.ENSP00000316786,0
cpi_9606.ENSP00000316598,0
cpi_9606.ENSP00000316605,0
cpi_9606.ENSP00000316649,0
cpi_9606.ENSP00000316670,0
cpi_9606.ENSP00000316674,0
cpi_9606.ENSP00000316729,0
cpi_9606.ENSP00000316746,0
cpi_9606.ENSP00000316854,0
cpi_9606.ENSP00000315955,0
cpi_9606.ENSP00000316881,0
cpi_9606.ENSP00000316909,0
cpi_9606.ENSP00000316924,0
cpi_9606.ENSP00000316938,0
cpi_9606.ENSP00000316948,0
cpi_9606.ENSP00000316950,0
cpi_9606.ENSP00000317039,0
cpi_9606.ENSP00000316596,0
cpi_9606.ENSP00000316590,0
cpi_9606.ENSP00000316578,0
cpi_9606.ENSP00000316543,0
cpi_9606.ENSP00000316029,0
cpi_9606.ENSP00000316030,0
cpi_9606.ENSP00000316032,0
cpi_9606.ENSP00000316121,0
cpi_9606.ENSP00000316173,0
cpi_9606.ENSP00000316176,0
cpi_9606.ENSP00000316193,0
cpi_9606.ENSP00000316203,0
cpi_9606.ENSP00000316228,0
cpi_9606.ENSP00000316244,0
cpi_9606.ENSP00000316328,0
cpi_9606.ENSP00000316329,0
cpi_9606.ENSP00000316333,0
cpi_9606.ENSP00000316339,0
cpi_9606.ENSP00000316476,0
cpi_9606.ENSP00000319255,0
cpi_9606.ENSP00000319286,0
cpi_9606.ENSP00000314724,0
cpi_9606.ENSP00000321804,0
cpi_9606.ENSP00000321679,0
cpi_9606.ENSP00000321711,0
cpi_9606.ENSP00000321732,0
cpi_9606.ENSP00000321735,0
cpi_9606.ENSP00000321744,0
cpi_9606.ENSP00000321746,0
cpi_9606.ENSP00000321797,0
cpi_9606.ENSP00000321805,0
cpi_9606.ENSP00000321999,0
cpi_9606.ENSP00000321810,0
cpi_9606.ENSP00000321821,0
cpi_9606.ENSP00000321835,0
cpi_9606.ENSP00000321845,0
cpi_9606.ENSP00000321853,0
cpi_9606.ENSP00000321951,0
cpi_9606.ENSP00000321971,0
cpi_9606.ENSP00000321656,0
cpi_9606.ENSP00000321636,0
cpi_9606.ENSP00000321606,0
cpi_9606.ENSP00000321584,0
cpi_9606.ENSP00000321195,0
cpi_9606.ENSP00000321209,0
cpi_9606.ENSP00000321239,0
cpi_9606.ENSP00000321259,0
cpi_9606.ENSP00000321326,0
cpi_9606.ENSP00000321330,0
cpi_9606.ENSP00000321334,0
cpi_9606.ENSP00000321345,0
cpi_9606.ENSP00000321348,0
cpi_9606.ENSP00000321388,0
cpi_9606.ENSP00000321389,0
cpi_9606.ENSP00000321424,0
cpi_9606.ENSP00000321427,0
cpi_9606.ENSP00000321507,0
cpi_9606.ENSP00000321544,0
cpi_9606.ENSP00000321988,0
cpi_9606.ENSP00000322142,0
cpi_9606.ENSP00000321070,0
cpi_9606.ENSP00000322802,0
cpi_9606.ENSP00000322628,0
cpi_9606.ENSP00000322706,0
cpi_9606.ENSP00000322716,0
cpi_9606.ENSP00000322730,0
cpi_9606.ENSP00000322775,0
cpi_9606.ENSP00000322788,0
cpi_9606.ENSP00000322791,0
cpi_9606.ENSP00000322887,0
cpi_9606.ENSP00000322159,0
cpi_9606.ENSP00000322898,0
cpi_9606.ENSP00000322909,0
cpi_9606.ENSP00000322924,0
cpi_9606.ENSP00000322991,0
cpi_9606.ENSP00000323036,0
cpi_9606.ENSP00000323046,0
cpi_9606.ENSP00000323050,0
cpi_9606.ENSP00000322617,0
cpi_9606.ENSP00000322570,0
cpi_9606.ENSP00000322457,0
cpi_9606.ENSP00000322450,0
cpi_9606.ENSP00000322170,0
cpi_9606.ENSP00000322175,0
cpi_9606.ENSP00000322192,0
cpi_9606.ENSP00000322229,0
cpi_9606.ENSP00000322249,0
cpi_9606.ENSP00000322276,0
cpi_9606.ENSP00000322316,0
cpi_9606.ENSP00000322323,0
cpi_9606.ENSP00000322341,0
cpi_9606.ENSP00000322343,0
cpi_9606.ENSP00000322376,0
cpi_9606.ENSP00000322396,0
cpi_9606.ENSP00000322419,0
cpi_9606.ENSP00000322421,0
cpi_9606.ENSP00000322439,0
cpi_9606.ENSP00000321106,0
cpi_9606.ENSP00000320949,0
cpi_9606.ENSP00000319308,0
cpi_9606.ENSP00000319977,0
cpi_9606.ENSP00000319730,0
cpi_9606.ENSP00000319744,0
cpi_9606.ENSP00000319756,0
cpi_9606.ENSP00000319781,0
cpi_9606.ENSP00000319788,0
cpi_9606.ENSP00000319814,0
cpi_9606.ENSP00000319851,0
cpi_9606.ENSP00000319979,0
cpi_9606.ENSP00000320171,0
cpi_9606.ENSP00000319984,0
cpi_9606.ENSP00000319991,0
cpi_9606.ENSP00000320025,0
cpi_9606.ENSP00000320043,0
cpi_9606.ENSP00000320076,0
cpi_9606.ENSP00000320084,0
cpi_9606.ENSP00000320089,0
cpi_9606.ENSP00000319713,0
cpi_9606.ENSP00000319690,0
cpi_9606.ENSP00000319678,0
cpi_9606.ENSP00000319664,0
cpi_9606.ENSP00000319318,0
cpi_9606.ENSP00000319323,0
cpi_9606.ENSP00000319341,0
cpi_9606.ENSP00000319343,0
cpi_9606.ENSP00000319377,0
cpi_9606.ENSP00000319464,0
cpi_9606.ENSP00000319474,0
cpi_9606.ENSP00000319501,0
cpi_9606.ENSP00000319531,0
cpi_9606.ENSP00000319574,0
cpi_9606.ENSP00000319591,0
cpi_9606.ENSP00000319622,0
cpi_9606.ENSP00000319623,0
cpi_9606.ENSP00000319635,0
cpi_9606.ENSP00000319651,0
cpi_9606.ENSP00000320147,0
cpi_9606.ENSP00000320180,0
cpi_9606.ENSP00000320940,0
cpi_9606.ENSP00000320768,0
cpi_9606.ENSP00000320634,0
cpi_9606.ENSP00000320646,0
cpi_9606.ENSP00000320658,0
cpi_9606.ENSP00000320663,0
cpi_9606.ENSP00000320679,0
cpi_9606.ENSP00000320709,0
cpi_9606.ENSP00000320754,0
cpi_9606.ENSP00000320797,0
cpi_9606.ENSP00000320217,0
cpi_9606.ENSP00000320815,0
cpi_9606.ENSP00000320821,0
cpi_9606.ENSP00000320866,0
cpi_9606.ENSP00000320885,0
cpi_9606.ENSP00000320893,0
cpi_9606.ENSP00000320935,0
cpi_9606.ENSP00000320936,0
cpi_9606.ENSP00000320604,0
cpi_9606.ENSP00000320566,0
cpi_9606.ENSP00000320543,0
cpi_9606.ENSP00000320516,0
cpi_9606.ENSP00000320219,0
cpi_9606.ENSP00000320239,0
cpi_9606.ENSP00000320246,0
cpi_9606.ENSP00000320247,0
cpi_9606.ENSP00000320291,0
cpi_9606.ENSP00000320295,0
cpi_9606.ENSP00000320309,0
cpi_9606.ENSP00000320324,0
cpi_9606.ENSP00000320376,0
cpi_9606.ENSP00000320378,0
cpi_9606.ENSP00000320401,0
cpi_9606.ENSP00000320413,0
cpi_9606.ENSP00000320447,0
cpi_9606.ENSP00000320488,0
cpi_9606.ENSP00000320503,0
cpi_9606.ENSP00000314776,0
cpi_9606.ENSP00000314709,0
cpi_9606.ENSP00000308315,0
cpi_9606.ENSP00000310205,0
cpi_9606.ENSP00000310120,0
cpi_9606.ENSP00000310126,0
cpi_9606.ENSP00000310127,0
cpi_9606.ENSP00000310129,0
cpi_9606.ENSP00000310146,0
cpi_9606.ENSP00000310149,0
cpi_9606.ENSP00000310170,0
cpi_9606.ENSP00000310208,0
cpi_9606.ENSP00000310431,0
cpi_9606.ENSP00000310219,0
cpi_9606.ENSP00000310226,0
cpi_9606.ENSP00000310244,0
cpi_9606.ENSP00000310263,0
cpi_9606.ENSP00000310275,0
cpi_9606.ENSP00000310301,0
cpi_9606.ENSP00000310305,0
cpi_9606.ENSP00000310111,0
cpi_9606.ENSP00000310094,0
cpi_9606.ENSP00000310040,0
cpi_9606.ENSP00000310036,0
cpi_9606.ENSP00000309690,0
cpi_9606.ENSP00000309710,0
cpi_9606.ENSP00000309741,0
cpi_9606.ENSP00000309757,0
cpi_9606.ENSP00000309771,0
cpi_9606.ENSP00000309818,0
cpi_9606.ENSP00000309823,0
cpi_9606.ENSP00000309845,0
cpi_9606.ENSP00000309871,0
cpi_9606.ENSP00000309899,0
cpi_9606.ENSP00000309913,0
cpi_9606.ENSP00000309945,0
cpi_9606.ENSP00000309953,0
cpi_9606.ENSP00000309968,0
cpi_9606.ENSP00000310006,0
cpi_9606.ENSP00000310405,0
cpi_9606.ENSP00000310440,0
cpi_9606.ENSP00000309653,0
cpi_9606.ENSP00000310935,0
cpi_9606.ENSP00000310800,0
cpi_9606.ENSP00000310832,0
cpi_9606.ENSP00000310842,0
cpi_9606.ENSP00000310873,0
cpi_9606.ENSP00000310880,0
cpi_9606.ENSP00000310901,0
cpi_9606.ENSP00000310928,0
cpi_9606.ENSP00000310978,0
cpi_9606.ENSP00000310447,0
cpi_9606.ENSP00000311005,0
cpi_9606.ENSP00000311028,0
cpi_9606.ENSP00000311030,0
cpi_9606.ENSP00000311032,0
cpi_9606.ENSP00000311083,0
cpi_9606.ENSP00000311095,0
cpi_9606.ENSP00000311113,0
cpi_9606.ENSP00000310770,0
cpi_9606.ENSP00000310749,0
cpi_9606.ENSP00000310722,0
cpi_9606.ENSP00000310721,0
cpi_9606.ENSP00000310490,0
cpi_9606.ENSP00000310491,0
cpi_9606.ENSP00000310520,0
cpi_9606.ENSP00000310521,0
cpi_9606.ENSP00000310547,0
cpi_9606.ENSP00000310551,0
cpi_9606.ENSP00000310568,0
cpi_9606.ENSP00000310572,0
cpi_9606.ENSP00000310590,0
cpi_9606.ENSP00000310621,0
cpi_9606.ENSP00000310623,0
cpi_9606.ENSP00000310649,0
cpi_9606.ENSP00000310661,0
cpi_9606.ENSP00000310688,0
cpi_9606.ENSP00000310697,0
cpi_9606.ENSP00000309689,0
cpi_9606.ENSP00000309649,0
cpi_9606.ENSP00000311127,0
cpi_9606.ENSP00000308770,0
cpi_9606.ENSP00000308622,0
cpi_9606.ENSP00000308699,0
cpi_9606.ENSP00000308716,0
cpi_9606.ENSP00000308720,0
cpi_9606.ENSP00000308733,0
cpi_9606.ENSP00000308741,0
cpi_9606.ENSP00000308759,0
cpi_9606.ENSP00000308772,0
cpi_9606.ENSP00000308908,0
cpi_9606.ENSP00000308774,0
cpi_9606.ENSP00000308782,0
cpi_9606.ENSP00000308815,0
cpi_9606.ENSP00000308845,0
cpi_9606.ENSP00000308887,0
cpi_9606.ENSP00000308893,0
cpi_9606.ENSP00000308895,0
cpi_9606.ENSP00000308620,0
cpi_9606.ENSP00000308610,0
cpi_9606.ENSP00000308583,0
cpi_9606.ENSP00000308576,0
cpi_9606.ENSP00000308351,0
cpi_9606.ENSP00000308361,0
cpi_9606.ENSP00000308369,0
cpi_9606.ENSP00000308383,0
cpi_9606.ENSP00000308405,0
cpi_9606.ENSP00000308413,0
cpi_9606.ENSP00000308430,0
cpi_9606.ENSP00000308450,0
cpi_9606.ENSP00000308452,0
cpi_9606.ENSP00000308461,0
cpi_9606.ENSP00000308466,0
cpi_9606.ENSP00000308496,0
cpi_9606.ENSP00000308540,0
cpi_9606.ENSP00000308541,0
cpi_9606.ENSP00000308549,0
cpi_9606.ENSP00000308897,0
cpi_9606.ENSP00000308925,0
cpi_9606.ENSP00000309629,0
cpi_9606.ENSP00000309542,0
cpi_9606.ENSP00000309474,0
cpi_9606.ENSP00000309477,0
cpi_9606.ENSP00000309493,0
cpi_9606.ENSP00000309503,0
cpi_9606.ENSP00000309504,0
cpi_9606.ENSP00000309524,0
cpi_9606.ENSP00000309539,0
cpi_9606.ENSP00000309548,0
cpi_9606.ENSP00000308928,0
cpi_9606.ENSP00000309555,0
cpi_9606.ENSP00000309570,0
cpi_9606.ENSP00000309572,0
cpi_9606.ENSP00000309576,0
cpi_9606.ENSP00000309591,0
cpi_9606.ENSP00000309595,0
cpi_9606.ENSP00000309597,0
cpi_9606.ENSP00000309431,0
cpi_9606.ENSP00000309415,0
cpi_9606.ENSP00000309334,0
cpi_9606.ENSP00000309259,0
cpi_9606.ENSP00000308937,0
cpi_9606.ENSP00000308938,0
cpi_9606.ENSP00000308944,0
cpi_9606.ENSP00000309052,0
cpi_9606.ENSP00000309092,0
cpi_9606.ENSP00000309103,0
cpi_9606.ENSP00000309116,0
cpi_9606.ENSP00000309124,0
cpi_9606.ENSP00000309126,0
cpi_9606.ENSP00000309132,0
cpi_9606.ENSP00000309141,0
cpi_9606.ENSP00000309142,0
cpi_9606.ENSP00000309148,0
cpi_9606.ENSP00000309181,0
cpi_9606.ENSP00000309198,0
cpi_9606.ENSP00000311121,0
cpi_9606.ENSP00000311135,0
cpi_9606.ENSP00000314655,0
cpi_9606.ENSP00000313581,0
cpi_9606.ENSP00000313420,0
cpi_9606.ENSP00000313432,0
cpi_9606.ENSP00000313437,0
cpi_9606.ENSP00000313454,0
cpi_9606.ENSP00000313490,0
cpi_9606.ENSP00000313571,0
cpi_9606.ENSP00000313572,0
cpi_9606.ENSP00000313600,0
cpi_9606.ENSP00000313829,0
cpi_9606.ENSP00000313603,0
cpi_9606.ENSP00000313661,0
cpi_9606.ENSP00000313681,0
cpi_9606.ENSP00000313691,0
cpi_9606.ENSP00000313699,0
cpi_9606.ENSP00000313731,0
cpi_9606.ENSP00000313740,0
cpi_9606.ENSP00000313391,0
cpi_9606.ENSP00000313377,0
cpi_9606.ENSP00000313350,0
cpi_9606.ENSP00000313309,0
cpi_9606.ENSP00000312673,0
cpi_9606.ENSP00000312734,0
cpi_9606.ENSP00000312735,0
cpi_9606.ENSP00000312741,0
cpi_9606.ENSP00000312856,0
cpi_9606.ENSP00000312987,0
cpi_9606.ENSP00000312988,0
cpi_9606.ENSP00000312999,0
cpi_9606.ENSP00000313007,0
cpi_9606.ENSP00000313021,0
cpi_9606.ENSP00000313059,0
cpi_9606.ENSP00000313070,0
cpi_9606.ENSP00000313171,0
cpi_9606.ENSP00000313199,0
cpi_9606.ENSP00000313243,0
cpi_9606.ENSP00000313756,0
cpi_9606.ENSP00000313851,0
cpi_9606.ENSP00000312664,0
cpi_9606.ENSP00000314491,0
cpi_9606.ENSP00000314363,0
cpi_9606.ENSP00000314380,0
cpi_9606.ENSP00000314407,0
cpi_9606.ENSP00000314414,0
cpi_9606.ENSP00000314420,0
cpi_9606.ENSP00000314441,0
cpi_9606.ENSP00000314458,0
cpi_9606.ENSP00000314499,0
cpi_9606.ENSP00000313854,0
cpi_9606.ENSP00000314505,0
cpi_9606.ENSP00000314508,0
cpi_9606.ENSP00000314520,0
cpi_9606.ENSP00000314556,0
cpi_9606.ENSP00000314606,0
cpi_9606.ENSP00000314615,0
cpi_9606.ENSP00000314649,0
cpi_9606.ENSP00000314348,0
cpi_9606.ENSP00000314223,0
cpi_9606.ENSP00000314214,0
cpi_9606.ENSP00000314196,0
cpi_9606.ENSP00000313875,0
cpi_9606.ENSP00000313877,0
cpi_9606.ENSP00000313921,0
cpi_9606.ENSP00000313967,0
cpi_9606.ENSP00000313983,0
cpi_9606.ENSP00000313995,0
cpi_9606.ENSP00000314023,0
cpi_9606.ENSP00000314030,0
cpi_9606.ENSP00000314067,0
cpi_9606.ENSP00000314080,0
cpi_9606.ENSP00000314099,0
cpi_9606.ENSP00000314129,0
cpi_9606.ENSP00000314132,0
cpi_9606.ENSP00000314151,0
cpi_9606.ENSP00000314153,0
cpi_9606.ENSP00000312671,0
cpi_9606.ENSP00000312663,0
cpi_9606.ENSP00000311165,0
cpi_9606.ENSP00000311747,0
cpi_9606.ENSP00000311572,0
cpi_9606.ENSP00000311579,0
cpi_9606.ENSP00000311648,0
cpi_9606.ENSP00000311684,0
cpi_9606.ENSP00000311697,0
cpi_9606.ENSP00000311713,0
cpi_9606.ENSP00000311746,0
cpi_9606.ENSP00000311766,0
cpi_9606.ENSP00000311977,0
cpi_9606.ENSP00000311816,0
cpi_9606.ENSP00000311825,0
cpi_9606.ENSP00000311833,0
cpi_9606.ENSP00000311847,0
cpi_9606.ENSP00000311857,0
cpi_9606.ENSP00000311873,0
cpi_9606.ENSP00000311876,0
cpi_9606.ENSP00000311545,0
cpi_9606.ENSP00000311538,0
cpi_9606.ENSP00000311505,0
cpi_9606.ENSP00000311492,0
cpi_9606.ENSP00000311224,0
cpi_9606.ENSP00000311290,0
cpi_9606.ENSP00000311291,0
cpi_9606.ENSP00000311300,0
cpi_9606.ENSP00000311318,0
cpi_9606.ENSP00000311336,0
cpi_9606.ENSP00000311344,0
cpi_9606.ENSP00000311360,0
cpi_9606.ENSP00000311405,0
cpi_9606.ENSP00000311429,0
cpi_9606.ENSP00000311430,0
cpi_9606.ENSP00000311449,0
cpi_9606.ENSP00000311453,0
cpi_9606.ENSP00000311469,0
cpi_9606.ENSP00000311489,0
cpi_9606.ENSP00000311888,0
cpi_9606.ENSP00000311997,0
cpi_9606.ENSP00000312652,0
cpi_9606.ENSP00000312535,0
cpi_9606.ENSP00000312311,0
cpi_9606.ENSP00000312326,0
cpi_9606.ENSP00000312370,0
cpi_9606.ENSP00000312411,0
cpi_9606.ENSP00000312435,0
cpi_9606.ENSP00000312442,0
cpi_9606.ENSP00000312455,0
cpi_9606.ENSP00000312587,0
cpi_9606.ENSP00000312001,0
cpi_9606.ENSP00000312606,0
cpi_9606.ENSP00000312618,0
cpi_9606.ENSP00000312624,0
cpi_9606.ENSP00000312625,0
cpi_9606.ENSP00000312631,0
cpi_9606.ENSP00000312634,0
cpi_9606.ENSP00000312649,0
cpi_9606.ENSP00000312309,0
cpi_9606.ENSP00000312304,0
cpi_9606.ENSP00000312286,0
cpi_9606.ENSP00000312262,0
cpi_9606.ENSP00000312017,0
cpi_9606.ENSP00000312027,0
cpi_9606.ENSP00000312029,0
cpi_9606.ENSP00000312042,0
cpi_9606.ENSP00000312054,0
cpi_9606.ENSP00000312070,0
cpi_9606.ENSP00000312081,0
cpi_9606.ENSP00000312122,0
cpi_9606.ENSP00000312126,0
cpi_9606.ENSP00000312129,0
cpi_9606.ENSP00000312134,0
cpi_9606.ENSP00000312141,0
cpi_9606.ENSP00000312143,0
cpi_9606.ENSP00000312150,0
cpi_9606.ENSP00000312189,0
cpi_9606.ENSP00000323071,0
cpi_9606.ENSP00000323155,0
cpi_9606.ENSP00000323178,0
cpi_9606.ENSP00000333591,0
cpi_9606.ENSP00000333326,0
cpi_9606.ENSP00000333363,0
cpi_9606.ENSP00000333395,0
cpi_9606.ENSP00000333496,0
cpi_9606.ENSP00000333534,0
cpi_9606.ENSP00000333547,0
cpi_9606.ENSP00000333568,0
cpi_9606.ENSP00000333633,0
cpi_9606.ENSP00000333821,0
cpi_9606.ENSP00000333640,0
cpi_9606.ENSP00000333657,0
cpi_9606.ENSP00000333664,0
cpi_9606.ENSP00000333666,0
cpi_9606.ENSP00000333667,0
cpi_9606.ENSP00000333685,0
cpi_9606.ENSP00000333744,0
cpi_9606.ENSP00000333310,0
cpi_9606.ENSP00000333300,0
cpi_9606.ENSP00000333298,0
cpi_9606.ENSP00000333292,0
cpi_9606.ENSP00000333001,0
cpi_9606.ENSP00000333003,0
cpi_9606.ENSP00000333018,0
cpi_9606.ENSP00000333019,0
cpi_9606.ENSP00000333037,0
cpi_9606.ENSP00000333122,0
cpi_9606.ENSP00000333142,0
cpi_9606.ENSP00000333181,0
cpi_9606.ENSP00000333188,0
cpi_9606.ENSP00000333194,0
cpi_9606.ENSP00000333203,0
cpi_9606.ENSP00000333212,0
cpi_9606.ENSP00000333266,0
cpi_9606.ENSP00000333275,0
cpi_9606.ENSP00000333277,0
cpi_9606.ENSP00000333769,0
cpi_9606.ENSP00000333836,0
cpi_9606.ENSP00000332979,0
cpi_9606.ENSP00000334223,0
cpi_9606.ENSP00000334122,0
cpi_9606.ENSP00000334128,0
cpi_9606.ENSP00000334140,0
cpi_9606.ENSP00000334145,0
cpi_9606.ENSP00000334186,0
cpi_9606.ENSP00000334198,0
cpi_9606.ENSP00000334216,0
cpi_9606.ENSP00000334246,0
cpi_9606.ENSP00000333837,0
cpi_9606.ENSP00000334276,0
cpi_9606.ENSP00000334300,0
cpi_9606.ENSP00000334308,0
cpi_9606.ENSP00000334319,0
cpi_9606.ENSP00000334329,0
cpi_9606.ENSP00000334373,0
cpi_9606.ENSP00000334375,0
cpi_9606.ENSP00000334113,0
cpi_9606.ENSP00000334105,0
cpi_9606.ENSP00000334100,0
cpi_9606.ENSP00000334061,0
cpi_9606.ENSP00000333873,0
cpi_9606.ENSP00000333896,0
cpi_9606.ENSP00000333900,0
cpi_9606.ENSP00000333917,0
cpi_9606.ENSP00000333920,0
cpi_9606.ENSP00000333926,0
cpi_9606.ENSP00000333938,0
cpi_9606.ENSP00000333946,0
cpi_9606.ENSP00000333950,0
cpi_9606.ENSP00000333994,0
cpi_9606.ENSP00000334008,0
cpi_9606.ENSP00000334044,0
cpi_9606.ENSP00000334050,0
cpi_9606.ENSP00000334051,0
cpi_9606.ENSP00000334052,0
cpi_9606.ENSP00000332995,0
cpi_9606.ENSP00000332973,0
cpi_9606.ENSP00000334448,0
cpi_9606.ENSP00000332116,0
cpi_9606.ENSP00000331901,0
cpi_9606.ENSP00000331902,0
cpi_9606.ENSP00000331907,0
cpi_9606.ENSP00000331912,0
cpi_9606.ENSP00000331944,0
cpi_9606.ENSP00000332049,0
cpi_9606.ENSP00000332111,0
cpi_9606.ENSP00000332118,0
cpi_9606.ENSP00000332247,0
cpi_9606.ENSP00000332124,0
cpi_9606.ENSP00000332139,0
cpi_9606.ENSP00000332170,0
cpi_9606.ENSP00000332171,0
cpi_9606.ENSP00000332194,0
cpi_9606.ENSP00000332198,0
cpi_9606.ENSP00000332204,0
cpi_9606.ENSP00000331897,0
cpi_9606.ENSP00000331879,0
cpi_9606.ENSP00000331843,0
cpi_9606.ENSP00000331831,0
cpi_9606.ENSP00000331600,0
cpi_9606.ENSP00000331602,0
cpi_9606.ENSP00000331608,0
cpi_9606.ENSP00000331614,0
cpi_9606.ENSP00000331636,0
cpi_9606.ENSP00000331664,0
cpi_9606.ENSP00000331692,0
cpi_9606.ENSP00000331698,0
cpi_9606.ENSP00000331727,0
cpi_9606.ENSP00000331736,0
cpi_9606.ENSP00000331745,0
cpi_9606.ENSP00000331746,0
cpi_9606.ENSP00000331748,0
cpi_9606.ENSP00000331787,0
cpi_9606.ENSP00000331791,0
cpi_9606.ENSP00000332225,0
cpi_9606.ENSP00000332256,0
cpi_9606.ENSP00000332931,0
cpi_9606.ENSP00000332766,0
cpi_9606.ENSP00000332659,0
cpi_9606.ENSP00000332668,0
cpi_9606.ENSP00000332674,0
cpi_9606.ENSP00000332679,0
cpi_9606.ENSP00000332681,0
cpi_9606.ENSP00000332706,0
cpi_9606.ENSP00000332756,0
cpi_9606.ENSP00000332771,0
cpi_9606.ENSP00000332258,0
cpi_9606.ENSP00000332773,0
cpi_9606.ENSP00000332790,0
cpi_9606.ENSP00000332812,0
cpi_9606.ENSP00000332816,0
cpi_9606.ENSP00000332818,0
cpi_9606.ENSP00000332886,0
cpi_9606.ENSP00000332887,0
cpi_9606.ENSP00000332656,0
cpi_9606.ENSP00000332646,0
cpi_9606.ENSP00000332643,0
cpi_9606.ENSP00000332602,0
cpi_9606.ENSP00000332296,0
cpi_9606.ENSP00000332353,0
cpi_9606.ENSP00000332369,0
cpi_9606.ENSP00000332371,0
cpi_9606.ENSP00000332407,0
cpi_9606.ENSP00000332444,0
cpi_9606.ENSP00000332448,0
cpi_9606.ENSP00000332454,0
cpi_9606.ENSP00000332455,0
cpi_9606.ENSP00000332504,0
cpi_9606.ENSP00000332530,0
cpi_9606.ENSP00000332549,0
cpi_9606.ENSP00000332565,0
cpi_9606.ENSP00000332576,0
cpi_9606.ENSP00000332591,0
cpi_9606.ENSP00000334382,0
cpi_9606.ENSP00000334458,0
cpi_9606.ENSP00000323194,0
cpi_9606.ENSP00000337450,0
cpi_9606.ENSP00000337358,0
cpi_9606.ENSP00000337383,0
cpi_9606.ENSP00000337386,0
cpi_9606.ENSP00000337432,0
cpi_9606.ENSP00000337439,0
cpi_9606.ENSP00000337443,0
cpi_9606.ENSP00000337445,0
cpi_9606.ENSP00000337451,0
cpi_9606.ENSP00000337724,0
cpi_9606.ENSP00000337459,0
cpi_9606.ENSP00000337478,0
cpi_9606.ENSP00000337500,0
cpi_9606.ENSP00000337501,0
cpi_9606.ENSP00000337691,0
cpi_9606.ENSP00000337697,0
cpi_9606.ENSP00000337701,0
cpi_9606.ENSP00000337354,0
cpi_9606.ENSP00000337353,0
cpi_9606.ENSP00000337340,0
cpi_9606.ENSP00000337335,0
cpi_9606.ENSP00000337040,0
cpi_9606.ENSP00000337053,0
cpi_9606.ENSP00000337056,0
cpi_9606.ENSP00000337065,0
cpi_9606.ENSP00000337088,0
cpi_9606.ENSP00000337103,0
cpi_9606.ENSP00000337128,0
cpi_9606.ENSP00000337133,0
cpi_9606.ENSP00000337168,0
cpi_9606.ENSP00000337194,0
cpi_9606.ENSP00000337212,0
cpi_9606.ENSP00000337255,0
cpi_9606.ENSP00000337261,0
cpi_9606.ENSP00000337320,0
cpi_9606.ENSP00000337332,0
cpi_9606.ENSP00000337722,0
cpi_9606.ENSP00000337733,0
cpi_9606.ENSP00000336994,0
cpi_9606.ENSP00000338272,0
cpi_9606.ENSP00000338127,0
cpi_9606.ENSP00000338130,0
cpi_9606.ENSP00000338157,0
cpi_9606.ENSP00000338160,0
cpi_9606.ENSP00000338173,0
cpi_9606.ENSP00000338185,0
cpi_9606.ENSP00000338207,0
cpi_9606.ENSP00000338276,0
cpi_9606.ENSP00000337746,0
cpi_9606.ENSP00000338283,0
cpi_9606.ENSP00000338290,0
cpi_9606.ENSP00000338330,0
cpi_9606.ENSP00000338343,0
cpi_9606.ENSP00000338345,0
cpi_9606.ENSP00000338349,0
cpi_9606.ENSP00000338358,0
cpi_9606.ENSP00000338093,0
cpi_9606.ENSP00000338082,0
cpi_9606.ENSP00000338072,0
cpi_9606.ENSP00000338030,0
cpi_9606.ENSP00000337761,0
cpi_9606.ENSP00000337773,0
cpi_9606.ENSP00000337797,0
cpi_9606.ENSP00000337804,0
cpi_9606.ENSP00000337816,0
cpi_9606.ENSP00000337825,0
cpi_9606.ENSP00000337838,0
cpi_9606.ENSP00000337853,0
cpi_9606.ENSP00000337907,0
cpi_9606.ENSP00000337915,0
cpi_9606.ENSP00000337949,0
cpi_9606.ENSP00000337972,0
cpi_9606.ENSP00000338018,0
cpi_9606.ENSP00000338019,0
cpi_9606.ENSP00000338020,0
cpi_9606.ENSP00000337022,0
cpi_9606.ENSP00000336984,0
cpi_9606.ENSP00000334472,0
cpi_9606.ENSP00000335191,0
cpi_9606.ENSP00000335060,0
cpi_9606.ENSP00000335074,0
cpi_9606.ENSP00000335084,0
cpi_9606.ENSP00000335106,0
cpi_9606.ENSP00000335147,0
cpi_9606.ENSP00000335153,0
cpi_9606.ENSP00000335158,0
cpi_9606.ENSP00000335203,0
cpi_9606.ENSP00000335463,0
cpi_9606.ENSP00000335246,0
cpi_9606.ENSP00000335261,0
cpi_9606.ENSP00000335287,0
cpi_9606.ENSP00000335292,0
cpi_9606.ENSP00000335304,0
cpi_9606.ENSP00000335321,0
cpi_9606.ENSP00000335357,0
cpi_9606.ENSP00000335055,0
cpi_9606.ENSP00000335024,0
cpi_9606.ENSP00000334962,0
cpi_9606.ENSP00000334952,0
cpi_9606.ENSP00000334474,0
cpi_9606.ENSP00000334563,0
cpi_9606.ENSP00000334592,0
cpi_9606.ENSP00000334611,0
cpi_9606.ENSP00000334625,0
cpi_9606.ENSP00000334650,0
cpi_9606.ENSP00000334675,0
cpi_9606.ENSP00000334785,0
cpi_9606.ENSP00000334801,0
cpi_9606.ENSP00000334813,0
cpi_9606.ENSP00000334836,0
cpi_9606.ENSP00000334872,0
cpi_9606.ENSP00000334910,0
cpi_9606.ENSP00000334928,0
cpi_9606.ENSP00000334941,0
cpi_9606.ENSP00000335397,0
cpi_9606.ENSP00000335493,0
cpi_9606.ENSP00000336931,0
cpi_9606.ENSP00000336799,0
cpi_9606.ENSP00000336725,0
cpi_9606.ENSP00000336740,0
cpi_9606.ENSP00000336741,0
cpi_9606.ENSP00000336752,0
cpi_9606.ENSP00000336762,0
cpi_9606.ENSP00000336764,0
cpi_9606.ENSP00000336790,0
cpi_9606.ENSP00000336829,0
cpi_9606.ENSP00000335511,0
cpi_9606.ENSP00000336831,0
cpi_9606.ENSP00000336842,0
cpi_9606.ENSP00000336856,0
cpi_9606.ENSP00000336868,0
cpi_9606.ENSP00000336887,0
cpi_9606.ENSP00000336888,0
cpi_9606.ENSP00000336927,0
cpi_9606.ENSP00000336712,0
cpi_9606.ENSP00000336702,0
cpi_9606.ENSP00000336701,0
cpi_9606.ENSP00000336693,0
cpi_9606.ENSP00000335544,0
cpi_9606.ENSP00000335560,0
cpi_9606.ENSP00000335592,0
cpi_9606.ENSP00000335612,0
cpi_9606.ENSP00000335620,0
cpi_9606.ENSP00000335632,0
cpi_9606.ENSP00000335636,0
cpi_9606.ENSP00000335657,0
cpi_9606.ENSP00000335677,0
cpi_9606.ENSP00000336528,0
cpi_9606.ENSP00000336606,0
cpi_9606.ENSP00000336607,0
cpi_9606.ENSP00000336630,0
cpi_9606.ENSP00000336666,0
cpi_9606.ENSP00000336687,0
cpi_9606.ENSP00000331574,0
cpi_9606.ENSP00000331544,0
cpi_9606.ENSP00000331514,0
cpi_9606.ENSP00000326219,0
cpi_9606.ENSP00000325917,0
cpi_9606.ENSP00000326003,0
cpi_9606.ENSP00000326031,0
cpi_9606.ENSP00000326042,0
cpi_9606.ENSP00000326119,0
cpi_9606.ENSP00000326159,0
cpi_9606.ENSP00000326200,0
cpi_9606.ENSP00000326227,0
cpi_9606.ENSP00000326432,0
cpi_9606.ENSP00000326267,0
cpi_9606.ENSP00000326272,0
cpi_9606.ENSP00000326305,0
cpi_9606.ENSP00000326366,0
cpi_9606.ENSP00000326371,0
cpi_9606.ENSP00000326381,0
cpi_9606.ENSP00000326391,0
cpi_9606.ENSP00000325905,0
cpi_9606.ENSP00000325875,0
cpi_9606.ENSP00000325863,0
cpi_9606.ENSP00000325836,0
cpi_9606.ENSP00000325485,0
cpi_9606.ENSP00000325506,0
cpi_9606.ENSP00000325519,0
cpi_9606.ENSP00000325526,0
cpi_9606.ENSP00000325527,0
cpi_9606.ENSP00000325546,0
cpi_9606.ENSP00000325548,0
cpi_9606.ENSP00000325660,0
cpi_9606.ENSP00000325663,0
cpi_9606.ENSP00000325690,0
cpi_9606.ENSP00000325708,0
cpi_9606.ENSP00000325785,0
cpi_9606.ENSP00000325817,0
cpi_9606.ENSP00000325819,0
cpi_9606.ENSP00000325822,0
cpi_9606.ENSP00000326424,0
cpi_9606.ENSP00000326477,0
cpi_9606.ENSP00000325425,0
cpi_9606.ENSP00000327133,0
cpi_9606.ENSP00000326948,0
cpi_9606.ENSP00000326981,0
cpi_9606.ENSP00000327009,0
cpi_9606.ENSP00000327025,0
cpi_9606.ENSP00000327048,0
cpi_9606.ENSP00000327070,0
cpi_9606.ENSP00000327116,0
cpi_9606.ENSP00000327145,0
cpi_9606.ENSP00000326534,0
cpi_9606.ENSP00000327213,0
cpi_9606.ENSP00000327246,0
cpi_9606.ENSP00000327251,0
cpi_9606.ENSP00000327255,0
cpi_9606.ENSP00000327323,0
cpi_9606.ENSP00000327336,0
cpi_9606.ENSP00000327386,0
cpi_9606.ENSP00000326870,0
cpi_9606.ENSP00000326869,0
cpi_9606.ENSP00000326819,0
cpi_9606.ENSP00000326817,0
cpi_9606.ENSP00000326538,0
cpi_9606.ENSP00000326550,0
cpi_9606.ENSP00000326563,0
cpi_9606.ENSP00000326572,0
cpi_9606.ENSP00000326581,0
cpi_9606.ENSP00000326598,0
cpi_9606.ENSP00000326627,0
cpi_9606.ENSP00000326630,0
cpi_9606.ENSP00000326671,0
cpi_9606.ENSP00000326699,0
cpi_9606.ENSP00000326708,0
cpi_9606.ENSP00000326737,0
cpi_9606.ENSP00000326759,0
cpi_9606.ENSP00000326804,0
cpi_9606.ENSP00000326806,0
cpi_9606.ENSP00000325448,0
cpi_9606.ENSP00000325423,0
cpi_9606.ENSP00000331504,0
cpi_9606.ENSP00000323927,0
cpi_9606.ENSP00000323816,0
cpi_9606.ENSP00000323847,0
cpi_9606.ENSP00000323856,0
cpi_9606.ENSP00000323867,0
cpi_9606.ENSP00000323880,0
cpi_9606.ENSP00000323901,0
cpi_9606.ENSP00000323926,0
cpi_9606.ENSP00000323929,0
cpi_9606.ENSP00000324270,0
cpi_9606.ENSP00000323978,0
cpi_9606.ENSP00000324020,0
cpi_9606.ENSP00000324105,0
cpi_9606.ENSP00000324122,0
cpi_9606.ENSP00000324127,0
cpi_9606.ENSP00000324172,0
cpi_9606.ENSP00000324173,0
cpi_9606.ENSP00000323811,0
cpi_9606.ENSP00000323740,0
cpi_9606.ENSP00000323720,0
cpi_9606.ENSP00000323714,0
cpi_9606.ENSP00000323246,0
cpi_9606.ENSP00000323275,0
cpi_9606.ENSP00000323288,0
cpi_9606.ENSP00000323313,0
cpi_9606.ENSP00000323421,0
cpi_9606.ENSP00000323424,0
cpi_9606.ENSP00000323439,0
cpi_9606.ENSP00000323511,0
cpi_9606.ENSP00000323516,0
cpi_9606.ENSP00000323549,0
cpi_9606.ENSP00000323568,0
cpi_9606.ENSP00000323580,0
cpi_9606.ENSP00000323588,0
cpi_9606.ENSP00000323659,0
cpi_9606.ENSP00000323678,0
cpi_9606.ENSP00000324248,0
cpi_9606.ENSP00000324287,0
cpi_9606.ENSP00000325421,0
cpi_9606.ENSP00000325136,0
cpi_9606.ENSP00000324944,0
cpi_9606.ENSP00000324960,0
cpi_9606.ENSP00000325002,0
cpi_9606.ENSP00000325017,0
cpi_9606.ENSP00000325018,0
cpi_9606.ENSP00000325091,0
cpi_9606.ENSP00000325120,0
cpi_9606.ENSP00000325239,0
cpi_9606.ENSP00000324343,0
cpi_9606.ENSP00000325240,0
cpi_9606.ENSP00000325290,0
cpi_9606.ENSP00000325296,0
cpi_9606.ENSP00000325312,0
cpi_9606.ENSP00000325355,0
cpi_9606.ENSP00000325376,0
cpi_9606.ENSP00000325377,0
cpi_9606.ENSP00000324897,0
cpi_9606.ENSP00000324890,0
cpi_9606.ENSP00000324857,0
cpi_9606.ENSP00000324856,0
cpi_9606.ENSP00000324422,0
cpi_9606.ENSP00000324464,0
cpi_9606.ENSP00000324527,0
cpi_9606.ENSP00000324532,0
cpi_9606.ENSP00000324549,0
cpi_9606.ENSP00000324560,0
cpi_9606.ENSP00000324573,0
cpi_9606.ENSP00000324636,0
cpi_9606.ENSP00000324648,0
cpi_9606.ENSP00000324740,0
cpi_9606.ENSP00000324742,0
cpi_9606.ENSP00000324792,0
cpi_9606.ENSP00000324804,0
cpi_9606.ENSP00000324806,0
cpi_9606.ENSP00000324842,0
cpi_9606.ENSP00000327417,0
cpi_9606.ENSP00000327431,0
cpi_9606.ENSP00000327436,0
cpi_9606.ENSP00000330237,0
cpi_9606.ENSP00000330070,0
cpi_9606.ENSP00000330074,0
cpi_9606.ENSP00000330098,0
cpi_9606.ENSP00000330138,0
cpi_9606.ENSP00000330141,0
cpi_9606.ENSP00000330199,0
cpi_9606.ENSP00000330219,0
cpi_9606.ENSP00000330264,0
cpi_9606.ENSP00000330382,0
cpi_9606.ENSP00000330276,0
cpi_9606.ENSP00000330284,0
cpi_9606.ENSP00000330307,0
cpi_9606.ENSP00000330320,0
cpi_9606.ENSP00000330341,0
cpi_9606.ENSP00000330343,0
cpi_9606.ENSP00000330375,0
cpi_9606.ENSP00000330054,0
cpi_9606.ENSP00000330032,0
cpi_9606.ENSP00000329991,0
cpi_9606.ENSP00000329967,0
cpi_9606.ENSP00000329466,0
cpi_9606.ENSP00000329539,0
cpi_9606.ENSP00000329553,0
cpi_9606.ENSP00000329554,0
cpi_9606.ENSP00000329558,0
cpi_9606.ENSP00000329614,0
cpi_9606.ENSP00000329623,0
cpi_9606.ENSP00000329647,0
cpi_9606.ENSP00000329662,0
cpi_9606.ENSP00000329668,0
cpi_9606.ENSP00000329684,0
cpi_9606.ENSP00000329697,0
cpi_9606.ENSP00000329757,0
cpi_9606.ENSP00000329867,0
cpi_9606.ENSP00000329933,0
cpi_9606.ENSP00000330381,0
cpi_9606.ENSP00000330393,0
cpi_9606.ENSP00000327453,0
cpi_9606.ENSP00000331201,0
cpi_9606.ENSP00000330959,0
cpi_9606.ENSP00000331019,0
cpi_9606.ENSP00000331040,0
cpi_9606.ENSP00000331057,0
cpi_9606.ENSP00000331103,0
cpi_9606.ENSP00000331111,0
cpi_9606.ENSP00000331127,0
cpi_9606.ENSP00000331211,0
cpi_9606.ENSP00000330408,0
cpi_9606.ENSP00000331268,0
cpi_9606.ENSP00000331310,0
cpi_9606.ENSP00000331327,0
cpi_9606.ENSP00000331358,0
cpi_9606.ENSP00000331368,0
cpi_9606.ENSP00000331376,0
cpi_9606.ENSP00000331418,0
cpi_9606.ENSP00000330918,0
cpi_9606.ENSP00000330878,0
cpi_9606.ENSP00000330875,0
cpi_9606.ENSP00000330836,0
cpi_9606.ENSP00000330460,0
cpi_9606.ENSP00000330475,0
cpi_9606.ENSP00000330484,0
cpi_9606.ENSP00000330587,0
cpi_9606.ENSP00000330596,0
cpi_9606.ENSP00000330601,0
cpi_9606.ENSP00000330631,0
cpi_9606.ENSP00000330633,0
cpi_9606.ENSP00000330634,0
cpi_9606.ENSP00000330658,0
cpi_9606.ENSP00000330671,0
cpi_9606.ENSP00000330721,0
cpi_9606.ENSP00000330753,0
cpi_9606.ENSP00000330812,0
cpi_9606.ENSP00000330825,0
cpi_9606.ENSP00000329454,0
cpi_9606.ENSP00000329418,0
cpi_9606.ENSP00000329411,0
cpi_9606.ENSP00000328181,0
cpi_9606.ENSP00000327975,0
cpi_9606.ENSP00000328017,0
cpi_9606.ENSP00000328023,0
cpi_9606.ENSP00000328088,0
cpi_9606.ENSP00000328150,0
cpi_9606.ENSP00000328169,0
cpi_9606.ENSP00000328173,0
cpi_9606.ENSP00000328182,0
cpi_9606.ENSP00000329384,0
cpi_9606.ENSP00000328203,0
cpi_9606.ENSP00000328207,0
cpi_9606.ENSP00000328216,0
cpi_9606.ENSP00000328230,0
cpi_9606.ENSP00000328236,0
cpi_9606.ENSP00000328269,0
cpi_9606.ENSP00000328287,0
cpi_9606.ENSP00000327959,0
cpi_9606.ENSP00000327943,0
cpi_9606.ENSP00000327916,0
cpi_9606.ENSP00000327890,0
cpi_9606.ENSP00000327459,0
cpi_9606.ENSP00000327513,0
cpi_9606.ENSP00000327557,0
cpi_9606.ENSP00000327569,0
cpi_9606.ENSP00000327583,0
cpi_9606.ENSP00000327589,0
cpi_9606.ENSP00000327652,0
cpi_9606.ENSP00000327704,0
cpi_9606.ENSP00000327716,0
cpi_9606.ENSP00000327724,0
cpi_9606.ENSP00000327758,0
cpi_9606.ENSP00000327801,0
cpi_9606.ENSP00000327821,0
cpi_9606.ENSP00000327850,0
cpi_9606.ENSP00000327875,0
cpi_9606.ENSP00000328327,0
cpi_9606.ENSP00000328412,0
cpi_9606.ENSP00000328472,0
cpi_9606.ENSP00000328813,0
cpi_9606.ENSP00000328835,0
cpi_9606.ENSP00000328858,0
cpi_9606.ENSP00000328875,0
cpi_9606.ENSP00000328938,0
cpi_9606.ENSP00000328939,0
cpi_9606.ENSP00000328968,0
cpi_9606.ENSP00000328973,0
cpi_9606.ENSP00000329093,0
cpi_9606.ENSP00000329127,0
cpi_9606.ENSP00000329170,0
cpi_9606.ENSP00000329212,0
cpi_9606.ENSP00000329243,0
cpi_9606.ENSP00000329357,0
cpi_9606.ENSP00000329374,0
cpi_9606.ENSP00000329380,0
cpi_9606.ENSP00000328818,0
cpi_9606.ENSP00000328808,0
cpi_9606.ENSP00000328478,0
cpi_9606.ENSP00000328789,0
cpi_9606.ENSP00000328484,0
cpi_9606.ENSP00000328494,0
cpi_9606.ENSP00000328511,0
cpi_9606.ENSP00000328547,0
cpi_9606.ENSP00000328551,0
cpi_9606.ENSP00000328570,0
cpi_9606.ENSP00000328596,0
cpi_9606.ENSP00000328598,0
cpi_9606.ENSP00000328625,0
cpi_9606.ENSP00000328708,0
cpi_9606.ENSP00000328720,0
cpi_9606.ENSP00000328729,0
cpi_9606.ENSP00000328737,0
cpi_9606.ENSP00000328773,0
cpi_9606.ENSP00000328777,0
cpi_9606.ENSP00000308318,0
cpi_9606.ENSP00000308275,0
cpi_9606.ENSP00000276373,0
cpi_9606.ENSP00000292301,0
cpi_9606.ENSP00000292055,0
cpi_9606.ENSP00000292079,0
cpi_9606.ENSP00000292095,0
cpi_9606.ENSP00000292147,0
cpi_9606.ENSP00000292169,0
cpi_9606.ENSP00000292174,0
cpi_9606.ENSP00000292180,0
cpi_9606.ENSP00000292303,0
cpi_9606.ENSP00000292513,0
cpi_9606.ENSP00000292327,0
cpi_9606.ENSP00000292363,0
cpi_9606.ENSP00000292385,0
cpi_9606.ENSP00000292401,0
cpi_9606.ENSP00000292408,0
cpi_9606.ENSP00000292427,0
cpi_9606.ENSP00000292431,0
cpi_9606.ENSP00000291906,0
cpi_9606.ENSP00000291744,0
cpi_9606.ENSP00000291700,0
cpi_9606.ENSP00000291670,0
cpi_9606.ENSP00000291295,0
cpi_9606.ENSP00000291442,0
cpi_9606.ENSP00000291526,0
cpi_9606.ENSP00000291527,0
cpi_9606.ENSP00000291532,0
cpi_9606.ENSP00000291539,0
cpi_9606.ENSP00000291547,0
cpi_9606.ENSP00000291552,0
cpi_9606.ENSP00000291554,0
cpi_9606.ENSP00000291565,0
cpi_9606.ENSP00000291568,0
cpi_9606.ENSP00000291572,0
cpi_9606.ENSP00000291577,0
cpi_9606.ENSP00000291582,0
cpi_9606.ENSP00000291592,0
cpi_9606.ENSP00000292432,0
cpi_9606.ENSP00000292539,0
cpi_9606.ENSP00000291281,0
cpi_9606.ENSP00000293599,0
cpi_9606.ENSP00000293350,0
cpi_9606.ENSP00000293362,0
cpi_9606.ENSP00000293379,0
cpi_9606.ENSP00000293404,0
cpi_9606.ENSP00000293414,0
cpi_9606.ENSP00000293441,0
cpi_9606.ENSP00000293549,0
cpi_9606.ENSP00000293636,0
cpi_9606.ENSP00000292562,0
cpi_9606.ENSP00000293662,0
cpi_9606.ENSP00000293670,0
cpi_9606.ENSP00000293745,0
cpi_9606.ENSP00000293761,0
cpi_9606.ENSP00000293778,0
cpi_9606.ENSP00000293780,0
cpi_9606.ENSP00000293805,0
cpi_9606.ENSP00000293330,0
cpi_9606.ENSP00000293328,0
cpi_9606.ENSP00000293308,0
cpi_9606.ENSP00000293288,0
cpi_9606.ENSP00000292596,0
cpi_9606.ENSP00000292614,0
cpi_9606.ENSP00000292616,0
cpi_9606.ENSP00000292644,0
cpi_9606.ENSP00000292807,0
cpi_9606.ENSP00000292823,0
cpi_9606.ENSP00000292896,0
cpi_9606.ENSP00000292907,0
cpi_9606.ENSP00000293190,0
cpi_9606.ENSP00000293217,0
cpi_9606.ENSP00000293218,0
cpi_9606.ENSP00000293230,0
cpi_9606.ENSP00000293255,0
cpi_9606.ENSP00000293272,0
cpi_9606.ENSP00000293275,0
cpi_9606.ENSP00000291294,0
cpi_9606.ENSP00000291041,0
cpi_9606.ENSP00000293831,0
cpi_9606.ENSP00000289547,0
cpi_9606.ENSP00000289316,0
cpi_9606.ENSP00000289352,0
cpi_9606.ENSP00000289371,0
cpi_9606.ENSP00000289373,0
cpi_9606.ENSP00000289407,0
cpi_9606.ENSP00000289416,0
cpi_9606.ENSP00000289473,0
cpi_9606.ENSP00000289575,0
cpi_9606.ENSP00000289957,0
cpi_9606.ENSP00000289746,0
cpi_9606.ENSP00000289749,0
cpi_9606.ENSP00000289753,0
cpi_9606.ENSP00000289865,0
cpi_9606.ENSP00000289877,0
cpi_9606.ENSP00000289902,0
cpi_9606.ENSP00000289932,0
cpi_9606.ENSP00000289248,0
cpi_9606.ENSP00000289228,0
cpi_9606.ENSP00000289153,0
cpi_9606.ENSP00000289104,0
cpi_9606.ENSP00000288309,0
cpi_9606.ENSP00000288532,0
cpi_9606.ENSP00000288602,0
cpi_9606.ENSP00000288666,0
cpi_9606.ENSP00000288699,0
cpi_9606.ENSP00000288774,0
cpi_9606.ENSP00000288840,0
cpi_9606.ENSP00000288861,0
cpi_9606.ENSP00000288937,0
cpi_9606.ENSP00000288943,0
cpi_9606.ENSP00000288976,0
cpi_9606.ENSP00000288985,0
cpi_9606.ENSP00000288986,0
cpi_9606.ENSP00000289004,0
cpi_9606.ENSP00000289081,0
cpi_9606.ENSP00000289952,0
cpi_9606.ENSP00000290015,0
cpi_9606.ENSP00000290953,0
cpi_9606.ENSP00000290759,0
cpi_9606.ENSP00000290573,0
cpi_9606.ENSP00000290575,0
cpi_9606.ENSP00000290597,0
cpi_9606.ENSP00000290607,0
cpi_9606.ENSP00000290649,0
cpi_9606.ENSP00000290650,0
cpi_9606.ENSP00000290705,0
cpi_9606.ENSP00000290765,0
cpi_9606.ENSP00000290122,0
cpi_9606.ENSP00000290810,0
cpi_9606.ENSP00000290866,0
cpi_9606.ENSP00000290894,0
cpi_9606.ENSP00000290902,0
cpi_9606.ENSP00000290921,0
cpi_9606.ENSP00000290943,0
cpi_9606.ENSP00000290949,0
cpi_9606.ENSP00000290552,0
cpi_9606.ENSP00000290551,0
cpi_9606.ENSP00000290541,0
cpi_9606.ENSP00000290472,0
cpi_9606.ENSP00000290130,0
cpi_9606.ENSP00000290158,0
cpi_9606.ENSP00000290167,0
cpi_9606.ENSP00000290200,0
cpi_9606.ENSP00000290219,0
cpi_9606.ENSP00000290231,0
cpi_9606.ENSP00000290271,0
cpi_9606.ENSP00000290299,0
cpi_9606.ENSP00000290310,0
cpi_9606.ENSP00000290341,0
cpi_9606.ENSP00000290349,0
cpi_9606.ENSP00000290354,0
cpi_9606.ENSP00000290378,0
cpi_9606.ENSP00000290390,0
cpi_9606.ENSP00000290429,0
cpi_9606.ENSP00000293813,0
cpi_9606.ENSP00000293842,0
cpi_9606.ENSP00000288235,0
cpi_9606.ENSP00000295927,0
cpi_9606.ENSP00000295888,0
cpi_9606.ENSP00000295890,0
cpi_9606.ENSP00000295897,0
cpi_9606.ENSP00000295901,0
cpi_9606.ENSP00000295908,0
cpi_9606.ENSP00000295924,0
cpi_9606.ENSP00000295926,0
cpi_9606.ENSP00000295930,0
cpi_9606.ENSP00000296046,0
cpi_9606.ENSP00000295934,0
cpi_9606.ENSP00000295951,0
cpi_9606.ENSP00000295971,0
cpi_9606.ENSP00000295987,0
cpi_9606.ENSP00000296026,0
cpi_9606.ENSP00000296027,0
cpi_9606.ENSP00000296028,0
cpi_9606.ENSP00000295887,0
cpi_9606.ENSP00000295872,0
cpi_9606.ENSP00000295834,0
cpi_9606.ENSP00000295822,0
cpi_9606.ENSP00000295688,0
cpi_9606.ENSP00000295709,0
cpi_9606.ENSP00000295718,0
cpi_9606.ENSP00000295727,0
cpi_9606.ENSP00000295731,0
cpi_9606.ENSP00000295736,0
cpi_9606.ENSP00000295743,0
cpi_9606.ENSP00000295746,0
cpi_9606.ENSP00000295755,0
cpi_9606.ENSP00000295757,0
cpi_9606.ENSP00000295759,0
cpi_9606.ENSP00000295770,0
cpi_9606.ENSP00000295777,0
cpi_9606.ENSP00000295797,0
cpi_9606.ENSP00000295802,0
cpi_9606.ENSP00000296029,0
cpi_9606.ENSP00000296051,0
cpi_9606.ENSP00000295683,0
cpi_9606.ENSP00000296422,0
cpi_9606.ENSP00000296327,0
cpi_9606.ENSP00000296328,0
cpi_9606.ENSP00000296350,0
cpi_9606.ENSP00000296370,0
cpi_9606.ENSP00000296411,0
cpi_9606.ENSP00000296412,0
cpi_9606.ENSP00000296417,0
cpi_9606.ENSP00000296424,0
cpi_9606.ENSP00000296084,0
cpi_9606.ENSP00000296440,0
cpi_9606.ENSP00000296456,0
cpi_9606.ENSP00000296464,0
cpi_9606.ENSP00000296474,0
cpi_9606.ENSP00000296486,0
cpi_9606.ENSP00000296498,0
cpi_9606.ENSP00000296503,0
cpi_9606.ENSP00000296292,0
cpi_9606.ENSP00000296280,0
cpi_9606.ENSP00000296277,0
cpi_9606.ENSP00000296273,0
cpi_9606.ENSP00000296088,0
cpi_9606.ENSP00000296099,0
cpi_9606.ENSP00000296102,0
cpi_9606.ENSP00000296122,0
cpi_9606.ENSP00000296125,0
cpi_9606.ENSP00000296127,0
cpi_9606.ENSP00000296130,0
cpi_9606.ENSP00000296140,0
cpi_9606.ENSP00000296144,0
cpi_9606.ENSP00000296181,0
cpi_9606.ENSP00000296223,0
cpi_9606.ENSP00000296233,0
cpi_9606.ENSP00000296255,0
cpi_9606.ENSP00000296266,0
cpi_9606.ENSP00000296271,0
cpi_9606.ENSP00000295685,0
cpi_9606.ENSP00000295666,0
cpi_9606.ENSP00000293851,0
cpi_9606.ENSP00000294816,0
cpi_9606.ENSP00000294635,0
cpi_9606.ENSP00000294702,0
cpi_9606.ENSP00000294724,0
cpi_9606.ENSP00000294725,0
cpi_9606.ENSP00000294728,0
cpi_9606.ENSP00000294740,0
cpi_9606.ENSP00000294785,0
cpi_9606.ENSP00000294818,0
cpi_9606.ENSP00000295065,0
cpi_9606.ENSP00000294904,0
cpi_9606.ENSP00000294954,0
cpi_9606.ENSP00000294964,0
cpi_9606.ENSP00000294973,0
cpi_9606.ENSP00000295006,0
cpi_9606.ENSP00000295025,0
cpi_9606.ENSP00000295055,0
cpi_9606.ENSP00000294517,0
cpi_9606.ENSP00000294489,0
cpi_9606.ENSP00000294435,0
cpi_9606.ENSP00000294383,0
cpi_9606.ENSP00000293860,0
cpi_9606.ENSP00000293897,0
cpi_9606.ENSP00000293970,0
cpi_9606.ENSP00000293973,0
cpi_9606.ENSP00000294008,0
cpi_9606.ENSP00000294016,0
cpi_9606.ENSP00000294053,0
cpi_9606.ENSP00000294066,0
cpi_9606.ENSP00000294117,0
cpi_9606.ENSP00000294189,0
cpi_9606.ENSP00000294288,0
cpi_9606.ENSP00000294304,0
cpi_9606.ENSP00000294312,0
cpi_9606.ENSP00000294338,0
cpi_9606.ENSP00000294339,0
cpi_9606.ENSP00000295057,0
cpi_9606.ENSP00000295082,0
cpi_9606.ENSP00000295640,0
cpi_9606.ENSP00000295491,0
cpi_9606.ENSP00000295448,0
cpi_9606.ENSP00000295452,0
cpi_9606.ENSP00000295453,0
cpi_9606.ENSP00000295454,0
cpi_9606.ENSP00000295463,0
cpi_9606.ENSP00000295470,0
cpi_9606.ENSP00000295488,0
cpi_9606.ENSP00000295522,0
cpi_9606.ENSP00000295087,0
cpi_9606.ENSP00000295550,0
cpi_9606.ENSP00000295589,0
cpi_9606.ENSP00000295598,0
cpi_9606.ENSP00000295600,0
cpi_9606.ENSP00000295619,0
cpi_9606.ENSP00000295628,0
cpi_9606.ENSP00000295633,0
cpi_9606.ENSP00000295440,0
cpi_9606.ENSP00000295408,0
cpi_9606.ENSP00000295400,0
cpi_9606.ENSP00000295379,0
cpi_9606.ENSP00000295095,0
cpi_9606.ENSP00000295101,0
cpi_9606.ENSP00000295108,0
cpi_9606.ENSP00000295113,0
cpi_9606.ENSP00000295131,0
cpi_9606.ENSP00000295137,0
cpi_9606.ENSP00000295156,0
cpi_9606.ENSP00000295206,0
cpi_9606.ENSP00000295225,0
cpi_9606.ENSP00000295228,0
cpi_9606.ENSP00000295256,0
cpi_9606.ENSP00000295266,0
cpi_9606.ENSP00000295269,0
cpi_9606.ENSP00000295317,0
cpi_9606.ENSP00000295373,0
cpi_9606.ENSP00000288266,0
cpi_9606.ENSP00000288207,0
cpi_9606.ENSP00000308227,0
cpi_9606.ENSP00000281273,0
cpi_9606.ENSP00000281081,0
cpi_9606.ENSP00000281092,0
cpi_9606.ENSP00000281154,0
cpi_9606.ENSP00000281156,0
cpi_9606.ENSP00000281171,0
cpi_9606.ENSP00000281182,0
cpi_9606.ENSP00000281243,0
cpi_9606.ENSP00000281282,0
cpi_9606.ENSP00000281589,0
cpi_9606.ENSP00000281317,0
cpi_9606.ENSP00000281321,0
cpi_9606.ENSP00000281419,0
cpi_9606.ENSP00000281453,0
cpi_9606.ENSP00000281455,0
cpi_9606.ENSP00000281456,0
cpi_9606.ENSP00000281537,0
cpi_9606.ENSP00000281043,0
cpi_9606.ENSP00000281038,0
cpi_9606.ENSP00000280904,0
cpi_9606.ENSP00000280886,0
cpi_9606.ENSP00000280527,0
cpi_9606.ENSP00000280551,0
cpi_9606.ENSP00000280557,0
cpi_9606.ENSP00000280560,0
cpi_9606.ENSP00000280605,0
cpi_9606.ENSP00000280606,0
cpi_9606.ENSP00000280612,0
cpi_9606.ENSP00000280614,0
cpi_9606.ENSP00000280684,0
cpi_9606.ENSP00000280700,0
cpi_9606.ENSP00000280701,0
cpi_9606.ENSP00000280704,0
cpi_9606.ENSP00000280706,0
cpi_9606.ENSP00000280772,0
cpi_9606.ENSP00000280871,0
cpi_9606.ENSP00000281543,0
cpi_9606.ENSP00000281701,0
cpi_9606.ENSP00000280362,0
cpi_9606.ENSP00000282538,0
cpi_9606.ENSP00000282470,0
cpi_9606.ENSP00000282478,0
cpi_9606.ENSP00000282486,0
cpi_9606.ENSP00000282493,0
cpi_9606.ENSP00000282499,0
cpi_9606.ENSP00000282507,0
cpi_9606.ENSP00000282516,0
cpi_9606.ENSP00000282541,0
cpi_9606.ENSP00000281708,0
cpi_9606.ENSP00000282561,0
cpi_9606.ENSP00000282572,0
cpi_9606.ENSP00000282588,0
cpi_9606.ENSP00000282701,0
cpi_9606.ENSP00000282728,0
cpi_9606.ENSP00000282753,0
cpi_9606.ENSP00000282841,0
cpi_9606.ENSP00000282441,0
cpi_9606.ENSP00000282412,0
cpi_9606.ENSP00000282397,0
cpi_9606.ENSP00000282388,0
cpi_9606.ENSP00000281741,0
cpi_9606.ENSP00000281806,0
cpi_9606.ENSP00000281821,0
cpi_9606.ENSP00000281830,0
cpi_9606.ENSP00000281938,0
cpi_9606.ENSP00000282018,0
cpi_9606.ENSP00000282026,0
cpi_9606.ENSP00000282030,0
cpi_9606.ENSP00000282050,0
cpi_9606.ENSP00000282077,0
cpi_9606.ENSP00000282091,0
cpi_9606.ENSP00000282096,0
cpi_9606.ENSP00000282111,0
cpi_9606.ENSP00000282276,0
cpi_9606.ENSP00000282356,0
cpi_9606.ENSP00000280481,0
cpi_9606.ENSP00000280357,0
cpi_9606.ENSP00000282903,0
cpi_9606.ENSP00000277942,0
cpi_9606.ENSP00000277480,0
cpi_9606.ENSP00000277508,0
cpi_9606.ENSP00000277517,0
cpi_9606.ENSP00000277541,0
cpi_9606.ENSP00000277554,0
cpi_9606.ENSP00000277865,0
cpi_9606.ENSP00000277903,0
cpi_9606.ENSP00000278070,0
cpi_9606.ENSP00000278407,0
cpi_9606.ENSP00000278175,0
cpi_9606.ENSP00000278198,0
cpi_9606.ENSP00000278200,0
cpi_9606.ENSP00000278282,0
cpi_9606.ENSP00000278317,0
cpi_9606.ENSP00000278353,0
cpi_9606.ENSP00000278360,0
cpi_9606.ENSP00000277458,0
cpi_9606.ENSP00000277120,0
cpi_9606.ENSP00000277010,0
cpi_9606.ENSP00000276927,0
cpi_9606.ENSP00000276390,0
cpi_9606.ENSP00000276410,0
cpi_9606.ENSP00000276414,0
cpi_9606.ENSP00000276431,0
cpi_9606.ENSP00000276449,0
cpi_9606.ENSP00000276571,0
cpi_9606.ENSP00000276590,0
cpi_9606.ENSP00000276603,0
cpi_9606.ENSP00000276616,0
cpi_9606.ENSP00000276651,0
cpi_9606.ENSP00000276659,0
cpi_9606.ENSP00000276692,0
cpi_9606.ENSP00000276893,0
cpi_9606.ENSP00000276914,0
cpi_9606.ENSP00000276925,0
cpi_9606.ENSP00000278379,0
cpi_9606.ENSP00000278412,0
cpi_9606.ENSP00000280346,0
cpi_9606.ENSP00000279488,0
cpi_9606.ENSP00000279242,0
cpi_9606.ENSP00000279247,0
cpi_9606.ENSP00000279263,0
cpi_9606.ENSP00000279281,0
cpi_9606.ENSP00000279387,0
cpi_9606.ENSP00000279441,0
cpi_9606.ENSP00000279463,0
cpi_9606.ENSP00000279544,0
cpi_9606.ENSP00000278559,0
cpi_9606.ENSP00000279593,0
cpi_9606.ENSP00000280056,0
cpi_9606.ENSP00000280097,0
cpi_9606.ENSP00000280154,0
cpi_9606.ENSP00000280155,0
cpi_9606.ENSP00000280193,0
cpi_9606.ENSP00000280326,0
cpi_9606.ENSP00000279230,0
cpi_9606.ENSP00000279178,0
cpi_9606.ENSP00000279027,0
cpi_9606.ENSP00000279022,0
cpi_9606.ENSP00000278568,0
cpi_9606.ENSP00000278612,0
cpi_9606.ENSP00000278616,0
cpi_9606.ENSP00000278618,0
cpi_9606.ENSP00000278715,0
cpi_9606.ENSP00000278742,0
cpi_9606.ENSP00000278765,0
cpi_9606.ENSP00000278829,0
cpi_9606.ENSP00000278833,0
cpi_9606.ENSP00000278836,0
cpi_9606.ENSP00000278840,0
cpi_9606.ENSP00000278888,0
cpi_9606.ENSP00000278903,0
cpi_9606.ENSP00000278947,0
cpi_9606.ENSP00000278968,0
cpi_9606.ENSP00000282892,0
cpi_9606.ENSP00000282908,0
cpi_9606.ENSP00000288199,0
cpi_9606.ENSP00000286713,0
cpi_9606.ENSP00000286548,0
cpi_9606.ENSP00000286574,0
cpi_9606.ENSP00000286614,0
cpi_9606.ENSP00000286621,0
cpi_9606.ENSP00000286639,0
cpi_9606.ENSP00000286648,0
cpi_9606.ENSP00000286657,0
cpi_9606.ENSP00000286719,0
cpi_9606.ENSP00000287042,0
cpi_9606.ENSP00000286749,0
cpi_9606.ENSP00000286758,0
cpi_9606.ENSP00000286794,0
cpi_9606.ENSP00000286918,0
cpi_9606.ENSP00000286955,0
cpi_9606.ENSP00000287020,0
cpi_9606.ENSP00000287022,0
cpi_9606.ENSP00000286479,0
cpi_9606.ENSP00000286398,0
cpi_9606.ENSP00000286371,0
cpi_9606.ENSP00000286355,0
cpi_9606.ENSP00000285896,0
cpi_9606.ENSP00000285900,0
cpi_9606.ENSP00000285928,0
cpi_9606.ENSP00000285930,0
cpi_9606.ENSP00000285949,0
cpi_9606.ENSP00000285979,0
cpi_9606.ENSP00000286063,0
cpi_9606.ENSP00000286091,0
cpi_9606.ENSP00000286175,0
cpi_9606.ENSP00000286186,0
cpi_9606.ENSP00000286201,0
cpi_9606.ENSP00000286234,0
cpi_9606.ENSP00000286298,0
cpi_9606.ENSP00000286301,0
cpi_9606.ENSP00000286332,0
cpi_9606.ENSP00000287038,0
cpi_9606.ENSP00000287078,0
cpi_9606.ENSP00000285848,0
cpi_9606.ENSP00000287996,0
cpi_9606.ENSP00000287820,0
cpi_9606.ENSP00000287878,0
cpi_9606.ENSP00000287907,0
cpi_9606.ENSP00000287908,0
cpi_9606.ENSP00000287916,0
cpi_9606.ENSP00000287934,0
cpi_9606.ENSP00000287936,0
cpi_9606.ENSP00000288022,0
cpi_9606.ENSP00000287139,0
cpi_9606.ENSP00000288040,0
cpi_9606.ENSP00000288050,0
cpi_9606.ENSP00000288071,0
cpi_9606.ENSP00000288111,0
cpi_9606.ENSP00000288135,0
cpi_9606.ENSP00000288139,0
cpi_9606.ENSP00000288167,0
cpi_9606.ENSP00000287814,0
cpi_9606.ENSP00000287766,0
cpi_9606.ENSP00000287727,0
cpi_9606.ENSP00000287713,0
cpi_9606.ENSP00000287143,0
cpi_9606.ENSP00000287152,0
cpi_9606.ENSP00000287156,0
cpi_9606.ENSP00000287169,0
cpi_9606.ENSP00000287239,0
cpi_9606.ENSP00000287295,0
cpi_9606.ENSP00000287394,0
cpi_9606.ENSP00000287482,0
cpi_9606.ENSP00000287490,0
cpi_9606.ENSP00000287538,0
cpi_9606.ENSP00000287598,0
cpi_9606.ENSP00000287641,0
cpi_9606.ENSP00000287647,0
cpi_9606.ENSP00000287652,0
cpi_9606.ENSP00000287675,0
cpi_9606.ENSP00000285850,0
cpi_9606.ENSP00000285737,0
cpi_9606.ENSP00000282957,0
cpi_9606.ENSP00000283921,0
cpi_9606.ENSP00000283646,0
cpi_9606.ENSP00000283684,0
cpi_9606.ENSP00000283713,0
cpi_9606.ENSP00000283752,0
cpi_9606.ENSP00000283871,0
cpi_9606.ENSP00000283875,0
cpi_9606.ENSP00000283916,0
cpi_9606.ENSP00000283936,0
cpi_9606.ENSP00000284320,0
cpi_9606.ENSP00000283943,0
cpi_9606.ENSP00000284000,0
cpi_9606.ENSP00000284031,0
cpi_9606.ENSP00000284049,0
cpi_9606.ENSP00000284073,0
cpi_9606.ENSP00000284116,0
cpi_9606.ENSP00000284240,0
cpi_9606.ENSP00000283635,0
cpi_9606.ENSP00000283628,0
cpi_9606.ENSP00000283558,0
cpi_9606.ENSP00000283429,0
cpi_9606.ENSP00000283006,0
cpi_9606.ENSP00000283027,0
cpi_9606.ENSP00000283033,0
cpi_9606.ENSP00000283109,0
cpi_9606.ENSP00000283122,0
cpi_9606.ENSP00000283131,0
cpi_9606.ENSP00000283147,0
cpi_9606.ENSP00000283195,0
cpi_9606.ENSP00000283206,0
cpi_9606.ENSP00000283228,0
cpi_9606.ENSP00000283249,0
cpi_9606.ENSP00000283254,0
cpi_9606.ENSP00000283256,0
cpi_9606.ENSP00000283268,0
cpi_9606.ENSP00000283290,0
cpi_9606.ENSP00000284292,0
cpi_9606.ENSP00000284382,0
cpi_9606.ENSP00000285735,0
cpi_9606.ENSP00000285273,0
cpi_9606.ENSP00000285021,0
cpi_9606.ENSP00000285039,0
cpi_9606.ENSP00000285071,0
cpi_9606.ENSP00000285083,0
cpi_9606.ENSP00000285093,0
cpi_9606.ENSP00000285208,0
cpi_9606.ENSP00000285238,0
cpi_9606.ENSP00000285379,0
cpi_9606.ENSP00000284425,0
cpi_9606.ENSP00000285381,0
cpi_9606.ENSP00000285393,0
cpi_9606.ENSP00000285398,0
cpi_9606.ENSP00000285407,0
cpi_9606.ENSP00000285599,0
cpi_9606.ENSP00000285667,0
cpi_9606.ENSP00000285679,0
cpi_9606.ENSP00000285018,0
cpi_9606.ENSP00000284987,0
cpi_9606.ENSP00000284984,0
cpi_9606.ENSP00000284981,0
cpi_9606.ENSP00000284440,0
cpi_9606.ENSP00000284509,0
cpi_9606.ENSP00000284523,0
cpi_9606.ENSP00000284562,0
cpi_9606.ENSP00000284629,0
cpi_9606.ENSP00000284674,0
cpi_9606.ENSP00000284690,0
cpi_9606.ENSP00000284719,0
cpi_9606.ENSP00000284727,0
cpi_9606.ENSP00000284811,0
cpi_9606.ENSP00000284818,0
cpi_9606.ENSP00000284878,0
cpi_9606.ENSP00000284885,0
cpi_9606.ENSP00000284951,0
cpi_9606.ENSP00000284957,0
cpi_9606.ENSP00000296504,0
cpi_9606.ENSP00000296509,0
cpi_9606.ENSP00000296511,0
cpi_9606.ENSP00000304350,0
cpi_9606.ENSP00000304277,0
cpi_9606.ENSP00000304283,0
cpi_9606.ENSP00000304286,0
cpi_9606.ENSP00000304290,0
cpi_9606.ENSP00000304308,0
cpi_9606.ENSP00000304311,0
cpi_9606.ENSP00000304336,0
cpi_9606.ENSP00000304360,0
cpi_9606.ENSP00000304565,0
cpi_9606.ENSP00000304376,0
cpi_9606.ENSP00000304408,0
cpi_9606.ENSP00000304414,0
cpi_9606.ENSP00000304440,0
cpi_9606.ENSP00000304447,0
cpi_9606.ENSP00000304467,0
cpi_9606.ENSP00000304501,0
cpi_9606.ENSP00000304236,0
cpi_9606.ENSP00000304229,0
cpi_9606.ENSP00000304169,0
cpi_9606.ENSP00000304133,0
cpi_9606.ENSP00000303686,0
cpi_9606.ENSP00000303706,0
cpi_9606.ENSP00000303709,0
cpi_9606.ENSP00000303754,0
cpi_9606.ENSP00000303766,0
cpi_9606.ENSP00000303775,0
cpi_9606.ENSP00000303830,0
cpi_9606.ENSP00000303887,0
cpi_9606.ENSP00000303939,0
cpi_9606.ENSP00000303942,0
cpi_9606.ENSP00000303963,0
cpi_9606.ENSP00000304004,0
cpi_9606.ENSP00000304102,0
cpi_9606.ENSP00000304111,0
cpi_9606.ENSP00000304127,0
cpi_9606.ENSP00000304502,0
cpi_9606.ENSP00000304586,0
cpi_9606.ENSP00000303599,0
cpi_9606.ENSP00000305133,0
cpi_9606.ENSP00000304923,0
cpi_9606.ENSP00000304956,0
cpi_9606.ENSP00000304985,0
cpi_9606.ENSP00000304994,0
cpi_9606.ENSP00000305056,0
cpi_9606.ENSP00000305059,0
cpi_9606.ENSP00000305071,0
cpi_9606.ENSP00000305138,0
cpi_9606.ENSP00000304592,0
cpi_9606.ENSP00000305152,0
cpi_9606.ENSP00000305221,0
cpi_9606.ENSP00000305244,0
cpi_9606.ENSP00000305255,0
cpi_9606.ENSP00000305260,0
cpi_9606.ENSP00000305288,0
cpi_9606.ENSP00000305302,0
cpi_9606.ENSP00000304915,0
cpi_9606.ENSP00000304908,0
cpi_9606.ENSP00000304895,0
cpi_9606.ENSP00000304891,0
cpi_9606.ENSP00000304604,0
cpi_9606.ENSP00000304643,0
cpi_9606.ENSP00000304669,0
cpi_9606.ENSP00000304697,0
cpi_9606.ENSP00000304736,0
cpi_9606.ENSP00000304767,0
cpi_9606.ENSP00000304769,0
cpi_9606.ENSP00000304782,0
cpi_9606.ENSP00000304783,0
cpi_9606.ENSP00000304802,0
cpi_9606.ENSP00000304811,0
cpi_9606.ENSP00000304822,0
cpi_9606.ENSP00000304843,0
cpi_9606.ENSP00000304845,0
cpi_9606.ENSP00000304858,0
cpi_9606.ENSP00000303634,0
cpi_9606.ENSP00000303585,0
cpi_9606.ENSP00000305372,0
cpi_9606.ENSP00000302898,0
cpi_9606.ENSP00000302812,0
cpi_9606.ENSP00000302814,0
cpi_9606.ENSP00000302830,0
cpi_9606.ENSP00000302846,0
cpi_9606.ENSP00000302851,0
cpi_9606.ENSP00000302886,0
cpi_9606.ENSP00000302896,0
cpi_9606.ENSP00000302935,0
cpi_9606.ENSP00000303149,0
cpi_9606.ENSP00000302961,0
cpi_9606.ENSP00000302967,0
cpi_9606.ENSP00000302968,0
cpi_9606.ENSP00000303057,0
cpi_9606.ENSP00000303077,0
cpi_9606.ENSP00000303129,0
cpi_9606.ENSP00000303145,0
cpi_9606.ENSP00000302811,0
cpi_9606.ENSP00000302805,0
cpi_9606.ENSP00000302801,0
cpi_9606.ENSP00000302790,0
cpi_9606.ENSP00000302564,0
cpi_9606.ENSP00000302569,0
cpi_9606.ENSP00000302599,0
cpi_9606.ENSP00000302620,0
cpi_9606.ENSP00000302621,0
cpi_9606.ENSP00000302625,0
cpi_9606.ENSP00000302630,0
cpi_9606.ENSP00000302640,0
cpi_9606.ENSP00000302648,0
cpi_9606.ENSP00000302665,0
cpi_9606.ENSP00000302676,0
cpi_9606.ENSP00000302707,0
cpi_9606.ENSP00000302719,0
cpi_9606.ENSP00000302728,0
cpi_9606.ENSP00000302756,0
cpi_9606.ENSP00000303147,0
cpi_9606.ENSP00000303153,0
cpi_9606.ENSP00000303584,0
cpi_9606.ENSP00000303476,0
cpi_9606.ENSP00000303394,0
cpi_9606.ENSP00000303408,0
cpi_9606.ENSP00000303423,0
cpi_9606.ENSP00000303424,0
cpi_9606.ENSP00000303427,0
cpi_9606.ENSP00000303437,0
cpi_9606.ENSP00000303452,0
cpi_9606.ENSP00000303507,0
cpi_9606.ENSP00000303174,0
cpi_9606.ENSP00000303515,0
cpi_9606.ENSP00000303518,0
cpi_9606.ENSP00000303522,0
cpi_9606.ENSP00000303525,0
cpi_9606.ENSP00000303540,0
cpi_9606.ENSP00000303554,0
cpi_9606.ENSP00000303575,0
cpi_9606.ENSP00000303373,0
cpi_9606.ENSP00000303366,0
cpi_9606.ENSP00000303356,0
cpi_9606.ENSP00000303351,0
cpi_9606.ENSP00000303178,0
cpi_9606.ENSP00000303192,0
cpi_9606.ENSP00000303206,0
cpi_9606.ENSP00000303208,0
cpi_9606.ENSP00000303211,0
cpi_9606.ENSP00000303212,0
cpi_9606.ENSP00000303231,0
cpi_9606.ENSP00000303242,0
cpi_9606.ENSP00000303246,0
cpi_9606.ENSP00000303248,0
cpi_9606.ENSP00000303252,0
cpi_9606.ENSP00000303276,0
cpi_9606.ENSP00000303279,0
cpi_9606.ENSP00000303315,0
cpi_9606.ENSP00000303325,0
cpi_9606.ENSP00000305355,0
cpi_9606.ENSP00000305416,0
cpi_9606.ENSP00000296518,0
cpi_9606.ENSP00000307240,0
cpi_9606.ENSP00000307080,0
cpi_9606.ENSP00000307096,0
cpi_9606.ENSP00000307183,0
cpi_9606.ENSP00000307188,0
cpi_9606.ENSP00000307197,0
cpi_9606.ENSP00000307208,0
cpi_9606.ENSP00000307235,0
cpi_9606.ENSP00000307241,0
cpi_9606.ENSP00000307342,0
cpi_9606.ENSP00000307252,0
cpi_9606.ENSP00000307259,0
cpi_9606.ENSP00000307260,0
cpi_9606.ENSP00000307272,0
cpi_9606.ENSP00000307280,0
cpi_9606.ENSP00000307288,0
cpi_9606.ENSP00000307298,0
cpi_9606.ENSP00000307078,0
cpi_9606.ENSP00000307046,0
cpi_9606.ENSP00000307041,0
cpi_9606.ENSP00000307023,0
cpi_9606.ENSP00000306752,0
cpi_9606.ENSP00000306772,0
cpi_9606.ENSP00000306817,0
cpi_9606.ENSP00000306844,0
cpi_9606.ENSP00000306864,0
cpi_9606.ENSP00000306866,0
cpi_9606.ENSP00000306881,0
cpi_9606.ENSP00000306884,0
cpi_9606.ENSP00000306894,0
cpi_9606.ENSP00000306906,0
cpi_9606.ENSP00000306920,0
cpi_9606.ENSP00000306991,0
cpi_9606.ENSP00000306999,0
cpi_9606.ENSP00000307006,0
cpi_9606.ENSP00000307014,0
cpi_9606.ENSP00000307305,0
cpi_9606.ENSP00000307443,0
cpi_9606.ENSP00000306682,0
cpi_9606.ENSP00000308032,0
cpi_9606.ENSP00000307875,0
cpi_9606.ENSP00000307889,0
cpi_9606.ENSP00000307900,0
cpi_9606.ENSP00000307940,0
cpi_9606.ENSP00000308000,0
cpi_9606.ENSP00000308012,0
cpi_9606.ENSP00000308024,0
cpi_9606.ENSP00000308107,0
cpi_9606.ENSP00000307445,0
cpi_9606.ENSP00000308117,0
cpi_9606.ENSP00000308137,0
cpi_9606.ENSP00000308149,0
cpi_9606.ENSP00000308165,0
cpi_9606.ENSP00000308176,0
cpi_9606.ENSP00000308208,0
cpi_9606.ENSP00000308219,0
cpi_9606.ENSP00000307863,0
cpi_9606.ENSP00000307859,0
cpi_9606.ENSP00000307854,0
cpi_9606.ENSP00000307853,0
cpi_9606.ENSP00000307508,0
cpi_9606.ENSP00000307519,0
cpi_9606.ENSP00000307567,0
cpi_9606.ENSP00000307599,0
cpi_9606.ENSP00000307607,0
cpi_9606.ENSP00000307674,0
cpi_9606.ENSP00000307694,0
cpi_9606.ENSP00000307697,0
cpi_9606.ENSP00000307705,0
cpi_9606.ENSP00000307706,0
cpi_9606.ENSP00000307713,0
cpi_9606.ENSP00000307766,0
cpi_9606.ENSP00000307786,0
cpi_9606.ENSP00000307822,0
cpi_9606.ENSP00000307850,0
cpi_9606.ENSP00000306697,0
cpi_9606.ENSP00000306678,0
cpi_9606.ENSP00000305422,0
cpi_9606.ENSP00000305877,0
cpi_9606.ENSP00000305702,0
cpi_9606.ENSP00000305714,0
cpi_9606.ENSP00000305721,0
cpi_9606.ENSP00000305742,0
cpi_9606.ENSP00000305769,0
cpi_9606.ENSP00000305777,0
cpi_9606.ENSP00000305824,0
cpi_9606.ENSP00000305899,0
cpi_9606.ENSP00000305995,0
cpi_9606.ENSP00000305918,0
cpi_9606.ENSP00000305919,0
cpi_9606.ENSP00000305941,0
cpi_9606.ENSP00000305958,0
cpi_9606.ENSP00000305973,0
cpi_9606.ENSP00000305974,0
cpi_9606.ENSP00000305976,0
cpi_9606.ENSP00000305692,0
cpi_9606.ENSP00000305682,0
cpi_9606.ENSP00000305675,0
cpi_9606.ENSP00000305654,0
cpi_9606.ENSP00000305426,0
cpi_9606.ENSP00000305449,0
cpi_9606.ENSP00000305464,0
cpi_9606.ENSP00000305465,0
cpi_9606.ENSP00000305480,0
cpi_9606.ENSP00000305494,0
cpi_9606.ENSP00000305503,0
cpi_9606.ENSP00000305556,0
cpi_9606.ENSP00000305595,0
cpi_9606.ENSP00000305603,0
cpi_9606.ENSP00000305613,0
cpi_9606.ENSP00000305632,0
cpi_9606.ENSP00000305647,0
cpi_9606.ENSP00000305648,0
cpi_9606.ENSP00000305651,0
cpi_9606.ENSP00000305988,0
cpi_9606.ENSP00000306010,0
cpi_9606.ENSP00000306662,0
cpi_9606.ENSP00000306528,0
cpi_9606.ENSP00000306473,0
cpi_9606.ENSP00000306477,0
cpi_9606.ENSP00000306490,0
cpi_9606.ENSP00000306496,0
cpi_9606.ENSP00000306497,0
cpi_9606.ENSP00000306512,0
cpi_9606.ENSP00000306524,0
cpi_9606.ENSP00000306548,0
cpi_9606.ENSP00000306099,0
cpi_9606.ENSP00000306549,0
cpi_9606.ENSP00000306561,0
cpi_9606.ENSP00000306565,0
cpi_9606.ENSP00000306579,0
cpi_9606.ENSP00000306606,0
cpi_9606.ENSP00000306614,0
cpi_9606.ENSP00000306627,0
cpi_9606.ENSP00000306449,0
cpi_9606.ENSP00000306425,0
cpi_9606.ENSP00000306397,0
cpi_9606.ENSP00000306390,0
cpi_9606.ENSP00000306100,0
cpi_9606.ENSP00000306124,0
cpi_9606.ENSP00000306129,0
cpi_9606.ENSP00000306138,0
cpi_9606.ENSP00000306157,0
cpi_9606.ENSP00000306163,0
cpi_9606.ENSP00000306185,0
cpi_9606.ENSP00000306223,0
cpi_9606.ENSP00000306245,0
cpi_9606.ENSP00000306253,0
cpi_9606.ENSP00000306275,0
cpi_9606.ENSP00000306330,0
cpi_9606.ENSP00000306356,0
cpi_9606.ENSP00000306361,0
cpi_9606.ENSP00000306382,0
cpi_9606.ENSP00000302530,0
cpi_9606.ENSP00000302501,0
cpi_9606.ENSP00000302486,0
cpi_9606.ENSP00000298310,0
cpi_9606.ENSP00000298248,0
cpi_9606.ENSP00000298282,0
cpi_9606.ENSP00000298283,0
cpi_9606.ENSP00000298288,0
cpi_9606.ENSP00000298295,0
cpi_9606.ENSP00000298299,0
cpi_9606.ENSP00000298307,0
cpi_9606.ENSP00000298316,0
cpi_9606.ENSP00000298527,0
cpi_9606.ENSP00000298317,0
cpi_9606.ENSP00000298352,0
cpi_9606.ENSP00000298375,0
cpi_9606.ENSP00000298386,0
cpi_9606.ENSP00000298428,0
cpi_9606.ENSP00000298440,0
cpi_9606.ENSP00000298472,0
cpi_9606.ENSP00000298231,0
cpi_9606.ENSP00000298229,0
cpi_9606.ENSP00000298223,0
cpi_9606.ENSP00000298198,0
cpi_9606.ENSP00000297904,0
cpi_9606.ENSP00000297954,0
cpi_9606.ENSP00000297977,0
cpi_9606.ENSP00000297988,0
cpi_9606.ENSP00000297991,0
cpi_9606.ENSP00000298047,0
cpi_9606.ENSP00000298048,0
cpi_9606.ENSP00000298068,0
cpi_9606.ENSP00000298085,0
cpi_9606.ENSP00000298110,0
cpi_9606.ENSP00000298119,0
cpi_9606.ENSP00000298125,0
cpi_9606.ENSP00000298139,0
cpi_9606.ENSP00000298159,0
cpi_9606.ENSP00000298171,0
cpi_9606.ENSP00000298510,0
cpi_9606.ENSP00000298532,0
cpi_9606.ENSP00000297848,0
cpi_9606.ENSP00000299178,0
cpi_9606.ENSP00000298999,0
cpi_9606.ENSP00000299001,0
cpi_9606.ENSP00000299022,0
cpi_9606.ENSP00000299084,0
cpi_9606.ENSP00000299134,0
cpi_9606.ENSP00000299162,0
cpi_9606.ENSP00000299163,0
cpi_9606.ENSP00000299194,0
cpi_9606.ENSP00000298545,0
cpi_9606.ENSP00000299198,0
cpi_9606.ENSP00000299206,0
cpi_9606.ENSP00000299218,0
cpi_9606.ENSP00000299259,0
cpi_9606.ENSP00000299267,0
cpi_9606.ENSP00000299293,0
cpi_9606.ENSP00000299295,0
cpi_9606.ENSP00000298942,0
cpi_9606.ENSP00000298912,0
cpi_9606.ENSP00000298910,0
cpi_9606.ENSP00000298875,0
cpi_9606.ENSP00000298552,0
cpi_9606.ENSP00000298556,0
cpi_9606.ENSP00000298596,0
cpi_9606.ENSP00000298630,0
cpi_9606.ENSP00000298681,0
cpi_9606.ENSP00000298687,0
cpi_9606.ENSP00000298715,0
cpi_9606.ENSP00000298743,0
cpi_9606.ENSP00000298746,0
cpi_9606.ENSP00000298767,0
cpi_9606.ENSP00000298772,0
cpi_9606.ENSP00000298832,0
cpi_9606.ENSP00000298841,0
cpi_9606.ENSP00000298852,0
cpi_9606.ENSP00000298861,0
cpi_9606.ENSP00000297873,0
cpi_9606.ENSP00000297837,0
cpi_9606.ENSP00000302485,0
cpi_9606.ENSP00000296839,0
cpi_9606.ENSP00000296755,0
cpi_9606.ENSP00000296777,0
cpi_9606.ENSP00000296783,0
cpi_9606.ENSP00000296785,0
cpi_9606.ENSP00000296786,0
cpi_9606.ENSP00000296795,0
cpi_9606.ENSP00000296805,0
cpi_9606.ENSP00000296861,0
cpi_9606.ENSP00000297044,0
cpi_9606.ENSP00000296869,0
cpi_9606.ENSP00000296870,0
cpi_9606.ENSP00000296871,0
cpi_9606.ENSP00000296875,0
cpi_9606.ENSP00000296930,0
cpi_9606.ENSP00000296946,0
cpi_9606.ENSP00000297012,0
cpi_9606.ENSP00000296754,0
cpi_9606.ENSP00000296741,0
cpi_9606.ENSP00000296702,0
cpi_9606.ENSP00000296695,0
cpi_9606.ENSP00000296522,0
cpi_9606.ENSP00000296525,0
cpi_9606.ENSP00000296543,0
cpi_9606.ENSP00000296545,0
cpi_9606.ENSP00000296575,0
cpi_9606.ENSP00000296577,0
cpi_9606.ENSP00000296581,0
cpi_9606.ENSP00000296585,0
cpi_9606.ENSP00000296589,0
cpi_9606.ENSP00000296591,0
cpi_9606.ENSP00000296641,0
cpi_9606.ENSP00000296658,0
cpi_9606.ENSP00000296674,0
cpi_9606.ENSP00000296677,0
cpi_9606.ENSP00000296684,0
cpi_9606.ENSP00000297029,0
cpi_9606.ENSP00000297071,0
cpi_9606.ENSP00000297814,0
cpi_9606.ENSP00000297565,0
cpi_9606.ENSP00000297439,0
cpi_9606.ENSP00000297469,0
cpi_9606.ENSP00000297494,0
cpi_9606.ENSP00000297508,0
cpi_9606.ENSP00000297512,0
cpi_9606.ENSP00000297524,0
cpi_9606.ENSP00000297564,0
cpi_9606.ENSP00000297596,0
cpi_9606.ENSP00000297146,0
cpi_9606.ENSP00000297625,0
cpi_9606.ENSP00000297679,0
cpi_9606.ENSP00000297689,0
cpi_9606.ENSP00000297767,0
cpi_9606.ENSP00000297770,0
cpi_9606.ENSP00000297785,0
cpi_9606.ENSP00000297792,0
cpi_9606.ENSP00000297405,0
cpi_9606.ENSP00000297404,0
cpi_9606.ENSP00000297375,0
cpi_9606.ENSP00000297373,0
cpi_9606.ENSP00000297161,0
cpi_9606.ENSP00000297183,0
cpi_9606.ENSP00000297185,0
cpi_9606.ENSP00000297195,0
cpi_9606.ENSP00000297258,0
cpi_9606.ENSP00000297261,0
cpi_9606.ENSP00000297265,0
cpi_9606.ENSP00000297268,0
cpi_9606.ENSP00000297282,0
cpi_9606.ENSP00000297283,0
cpi_9606.ENSP00000297313,0
cpi_9606.ENSP00000297316,0
cpi_9606.ENSP00000297323,0
cpi_9606.ENSP00000297338,0
cpi_9606.ENSP00000297350,0
cpi_9606.ENSP00000299299,0
cpi_9606.ENSP00000299300,0
cpi_9606.ENSP00000299328,0
cpi_9606.ENSP00000301458,0
cpi_9606.ENSP00000301327,0
cpi_9606.ENSP00000301332,0
cpi_9606.ENSP00000301364,0
cpi_9606.ENSP00000301391,0
cpi_9606.ENSP00000301419,0
cpi_9606.ENSP00000301420,0
cpi_9606.ENSP00000301455,0
cpi_9606.ENSP00000301464,0
cpi_9606.ENSP00000301653,0
cpi_9606.ENSP00000301490,0
cpi_9606.ENSP00000301522,0
cpi_9606.ENSP00000301585,0
cpi_9606.ENSP00000301587,0
cpi_9606.ENSP00000301607,0
cpi_9606.ENSP00000301633,0
cpi_9606.ENSP00000301634,0
cpi_9606.ENSP00000301293,0
cpi_9606.ENSP00000301280,0
cpi_9606.ENSP00000301264,0
cpi_9606.ENSP00000301244,0
cpi_9606.ENSP00000301030,0
cpi_9606.ENSP00000301037,0
cpi_9606.ENSP00000301050,0
cpi_9606.ENSP00000301061,0
cpi_9606.ENSP00000301067,0
cpi_9606.ENSP00000301068,0
cpi_9606.ENSP00000301071,0
cpi_9606.ENSP00000301072,0
cpi_9606.ENSP00000301096,0
cpi_9606.ENSP00000301141,0
cpi_9606.ENSP00000301146,0
cpi_9606.ENSP00000301149,0
cpi_9606.ENSP00000301175,0
cpi_9606.ENSP00000301178,0
cpi_9606.ENSP00000301180,0
cpi_9606.ENSP00000301645,0
cpi_9606.ENSP00000301671,0
cpi_9606.ENSP00000299333,0
cpi_9606.ENSP00000302232,0
cpi_9606.ENSP00000302088,0
cpi_9606.ENSP00000302100,0
cpi_9606.ENSP00000302108,0
cpi_9606.ENSP00000302111,0
cpi_9606.ENSP00000302150,0
cpi_9606.ENSP00000302166,0
cpi_9606.ENSP00000302227,0
cpi_9606.ENSP00000302234,0
cpi_9606.ENSP00000301691,0
cpi_9606.ENSP00000302239,0
cpi_9606.ENSP00000302324,0
cpi_9606.ENSP00000302393,0
cpi_9606.ENSP00000302397,0
cpi_9606.ENSP00000302441,0
cpi_9606.ENSP00000302456,0
cpi_9606.ENSP00000302478,0
cpi_9606.ENSP00000302079,0
cpi_9606.ENSP00000302051,0
cpi_9606.ENSP00000301995,0
cpi_9606.ENSP00000301974,0
cpi_9606.ENSP00000301729,0
cpi_9606.ENSP00000301732,0
cpi_9606.ENSP00000301764,0
cpi_9606.ENSP00000301776,0
cpi_9606.ENSP00000301825,0
cpi_9606.ENSP00000301831,0
cpi_9606.ENSP00000301838,0
cpi_9606.ENSP00000301887,0
cpi_9606.ENSP00000301891,0
cpi_9606.ENSP00000301904,0
cpi_9606.ENSP00000301905,0
cpi_9606.ENSP00000301908,0
cpi_9606.ENSP00000301945,0
cpi_9606.ENSP00000301956,0
cpi_9606.ENSP00000301962,0
cpi_9606.ENSP00000301019,0
cpi_9606.ENSP00000301015,0
cpi_9606.ENSP00000301012,0
cpi_9606.ENSP00000299866,0
cpi_9606.ENSP00000299736,0
cpi_9606.ENSP00000299759,0
cpi_9606.ENSP00000299766,0
cpi_9606.ENSP00000299767,0
cpi_9606.ENSP00000299798,0
cpi_9606.ENSP00000299847,0
cpi_9606.ENSP00000299855,0
cpi_9606.ENSP00000299882,0
cpi_9606.ENSP00000300954,0
cpi_9606.ENSP00000299964,0
cpi_9606.ENSP00000300026,0
cpi_9606.ENSP00000300035,0
cpi_9606.ENSP00000300051,0
cpi_9606.ENSP00000300055,0
cpi_9606.ENSP00000300056,0
cpi_9606.ENSP00000300060,0
cpi_9606.ENSP00000299727,0
cpi_9606.ENSP00000299709,0
cpi_9606.ENSP00000299608,0
cpi_9606.ENSP00000299601,0
cpi_9606.ENSP00000299335,0
cpi_9606.ENSP00000299367,0
cpi_9606.ENSP00000299402,0
cpi_9606.ENSP00000299421,0
cpi_9606.ENSP00000299427,0
cpi_9606.ENSP00000299440,0
cpi_9606.ENSP00000299441,0
cpi_9606.ENSP00000299492,0
cpi_9606.ENSP00000299498,0
cpi_9606.ENSP00000299502,0
cpi_9606.ENSP00000299518,0
cpi_9606.ENSP00000299529,0
cpi_9606.ENSP00000299543,0
cpi_9606.ENSP00000299564,0
cpi_9606.ENSP00000299565,0
cpi_9606.ENSP00000300061,0
cpi_9606.ENSP00000300069,0
cpi_9606.ENSP00000300093,0
cpi_9606.ENSP00000300417,0
cpi_9606.ENSP00000300482,0
cpi_9606.ENSP00000300574,0
cpi_9606.ENSP00000300589,0
cpi_9606.ENSP00000300605,0
cpi_9606.ENSP00000300619,0
cpi_9606.ENSP00000300648,0
cpi_9606.ENSP00000300651,0
cpi_9606.ENSP00000300659,0
cpi_9606.ENSP00000300737,0
cpi_9606.ENSP00000300738,0
cpi_9606.ENSP00000300762,0
cpi_9606.ENSP00000300870,0
cpi_9606.ENSP00000300896,0
cpi_9606.ENSP00000300900,0
cpi_9606.ENSP00000300935,0
cpi_9606.ENSP00000300441,0
cpi_9606.ENSP00000300413,0
cpi_9606.ENSP00000300107,0
cpi_9606.ENSP00000300408,0
cpi_9606.ENSP00000300108,0
cpi_9606.ENSP00000300113,0
cpi_9606.ENSP00000300119,0
cpi_9606.ENSP00000300131,0
cpi_9606.ENSP00000300134,0
cpi_9606.ENSP00000300151,0
cpi_9606.ENSP00000300161,0
cpi_9606.ENSP00000300175,0
cpi_9606.ENSP00000300177,0
cpi_9606.ENSP00000300283,0
cpi_9606.ENSP00000300289,0
cpi_9606.ENSP00000300291,0
cpi_9606.ENSP00000300305,0
cpi_9606.ENSP00000300403,0
cpi_9606.ENSP00000300404,0
f_880,0
