Clus run ['se_C0027497', 'se_C0018681', 'se_C0011603', 'se_C0015230', 'se_C0042963', 'se_C0012833', 'se_C0027769', 'se_C0020580', 'se_C0014457', 'se_C0017181', 'se_C0151763', 'se_C0038358']
*********************************************************************************************************************************************************************************************

Date: 17/11/2025, 07:04
File: train_dataset_settings.out
Attributes: 141 (input: 129, output: 12)
Missing values: No

[General]
Verbose = 1
RandomSeed = 43
ResourceInfoLoaded = No
DoNotInduce = No
LoggingProperties = logging.properties

[Data]
File = XofN_wrapper/tmp/train_dataset.arff
TestSet = XofN_wrapper/tmp/test_dataset.arff
PruneSet = None
XVal = 10
RemoveMissingTarget = No
NormalizeData = None

[Attributes]
Target = 130-141
Clustering = 130-141
Descriptive = 1-129
Key = None
Disable = None
Weights = Normalize
ClusteringWeights = 1.0
ReduceMemoryNominalAttrs = No
GIS = None

[Constraints]
Syntactic = None
MaxSize = Infinity
MaxError = 0.0
MaxDepth = Infinity

[Nominal]
MEstimate = 1.0

[Model]
MinimalWeight = 2.0
MinimalNumberExamples = 0
MinimalKnownWeight = 0.0
ParamTuneNumberFolds = 3
NominalSubsetTests = Yes
LoadFromModelFile = No

[Tree]
Heuristic = VarianceReduction
HeuristicComplexity = N2
SetDistance = GSMDistance
TupleDistance = Euclidean
TSDistance = DTW
PruningMethod = C45
FTest = 1.0
BinarySplit = Yes
ConvertToRules = No
AlternativeSplits = No
Optimize = []
MSENominal = No
SplitSampling = None
MissingClusteringAttrHandling = EstimateFromParentNode
MissingTargetAttrHandling = ParentNode
InductionOrder = DepthFirst
EntropyType = StandardEntropy
ConsiderUnlableInstancesInIGCalc = No
SpatialMatrix = Binary
SpatialMeasure = GlobalMoran
Bandwidth = 0.001
Longlat = No
NumNeightbours = 0.0
Alpha = 1.0
SplitPosition = Exact

[Multilabel]
MLCThreshold = 0.5
OptimizeThresholds = No
MultiLabelRankingMeasure = [HammingLoss]
ShowThresholds = Yes

[SemiSupervised]
SemiSupervisedMethod = PCT
StoppingCriteria = NoneAdded
UnlabeledCriteria = Threshold
ConfidenceThreshold = 0.8
ConfidenceMeasure = Variance
Iterations = 10
K = 5
UnlabeledData = 
PercentageLabeled = 5
UseWeights = No
AirbagTrials = 0
ExhaustiveSearchThresholds = [0.5,0.6,0.7,0.8,0.9,0.99]
OOBErrorCalculation = LabeledOnly
Normalization = MinMaxNormalization
Aggregation = Average
CalibrateHmcThreshold = No
PruningWhenTuning = No
InternalFolds = 5
WeightScoresFile = NO
PossibleWeights = [0.0,0.1,0.2,0.3,0.4,0.5,0.6,0.7,0.8,0.9,1.0]
IterationsSupervisionOptimisation = 0
ForceInternalXValOptimisation = No
ImputeMissingTargetValues = No
InternalFold = -1234
ProceedToMain = Yes

[Output]
ShowModels = [Default, Pruned, Others]
TrainErrors = Yes
ValidErrors = Yes
TestErrors = Yes
AllFoldModels = Yes
AllFoldErrors = No
AllFoldDatasets = No
UnknownFrequency = No
BranchFrequency = No
ShowInfo = [Count]
PrintModelAndExamples = No
WriteErrorFile = No
WriteModelFile = No
WritePerBagModelFile = Yes
WriteOOBFile = No
WritePredictions = []
GzipOutput = No
ModelIDFiles = No
WriteCurves = No
OutputPythonModel = No
PythonModelType = Object
OutputROSSubspaces = No
OutputJSONModel = No
OutputDatabaseQueries = No
OutputClowdFlowsJSON = No
ComputeSpearman = No

Run: 01
*******

Statistics
----------

FTValue (FTest): 1.0
Induction Time: 3.1200E-1 sec
Pruning Time: 1.5000E-2 sec
Prediction Time (total for ClusModel.Original): 
	0 microsecs
	0 millisecs
	0 secs
Prediction Time (average for ClusModel.Original): 0 microsecs
Model information:
     Default: Nodes = 1; Leaves = 1; Depth = 1
     Original: Nodes = 985; Leaves = 493; Depth = 27
     Pruned: Nodes = 1; Leaves = 1; Depth = 1

MultiLabelThresholds:
---------------------
Default
[5.0000E-1, 5.0000E-1, 5.0000E-1, 5.0000E-1, 5.0000E-1, 5.0000E-1, 5.0000E-1, 5.0000E-1, 5.0000E-1, 5.0000E-1, 5.0000E-1, 5.0000E-1]

Original
[5.0000E-1, 5.0000E-1, 5.0000E-1, 5.0000E-1, 5.0000E-1, 5.0000E-1, 5.0000E-1, 5.0000E-1, 5.0000E-1, 5.0000E-1, 5.0000E-1, 5.0000E-1]

Pruned
[5.0000E-1, 5.0000E-1, 5.0000E-1, 5.0000E-1, 5.0000E-1, 5.0000E-1, 5.0000E-1, 5.0000E-1, 5.0000E-1, 5.0000E-1, 5.0000E-1, 5.0000E-1]


Training error
--------------

Number of examples: 1179
Classification Error
   Default: 
   Attribute: se_C0027497
     REAL\PRED |    1 | 0 |
     ---------------------------
             1 |  994 | 0 |  994
             0 |  185 | 0 |  185
     ---------------------------
               | 1179 | 0 | 1179
     Accuracy: 8.430874E-1
     Cramer's coefficient: 0


   Attribute: se_C0018681
     REAL\PRED |    1 | 0 |
     ---------------------------
             1 |  943 | 0 |  943
             0 |  236 | 0 |  236
     ---------------------------
               | 1179 | 0 | 1179
     Accuracy: 7.998304E-1
     Cramer's coefficient: 0


   Attribute: se_C0011603
     REAL\PRED |    1 | 0 |
     ---------------------------
             1 |  908 | 0 |  908
             0 |  271 | 0 |  271
     ---------------------------
               | 1179 | 0 | 1179
     Accuracy: 7.701442E-1
     Cramer's coefficient: 0


   Attribute: se_C0015230
     REAL\PRED |    1 | 0 |
     ---------------------------
             1 |  900 | 0 |  900
             0 |  279 | 0 |  279
     ---------------------------
               | 1179 | 0 | 1179
     Accuracy: 7.633588E-1
     Cramer's coefficient: 0


   Attribute: se_C0042963
     REAL\PRED |    1 | 0 |
     ---------------------------
             1 |  897 | 0 |  897
             0 |  282 | 0 |  282
     ---------------------------
               | 1179 | 0 | 1179
     Accuracy: 7.608142E-1
     Cramer's coefficient: 0


   Attribute: se_C0012833
     REAL\PRED |    1 | 0 |
     ---------------------------
             1 |  877 | 0 |  877
             0 |  302 | 0 |  302
     ---------------------------
               | 1179 | 0 | 1179
     Accuracy: 7.438507E-1
     Cramer's coefficient: 0


   Attribute: se_C0027769
     REAL\PRED | 1 |    0 |
     ---------------------------
             1 | 0 |  372 |  372
             0 | 0 |  807 |  807
     ---------------------------
               | 0 | 1179 | 1179
     Accuracy: 6.844784E-1
     Cramer's coefficient: 0


   Attribute: se_C0020580
     REAL\PRED | 1 |    0 |
     ---------------------------
             1 | 0 |  309 |  309
             0 | 0 |  870 |  870
     ---------------------------
               | 0 | 1179 | 1179
     Accuracy: 7.379135E-1
     Cramer's coefficient: 0


   Attribute: se_C0014457
     REAL\PRED | 1 |    0 |
     ---------------------------
             1 | 0 |  248 |  248
             0 | 0 |  931 |  931
     ---------------------------
               | 0 | 1179 | 1179
     Accuracy: 7.896522E-1
     Cramer's coefficient: 0


   Attribute: se_C0017181
     REAL\PRED | 1 |    0 |
     ---------------------------
             1 | 0 |  179 |  179
             0 | 0 | 1000 | 1000
     ---------------------------
               | 0 | 1179 | 1179
     Accuracy: 8.481764E-1
     Cramer's coefficient: 0


   Attribute: se_C0151763
     REAL\PRED | 1 |    0 |
     ---------------------------
             1 | 0 |  123 |  123
             0 | 0 | 1056 | 1056
     ---------------------------
               | 0 | 1179 | 1179
     Accuracy: 8.956743E-1
     Cramer's coefficient: 0


   Attribute: se_C0038358
     REAL\PRED | 1 |    0 |
     ---------------------------
             1 | 0 |   61 |   61
             0 | 0 | 1118 | 1118
     ---------------------------
               | 0 | 1179 | 1179
     Accuracy: 9.482612E-1
     Cramer's coefficient: 0

   Original: 
   Attribute: se_C0027497
     REAL\PRED |    1 |   0 |
     -----------------------------
             1 |  975 |  19 |  994
             0 |   61 | 124 |  185
     -----------------------------
               | 1036 | 143 | 1179
     Accuracy: 9.321459E-1
     Cramer's coefficient: 7.254641E-1


   Attribute: se_C0018681
     REAL\PRED |    1 |   0 |
     -----------------------------
             1 |  929 |  14 |  943
             0 |   95 | 141 |  236
     -----------------------------
               | 1024 | 155 | 1179
     Accuracy: 9.075488E-1
     Cramer's coefficient: 6.898823E-1


   Attribute: se_C0011603
     REAL\PRED |   1 |   0 |
     ----------------------------
             1 | 892 |  16 |  908
             0 |  83 | 188 |  271
     ----------------------------
               | 975 | 204 | 1179
     Accuracy: 9.160305E-1
     Cramer's coefficient: 7.520121E-1


   Attribute: se_C0015230
     REAL\PRED |   1 |   0 |
     ----------------------------
             1 | 886 |  14 |  900
             0 |  87 | 192 |  279
     ----------------------------
               | 973 | 206 | 1179
     Accuracy: 9.143342E-1
     Cramer's coefficient: 7.528368E-1


   Attribute: se_C0042963
     REAL\PRED |   1 |   0 |
     ----------------------------
             1 | 878 |  19 |  897
             0 |  86 | 196 |  282
     ----------------------------
               | 964 | 215 | 1179
     Accuracy: 9.109415E-1
     Cramer's coefficient: 7.444382E-1


   Attribute: se_C0012833
     REAL\PRED |   1 |   0 |
     ----------------------------
             1 | 858 |  19 |  877
             0 |  98 | 204 |  302
     ----------------------------
               | 956 | 223 | 1179
     Accuracy: 9.007634E-1
     Cramer's coefficient: 7.287658E-1


   Attribute: se_C0027769
     REAL\PRED |   1 |   0 |
     ----------------------------
             1 | 340 |  32 |  372
             0 | 105 | 702 |  807
     ----------------------------
               | 445 | 734 | 1179
     Accuracy: 8.837998E-1
     Cramer's coefficient: 7.514889E-1


   Attribute: se_C0020580
     REAL\PRED |   1 |   0 |
     ----------------------------
             1 | 275 |  34 |  309
             0 |  88 | 782 |  870
     ----------------------------
               | 363 | 816 | 1179
     Accuracy: 8.965225E-1
     Cramer's coefficient: 7.514800E-1


   Attribute: se_C0014457
     REAL\PRED |   1 |   0 |
     ----------------------------
             1 | 225 |  23 |  248
             0 |  72 | 859 |  931
     ----------------------------
               | 297 | 882 | 1179
     Accuracy: 9.194232E-1
     Cramer's coefficient: 7.791577E-1


   Attribute: se_C0017181
     REAL\PRED |   1 |   0 |
     ----------------------------
             1 | 162 |  17 |  179
             0 |  59 | 941 | 1000
     ----------------------------
               | 221 | 958 | 1179
     Accuracy: 9.355386E-1
     Cramer's coefficient: 7.779153E-1


   Attribute: se_C0151763
     REAL\PRED |   1 |    0 |
     -----------------------------
             1 | 112 |   11 |  123
             0 |  46 | 1010 | 1056
     -----------------------------
               | 158 | 1021 | 1179
     Accuracy: 9.516539E-1
     Cramer's coefficient: 7.779765E-1


   Attribute: se_C0038358
     REAL\PRED |  1 |    0 |
     ----------------------------
             1 | 52 |    9 |   61
             0 | 29 | 1089 | 1118
     ----------------------------
               | 81 | 1098 | 1179
     Accuracy: 9.677693E-1
     Cramer's coefficient: 7.237614E-1

   Pruned: 
   Attribute: se_C0027497
     REAL\PRED |    1 | 0 |
     ---------------------------
             1 |  994 | 0 |  994
             0 |  185 | 0 |  185
     ---------------------------
               | 1179 | 0 | 1179
     Accuracy: 8.430874E-1
     Cramer's coefficient: 0


   Attribute: se_C0018681
     REAL\PRED |    1 | 0 |
     ---------------------------
             1 |  943 | 0 |  943
             0 |  236 | 0 |  236
     ---------------------------
               | 1179 | 0 | 1179
     Accuracy: 7.998304E-1
     Cramer's coefficient: 0


   Attribute: se_C0011603
     REAL\PRED |    1 | 0 |
     ---------------------------
             1 |  908 | 0 |  908
             0 |  271 | 0 |  271
     ---------------------------
               | 1179 | 0 | 1179
     Accuracy: 7.701442E-1
     Cramer's coefficient: 0


   Attribute: se_C0015230
     REAL\PRED |    1 | 0 |
     ---------------------------
             1 |  900 | 0 |  900
             0 |  279 | 0 |  279
     ---------------------------
               | 1179 | 0 | 1179
     Accuracy: 7.633588E-1
     Cramer's coefficient: 0


   Attribute: se_C0042963
     REAL\PRED |    1 | 0 |
     ---------------------------
             1 |  897 | 0 |  897
             0 |  282 | 0 |  282
     ---------------------------
               | 1179 | 0 | 1179
     Accuracy: 7.608142E-1
     Cramer's coefficient: 0


   Attribute: se_C0012833
     REAL\PRED |    1 | 0 |
     ---------------------------
             1 |  877 | 0 |  877
             0 |  302 | 0 |  302
     ---------------------------
               | 1179 | 0 | 1179
     Accuracy: 7.438507E-1
     Cramer's coefficient: 0


   Attribute: se_C0027769
     REAL\PRED | 1 |    0 |
     ---------------------------
             1 | 0 |  372 |  372
             0 | 0 |  807 |  807
     ---------------------------
               | 0 | 1179 | 1179
     Accuracy: 6.844784E-1
     Cramer's coefficient: 0


   Attribute: se_C0020580
     REAL\PRED | 1 |    0 |
     ---------------------------
             1 | 0 |  309 |  309
             0 | 0 |  870 |  870
     ---------------------------
               | 0 | 1179 | 1179
     Accuracy: 7.379135E-1
     Cramer's coefficient: 0


   Attribute: se_C0014457
     REAL\PRED | 1 |    0 |
     ---------------------------
             1 | 0 |  248 |  248
             0 | 0 |  931 |  931
     ---------------------------
               | 0 | 1179 | 1179
     Accuracy: 7.896522E-1
     Cramer's coefficient: 0


   Attribute: se_C0017181
     REAL\PRED | 1 |    0 |
     ---------------------------
             1 | 0 |  179 |  179
             0 | 0 | 1000 | 1000
     ---------------------------
               | 0 | 1179 | 1179
     Accuracy: 8.481764E-1
     Cramer's coefficient: 0


   Attribute: se_C0151763
     REAL\PRED | 1 |    0 |
     ---------------------------
             1 | 0 |  123 |  123
             0 | 0 | 1056 | 1056
     ---------------------------
               | 0 | 1179 | 1179
     Accuracy: 8.956743E-1
     Cramer's coefficient: 0


   Attribute: se_C0038358
     REAL\PRED | 1 |    0 |
     ---------------------------
             1 | 0 |   61 |   61
             0 | 0 | 1118 | 1118
     ---------------------------
               | 0 | 1179 | 1179
     Accuracy: 9.482612E-1
     Cramer's coefficient: 0

Weighted mean squared error (MSE) for Nominal Attributes (Weights (12))
   Default        : [1,1,1.0000E0,1.0000E0,1.0000E0,1,1,1,1.0000E0,1,1,1]: 1.0000E0
   Original       : [2.9294E-1,3.2417E-1,2.6603E-1,2.6775E-1,2.7860E-1,3.0066E-1,3.0568E-1,3.0783E-1,2.7191E-1,2.8487E-1,2.8744E-1,3.6881E-1]: 2.9639E-1
   Pruned         : [1,1,1.0000E0,1.0000E0,1.0000E0,1,1,1,1.0000E0,1,1,1]: 1.0000E0
HammingLoss
   Default        : 2.0123E-1
   Original       : 8.0294E-2
   Pruned         : 2.0123E-1
RankingLoss
   Default        : 9.1234E-2
   Original       : 9.9419E-3
   Pruned         : 9.1234E-2
OneError
   Default        : 1.5691E-1
   Original       : 3.6472E-2
   Pruned         : 1.5691E-1
Coverage
   Default        : 7.6952(label cardinality: 6.0704)
   Original       : 6.4439(label cardinality: 6.0704)
   Pruned         : 7.6952(label cardinality: 6.0704)
AveragePrecision
   Default        : NaN
   Original       : NaN
   Pruned         : NaN
MLAccuracy
   Default        : 6.5748E-1
   Original       : 8.3693E-1
   Pruned         : 6.5748E-1
MLPrecision
   Default        : 7.8018E-1
   Original       : 8.6349E-1
   Pruned         : 7.8018E-1
MLRecall
   Default        : 8.0715E-1
   Original       : 9.4103E-1
   Pruned         : 8.0715E-1
MLFOneMeasure
   Default        : 7.5929E-1
   Original       : 8.8638E-1
   Pruned         : 7.5929E-1
SubsetAccuracy
   Default        : 1.0348E-1
   Original       : 4.8855E-1
   Pruned         : 1.0348E-1
MacroPrecision
   Default        : [8.4309E-1, 7.9983E-1, 7.7014E-1, 7.6336E-1, 7.6081E-1, 7.4385E-1, NaN, NaN, NaN, NaN, NaN, NaN]: NaN
   Original       : [9.4112E-1, 9.0723E-1, 9.1487E-1, 9.1059E-1, 9.1079E-1, 8.9749E-1, 7.6404E-1, 7.5758E-1, 7.5758E-1, 7.3303E-1, 7.0886E-1, 6.4198E-1]: 8.2043E-1
   Pruned         : [8.4309E-1, 7.9983E-1, 7.7014E-1, 7.6336E-1, 7.6081E-1, 7.4385E-1, NaN, NaN, NaN, NaN, NaN, NaN]: NaN
MacroRecall
   Default        : [1, 1, 1, 1, 1, 1, 0, 0, 0, 0, 0, 0]: 5.0000E-1
   Original       : [9.8089E-1, 9.8515E-1, 9.8238E-1, 9.8444E-1, 9.7882E-1, 9.7834E-1, 9.1398E-1, 8.8997E-1, 9.0726E-1, 9.0503E-1, 9.1057E-1, 8.5246E-1]: 9.3911E-1
   Pruned         : [1, 1, 1, 1, 1, 1, 0, 0, 0, 0, 0, 0]: 5.0000E-1
MacroFOne
   Default        : [9.1486E-1, 8.8878E-1, 8.7015E-1, 8.6580E-1, 8.6416E-1, 8.5311E-1, NaN, NaN, NaN, NaN, NaN, NaN]: NaN
   Original       : [9.6059E-1, 9.4459E-1, 9.4742E-1, 9.4608E-1, 9.4358E-1, 9.3617E-1, 8.3231E-1, 8.1845E-1, 8.2569E-1, 8.1000E-1, 7.9715E-1, 7.3239E-1]: 8.7454E-1
   Pruned         : [9.1486E-1, 8.8878E-1, 8.7015E-1, 8.6580E-1, 8.6416E-1, 8.5311E-1, NaN, NaN, NaN, NaN, NaN, NaN]: NaN
MicroPrecision
   Default        : 7.8018E-1
   Original       : 8.7869E-1
   Pruned         : 7.8018E-1
MicroRecall
   Default        : 8.1031E-1
   Original       : 9.6667E-1
   Pruned         : 8.1031E-1
MicroFOne
   Default        : 7.9496E-1
   Original       : 9.2058E-1
   Pruned         : 7.9496E-1
averageAUROC
   Default        : 5.000000E-1
   Original       : 9.775303E-1
   Pruned         : 5.000000E-1
averageAUPRC
   Default        : 4.814108E-1
   Original       : 9.472865E-1
   Pruned         : 4.814108E-1
weightedAUPRC
   Default        : 6.764175E-1
   Original       : 9.790934E-1
   Pruned         : 6.764175E-1
pooledAUPRC
   Default        : 7.810436E-1
   Original       : 9.857569E-1
   Pruned         : 7.810436E-1

Testing error
-------------

Number of examples: 131
Classification Error
   Default: 
   Attribute: se_C0027497
     REAL\PRED |   1 | 0 |
     -------------------------
             1 | 114 | 0 | 114
             0 |  17 | 0 |  17
     -------------------------
               | 131 | 0 | 131
     Accuracy: 8.702290E-1
     Cramer's coefficient: 0


   Attribute: se_C0018681
     REAL\PRED |   1 | 0 |
     -------------------------
             1 | 101 | 0 | 101
             0 |  30 | 0 |  30
     -------------------------
               | 131 | 0 | 131
     Accuracy: 7.709924E-1
     Cramer's coefficient: 0


   Attribute: se_C0011603
     REAL\PRED |   1 | 0 |
     -------------------------
             1 | 105 | 0 | 105
             0 |  26 | 0 |  26
     -------------------------
               | 131 | 0 | 131
     Accuracy: 8.015267E-1
     Cramer's coefficient: 0


   Attribute: se_C0015230
     REAL\PRED |   1 | 0 |
     -------------------------
             1 | 107 | 0 | 107
             0 |  24 | 0 |  24
     -------------------------
               | 131 | 0 | 131
     Accuracy: 8.167939E-1
     Cramer's coefficient: 0


   Attribute: se_C0042963
     REAL\PRED |   1 | 0 |
     -------------------------
             1 | 101 | 0 | 101
             0 |  30 | 0 |  30
     -------------------------
               | 131 | 0 | 131
     Accuracy: 7.709924E-1
     Cramer's coefficient: 0


   Attribute: se_C0012833
     REAL\PRED |   1 | 0 |
     -------------------------
             1 |  91 | 0 |  91
             0 |  40 | 0 |  40
     -------------------------
               | 131 | 0 | 131
     Accuracy: 6.946565E-1
     Cramer's coefficient: 0


   Attribute: se_C0027769
     REAL\PRED | 1 |   0 |
     -------------------------
             1 | 0 |  38 |  38
             0 | 0 |  93 |  93
     -------------------------
               | 0 | 131 | 131
     Accuracy: 7.099237E-1
     Cramer's coefficient: 0


   Attribute: se_C0020580
     REAL\PRED | 1 |   0 |
     -------------------------
             1 | 0 |  29 |  29
             0 | 0 | 102 | 102
     -------------------------
               | 0 | 131 | 131
     Accuracy: 7.786260E-1
     Cramer's coefficient: 0


   Attribute: se_C0014457
     REAL\PRED | 1 |   0 |
     -------------------------
             1 | 0 |  31 |  31
             0 | 0 | 100 | 100
     -------------------------
               | 0 | 131 | 131
     Accuracy: 7.633588E-1
     Cramer's coefficient: 0


   Attribute: se_C0017181
     REAL\PRED | 1 |   0 |
     -------------------------
             1 | 0 |  23 |  23
             0 | 0 | 108 | 108
     -------------------------
               | 0 | 131 | 131
     Accuracy: 8.244275E-1
     Cramer's coefficient: 0


   Attribute: se_C0151763
     REAL\PRED | 1 |   0 |
     -------------------------
             1 | 0 |  17 |  17
             0 | 0 | 114 | 114
     -------------------------
               | 0 | 131 | 131
     Accuracy: 8.702290E-1
     Cramer's coefficient: 0


   Attribute: se_C0038358
     REAL\PRED | 1 |   0 |
     -------------------------
             1 | 0 |   5 |   5
             0 | 0 | 126 | 126
     -------------------------
               | 0 | 131 | 131
     Accuracy: 9.618321E-1
     Cramer's coefficient: 0

   Original: 
   Attribute: se_C0027497
     REAL\PRED |   1 |  0 |
     --------------------------
             1 |  99 | 15 | 114
             0 |  10 |  7 |  17
     --------------------------
               | 109 | 22 | 131
     Accuracy: 8.091603E-1
     Cramer's coefficient: 2.518827E-1


   Attribute: se_C0018681
     REAL\PRED |   1 |  0 |
     --------------------------
             1 |  85 | 16 | 101
             0 |  25 |  5 |  30
     --------------------------
               | 110 | 21 | 131
     Accuracy: 6.870229E-1
     Cramer's coefficient: 9.449584E-3


   Attribute: se_C0011603
     REAL\PRED |   1 |  0 |
     --------------------------
             1 |  90 | 15 | 105
             0 |  20 |  6 |  26
     --------------------------
               | 110 | 21 | 131
     Accuracy: 7.328244E-1
     Cramer's coefficient: 9.557052E-2


   Attribute: se_C0015230
     REAL\PRED |   1 |  0 |
     --------------------------
             1 |  92 | 15 | 107
             0 |  17 |  7 |  24
     --------------------------
               | 109 | 22 | 131
     Accuracy: 7.557252E-1
     Cramer's coefficient: 1.567572E-1


   Attribute: se_C0042963
     REAL\PRED |   1 |  0 |
     --------------------------
             1 |  90 | 11 | 101
             0 |  20 | 10 |  30
     --------------------------
               | 110 | 21 | 131
     Accuracy: 7.633588E-1
     Cramer's coefficient: 2.570287E-1


   Attribute: se_C0012833
     REAL\PRED |  1 |  0 |
     -------------------------
             1 | 76 | 15 |  91
             0 | 23 | 17 |  40
     -------------------------
               | 99 | 32 | 131
     Accuracy: 7.099237E-1
     Cramer's coefficient: 2.788731E-1


   Attribute: se_C0027769
     REAL\PRED |  1 |  0 |
     -------------------------
             1 | 17 | 21 |  38
             0 | 36 | 57 |  93
     -------------------------
               | 53 | 78 | 131
     Accuracy: 5.648855E-1
     Cramer's coefficient: 5.572641E-2


   Attribute: se_C0020580
     REAL\PRED |  1 |  0 |
     -------------------------
             1 | 15 | 14 |  29
             0 | 28 | 74 | 102
     -------------------------
               | 43 | 88 | 131
     Accuracy: 6.793893E-1
     Cramer's coefficient: 2.146099E-1


   Attribute: se_C0014457
     REAL\PRED |  1 |  0 |
     -------------------------
             1 | 15 | 16 |  31
             0 | 22 | 78 | 100
     -------------------------
               | 37 | 94 | 131
     Accuracy: 7.099237E-1
     Cramer's coefficient: 2.491195E-1


   Attribute: se_C0017181
     REAL\PRED |  1 |   0 |
     --------------------------
             1 |  8 |  15 |  23
             0 | 13 |  95 | 108
     --------------------------
               | 21 | 110 | 131
     Accuracy: 7.862595E-1
     Cramer's coefficient: 2.358667E-1


   Attribute: se_C0151763
     REAL\PRED |  1 |   0 |
     --------------------------
             1 |  5 |  12 |  17
             0 | 18 |  96 | 114
     --------------------------
               | 23 | 108 | 131
     Accuracy: 7.709924E-1
     Cramer's coefficient: 1.203237E-1


   Attribute: se_C0038358
     REAL\PRED |  1 |   0 |
     --------------------------
             1 |  1 |   4 |   5
             0 |  9 | 117 | 126
     --------------------------
               | 10 | 121 | 131
     Accuracy: 9.007634E-1
     Cramer's coefficient: 9.277310E-2

   Pruned: 
   Attribute: se_C0027497
     REAL\PRED |   1 | 0 |
     -------------------------
             1 | 114 | 0 | 114
             0 |  17 | 0 |  17
     -------------------------
               | 131 | 0 | 131
     Accuracy: 8.702290E-1
     Cramer's coefficient: 0


   Attribute: se_C0018681
     REAL\PRED |   1 | 0 |
     -------------------------
             1 | 101 | 0 | 101
             0 |  30 | 0 |  30
     -------------------------
               | 131 | 0 | 131
     Accuracy: 7.709924E-1
     Cramer's coefficient: 0


   Attribute: se_C0011603
     REAL\PRED |   1 | 0 |
     -------------------------
             1 | 105 | 0 | 105
             0 |  26 | 0 |  26
     -------------------------
               | 131 | 0 | 131
     Accuracy: 8.015267E-1
     Cramer's coefficient: 0


   Attribute: se_C0015230
     REAL\PRED |   1 | 0 |
     -------------------------
             1 | 107 | 0 | 107
             0 |  24 | 0 |  24
     -------------------------
               | 131 | 0 | 131
     Accuracy: 8.167939E-1
     Cramer's coefficient: 0


   Attribute: se_C0042963
     REAL\PRED |   1 | 0 |
     -------------------------
             1 | 101 | 0 | 101
             0 |  30 | 0 |  30
     -------------------------
               | 131 | 0 | 131
     Accuracy: 7.709924E-1
     Cramer's coefficient: 0


   Attribute: se_C0012833
     REAL\PRED |   1 | 0 |
     -------------------------
             1 |  91 | 0 |  91
             0 |  40 | 0 |  40
     -------------------------
               | 131 | 0 | 131
     Accuracy: 6.946565E-1
     Cramer's coefficient: 0


   Attribute: se_C0027769
     REAL\PRED | 1 |   0 |
     -------------------------
             1 | 0 |  38 |  38
             0 | 0 |  93 |  93
     -------------------------
               | 0 | 131 | 131
     Accuracy: 7.099237E-1
     Cramer's coefficient: 0


   Attribute: se_C0020580
     REAL\PRED | 1 |   0 |
     -------------------------
             1 | 0 |  29 |  29
             0 | 0 | 102 | 102
     -------------------------
               | 0 | 131 | 131
     Accuracy: 7.786260E-1
     Cramer's coefficient: 0


   Attribute: se_C0014457
     REAL\PRED | 1 |   0 |
     -------------------------
             1 | 0 |  31 |  31
             0 | 0 | 100 | 100
     -------------------------
               | 0 | 131 | 131
     Accuracy: 7.633588E-1
     Cramer's coefficient: 0


   Attribute: se_C0017181
     REAL\PRED | 1 |   0 |
     -------------------------
             1 | 0 |  23 |  23
             0 | 0 | 108 | 108
     -------------------------
               | 0 | 131 | 131
     Accuracy: 8.244275E-1
     Cramer's coefficient: 0


   Attribute: se_C0151763
     REAL\PRED | 1 |   0 |
     -------------------------
             1 | 0 |  17 |  17
             0 | 0 | 114 | 114
     -------------------------
               | 0 | 131 | 131
     Accuracy: 8.702290E-1
     Cramer's coefficient: 0


   Attribute: se_C0038358
     REAL\PRED | 1 |   0 |
     -------------------------
             1 | 0 |   5 |   5
             0 | 0 | 126 | 126
     -------------------------
               | 0 | 131 | 131
     Accuracy: 9.618321E-1
     Cramer's coefficient: 0

Weighted mean squared error (MSE) for Nominal Attributes (Weights (12))
   Default        : [8.5922E-1,1.108,9.0422E-1,8.4419E-1,9.7082E-1,1.1259,9.5653E-1,8.9983E-1,1.0917,1.1284,1.2155,7.5202E-1]: 9.8803E-1
   Original       : [1.1985,1.7784,1.4347,1.3003,1.1673,1.3441,1.4433,1.3453,1.3749,1.3157,1.8404,1.1713]: 1.3928
   Pruned         : [8.5922E-1,1.108,9.0422E-1,8.4419E-1,9.7082E-1,1.1259,9.5653E-1,8.9983E-1,1.0917,1.1284,1.2155,7.5202E-1]: 9.8803E-1
HammingLoss
   Default        : 1.9720E-1
   Original       : 2.6081E-1
   Pruned         : 1.9720E-1
RankingLoss
   Default        : 8.4587E-2
   Original       : 8.7527E-2
   Pruned         : 8.4587E-2
OneError
   Default        : 1.2977E-1
   Original       : 1.3740E-1
   Pruned         : 1.2977E-1
Coverage
   Default        : 7.5078(label cardinality: 5.9531)
   Original       : 9.4141(label cardinality: 5.9531)
   Pruned         : 7.5078(label cardinality: 5.9531)
AveragePrecision
   Default        : NaN
   Original       : NaN
   Pruned         : NaN
MLAccuracy
   Default        : 6.6804E-1
   Original       : 5.7072E-1
   Pruned         : 6.6804E-1
MLPrecision
   Default        : 7.8753E-1
   Original       : 6.8097E-1
   Pruned         : 7.8753E-1
MLRecall
   Default        : 8.3764E-1
   Original       : 7.7922E-1
   Pruned         : 8.3764E-1
MLFOneMeasure
   Default        : 7.7024E-1
   Original       : 6.8461E-1
   Pruned         : 7.7024E-1
SubsetAccuracy
   Default        : 1.1450E-1
   Original       : 6.8702E-2
   Pruned         : 1.1450E-1
MacroPrecision
   Default        : [8.7023E-1, 7.7099E-1, 8.0153E-1, 8.1679E-1, 7.7099E-1, 6.9466E-1, NaN, NaN, NaN, NaN, NaN, NaN]: NaN
   Original       : [9.0826E-1, 7.7273E-1, 8.1818E-1, 8.4404E-1, 8.1818E-1, 7.6768E-1, 3.2075E-1, 3.4884E-1, 4.0541E-1, 3.8095E-1, 2.1739E-1, 1.0000E-1]: 5.5853E-1
   Pruned         : [8.7023E-1, 7.7099E-1, 8.0153E-1, 8.1679E-1, 7.7099E-1, 6.9466E-1, NaN, NaN, NaN, NaN, NaN, NaN]: NaN
MacroRecall
   Default        : [1, 1, 1, 1, 1, 1, 0, 0, 0, 0, 0, 0]: 5.0000E-1
   Original       : [8.6842E-1, 8.4158E-1, 8.5714E-1, 8.5981E-1, 8.9109E-1, 8.3516E-1, 4.4737E-1, 5.1724E-1, 4.8387E-1, 3.4783E-1, 2.9412E-1, 2.0000E-1]: 6.2030E-1
   Pruned         : [1, 1, 1, 1, 1, 1, 0, 0, 0, 0, 0, 0]: 5.0000E-1
MacroFOne
   Default        : [9.3061E-1, 8.7069E-1, 8.8983E-1, 8.9916E-1, 8.7069E-1, 8.1982E-1, NaN, NaN, NaN, NaN, NaN, NaN]: NaN
   Original       : [8.8789E-1, 8.0569E-1, 8.3721E-1, 8.5185E-1, 8.5308E-1, 8.0000E-1, 3.7363E-1, 4.1667E-1, 4.4118E-1, 3.6364E-1, 2.5000E-1, 1.3333E-1]: 5.8451E-1
   Pruned         : [9.3061E-1, 8.7069E-1, 8.8983E-1, 8.9916E-1, 8.7069E-1, 8.1982E-1, NaN, NaN, NaN, NaN, NaN, NaN]: NaN
MicroPrecision
   Default        : 7.8753E-1
   Original       : 7.1103E-1
   Pruned         : 7.8753E-1
MicroRecall
   Default        : 8.1234E-1
   Original       : 7.7822E-1
   Pruned         : 8.1234E-1
MicroFOne
   Default        : 7.9974E-1
   Original       : 7.4311E-1
   Pruned         : 7.9974E-1
averageAUROC
   Default        : 5.000000E-1
   Original       : 6.094549E-1
   Pruned         : 5.000000E-1
averageAUPRC
   Default        : 4.847328E-1
   Original       : 5.505109E-1
   Pruned         : 4.847328E-1
weightedAUPRC
   Default        : 6.836369E-1
   Original       : 7.434984E-1
   Pruned         : 6.836369E-1
pooledAUPRC
   Default        : 7.931750E-1
   Original       : 7.427158E-1
   Pruned         : 7.931750E-1

Default Model
*************

[1,1,1,1,1,1,0,0,0,0,0,0] [994.0,943.0,908.0,900.0,897.0,877.0,807.0,870.0,931.0,1000.0,1056.0,1118.0]: 1179

Original Model
**************

f_392_f_467_f_376_f_243_f_755 > 0.0
+--yes: f_393_f_131_f_575_f_708_f_11 > 3.0
|      +--yes: f_340_f_215 > 0.0
|      |      +--yes: f_702_f_587_f_396_f_655_f_782 > 2.0
|      |      |      +--yes: f_374_f_749_f_713_f_255_f_244 > 2.0
|      |      |      |      +--yes: [1,1,1,1,1,1,0,1,0,0,0,0] [3.0,3.0,3.0,3.0,2.0,3.0,3.0,2.0,3.0,3.0,3.0,3.0]: 3
|      |      |      |      +--no:  [1,0,1,1,1,0,0,0,0,0,0,0] [2.0,3.0,3.0,3.0,2.0,2.0,3.0,3.0,3.0,3.0,3.0,3.0]: 3
|      |      |      +--no:  f_535_f_820_f_665 > 0.0
|      |      |             +--yes: f_682_f_227_f_584_f_25_f_16 > 1.0
|      |      |             |      +--yes: f_691_f_427_f_650_f_622_f_375 > 0.0
|      |      |             |      |      +--yes: f_248_f_527_f_193_f_599_f_378 > 2.0
|      |      |             |      |      |      +--yes: [1,0,1,1,1,1,0,0,1,0,0,0] [2.0,2.0,2.0,2.0,2.0,1.0,2.0,2.0,2.0,2.0,2.0,2.0]: 2
|      |      |             |      |      |      +--no:  f_672_f_839_f_1_f_833_f_553 > 2.0
|      |      |             |      |      |             +--yes: [1,1,1,1,1,0,0,0,1,0,0,0] [2.0,1.0,2.0,2.0,2.0,2.0,2.0,2.0,2.0,2.0,2.0,2.0]: 2
|      |      |             |      |      |             +--no:  f_691_f_427_f_650_f_622_f_375 > 1.0
|      |      |             |      |      |                    +--yes: [1,1,1,1,1,1,0,0,1,0,1,0] [2.0,2.0,1.0,1.0,2.0,2.0,2.0,2.0,1.0,2.0,1.0,2.0]: 2
|      |      |             |      |      |                    +--no:  f_374_f_749_f_713_f_255_f_244 > 2.0
|      |      |             |      |      |                           +--yes: [1,1,1,1,1,1,0,0,1,0,0,0] [2.0,2.0,2.0,2.0,2.0,2.0,2.0,2.0,1.0,2.0,2.0,2.0]: 2
|      |      |             |      |      |                           +--no:  f_287_f_778_f_356_f_15_f_653 > 2.0
|      |      |             |      |      |                                  +--yes: [1,1,1,1,1,1,0,0,1,0,0,0] [3.0,3.0,3.0,3.0,3.0,3.0,3.0,3.0,3.0,3.0,3.0,3.0]: 3
|      |      |             |      |      |                                  +--no:  [1,1,1,1,1,1,1,0,1,0,0,0] [2.0,2.0,2.0,2.0,2.0,2.0,1.0,2.0,2.0,2.0,2.0,2.0]: 2
|      |      |             |      |      +--no:  f_659_f_115_f_377_f_398_f_740 > 1.0
|      |      |             |      |             +--yes: f_20_f_515_f_355_f_351_f_230 > 3.0
|      |      |             |      |             |      +--yes: [1,1,1,1,1,1,0,1,1,0,1,0] [3.0,3.0,3.0,3.0,3.0,3.0,3.0,2.0,2.0,3.0,2.0,3.0]: 3
|      |      |             |      |             |      +--no:  [1,1,1,1,1,1,1,1,1,1,1,1] [2.0,2.0,2.0,2.0,2.0,2.0,2.0,1.0,2.0,1.0,2.0,1.0]: 2
|      |      |             |      |             +--no:  f_2_f_812_f_384_f_628_f_370 > 3.0
|      |      |             |      |                    +--yes: [1,1,1,1,1,1,1,1,1,0,0,0] [2.0,2.0,1.0,2.0,2.0,2.0,1.0,2.0,2.0,2.0,2.0,2.0]: 2
|      |      |             |      |                    +--no:  [1,1,1,1,1,1,0,0,1,0,0,0] [3.0,3.0,3.0,3.0,3.0,2.0,2.0,3.0,3.0,3.0,3.0,3.0]: 3
|      |      |             |      +--no:  f_301_f_353_f_555_f_548_f_703 > 1.0
|      |      |             |             +--yes: f_34_f_632_f_297_f_576_f_476 > 0.0
|      |      |             |             |      +--yes: [1,0,1,1,1,0,0,0,1,0,0,0] [3.0,3.0,2.0,3.0,3.0,3.0,3.0,3.0,3.0,3.0,3.0,3.0]: 3
|      |      |             |             |      +--no:  f_248_f_527_f_193_f_599_f_378 > 2.0
|      |      |             |             |             +--yes: [1,1,1,1,1,0,0,1,1,0,0,0] [2.0,1.0,2.0,2.0,2.0,2.0,2.0,1.0,2.0,2.0,2.0,2.0]: 2
|      |      |             |             |             +--no:  [1,1,1,1,1,1,0,0,1,0,0,0] [3.0,3.0,3.0,3.0,3.0,3.0,3.0,3.0,3.0,3.0,3.0,3.0]: 3
|      |      |             |             +--no:  f_374_f_749_f_713_f_255_f_244 > 2.0
|      |      |             |                    +--yes: [1,1,1,1,1,0,0,0,0,0,0,0] [3.0,3.0,3.0,3.0,3.0,2.0,3.0,3.0,3.0,3.0,3.0,3.0]: 3
|      |      |             |                    +--no:  [1,1,1,1,1,0,0,0,1,0,0,0] [3.0,3.0,3.0,3.0,2.0,2.0,2.0,3.0,2.0,2.0,3.0,3.0]: 3
|      |      |             +--no:  f_24_f_357_f_756_f_600_f_425 > 0.0
|      |      |                    +--yes: [1,1,1,1,1,1,1,1,0,1,1,0] [2.0,2.0,2.0,2.0,2.0,1.0,1.0,2.0,2.0,1.0,1.0,2.0]: 2
|      |      |                    +--no:  [1,1,1,1,1,1,1,0,0,0,0,0] [2.0,2.0,1.0,1.0,2.0,2.0,2.0,2.0,2.0,2.0,2.0,2.0]: 2
|      |      +--no:  [0,1,0,0,0,1,0,0,0,0,0,0] [2.0,3.0,2.0,2.0,2.0,2.0,2.0,2.0,2.0,2.0,3.0,2.0]: 3
|      +--no:  f_374_f_749_f_713_f_255_f_244 > 3.0
|             +--yes: f_571_f_359_f_696_f_506_f_347 > 1.0
|             |      +--yes: f_685_f_500_f_657_f_690_f_701 > 1.0
|             |      |      +--yes: f_571_f_359_f_696_f_506_f_347 > 2.0
|             |      |      |      +--yes: f_308_f_706_f_441_f_406_f_667 > 1.0
|             |      |      |      |      +--yes: [1,1,1,1,1,1,1,0,0,0,0,0] [2.0,2.0,2.0,2.0,2.0,2.0,1.0,2.0,2.0,2.0,2.0,2.0]: 2
|             |      |      |      |      +--no:  [1,1,1,1,1,1,1,1,0,0,0,0] [2.0,2.0,2.0,2.0,2.0,2.0,2.0,2.0,2.0,2.0,2.0,2.0]: 2
|             |      |      |      +--no:  [1,0,1,1,0,1,0,0,0,0,0,0] [2.0,2.0,2.0,2.0,2.0,2.0,2.0,2.0,2.0,2.0,2.0,2.0]: 2
|             |      |      +--no:  f_308_f_706_f_441_f_406_f_667 > 1.0
|             |      |             +--yes: [1,1,1,1,1,1,1,1,1,0,1,0] [2.0,2.0,1.0,1.0,2.0,2.0,2.0,2.0,1.0,2.0,2.0,2.0]: 2
|             |      |             +--no:  [1,1,1,1,1,1,0,1,0,1,0,0] [3.0,3.0,3.0,3.0,3.0,3.0,3.0,3.0,2.0,2.0,3.0,3.0]: 3
|             |      +--no:  f_308_f_706_f_441_f_406_f_667 > 1.0
|             |             +--yes: [1,1,1,1,1,1,1,1,0,1,1,1] [3.0,3.0,3.0,3.0,3.0,3.0,3.0,3.0,2.0,3.0,3.0,2.0]: 3
|             |             +--no:  [1,1,1,1,1,1,0,1,1,1,0,1] [3.0,3.0,3.0,3.0,3.0,3.0,2.0,3.0,3.0,3.0,3.0,3.0]: 3
|             +--no:  f_593_f_803_f_830_f_585_f_524 > 3.0
|                    +--yes: f_689_f_423_f_507_f_834_f_750 > 1.0
|                    |      +--yes: f_569_f_457_f_259_f_603_f_260 > 1.0
|                    |      |      +--yes: [0,1,0,0,0,1,0,0,1,0,1,0] [2.0,3.0,2.0,2.0,2.0,3.0,2.0,2.0,3.0,3.0,3.0,3.0]: 3
|                    |      |      +--no:  [0,0,0,0,0,1,1,0,1,0,1,0] [2.0,2.0,2.0,2.0,2.0,1.0,1.0,2.0,1.0,2.0,1.0,2.0]: 2
|                    |      +--no:  f_308_f_706_f_441_f_406_f_667 > 1.0
|                    |             +--yes: [1,1,1,1,1,0,0,0,1,0,1,0] [2.0,1.0,1.0,1.0,1.0,2.0,2.0,2.0,2.0,2.0,1.0,2.0]: 2
|                    |             +--no:  [1,1,1,1,1,1,1,0,1,1,0,0] [2.0,2.0,2.0,2.0,2.0,1.0,1.0,2.0,1.0,1.0,2.0,2.0]: 2
|                    +--no:  f_26_f_386_f_471_f_477_f_771 > 0.0
|                           +--yes: f_643_f_409_f_540_f_528_f_454 > 0.0
|                           |      +--yes: f_699_f_763_f_432_f_577_f_798 > 3.0
|                           |      |      +--yes: [0,0,1,1,0,0,0,0,0,0,0,0] [2.0,2.0,1.0,1.0,2.0,2.0,2.0,2.0,2.0,2.0,2.0,2.0]: 2
|                           |      |      +--no:  f_340_f_215 > 1.0
|                           |      |             +--yes: f_338_f_861_f_697_f_800_f_241 > 2.0
|                           |      |             |      +--yes: [1,1,1,1,1,1,0,1,0,1,0,1] [1.0,2.0,1.0,1.0,1.0,2.0,2.0,1.0,2.0,1.0,2.0,1.0]: 2
|                           |      |             |      +--no:  [0,1,1,1,0,0,0,0,0,0,0,0] [2.0,1.0,2.0,2.0,2.0,2.0,2.0,2.0,2.0,2.0,2.0,2.0]: 2
|                           |      |             +--no:  f_338_f_861_f_697_f_800_f_241 > 0.0
|                           |      |                    +--yes: f_705_f_499_f_504_f_448_f_721 > 1.0
|                           |      |                    |      +--yes: f_569_f_457_f_259_f_603_f_260 > 4.0
|                           |      |                    |      |      +--yes: [1,1,1,1,1,1,1,1,0,1,0,0] [3.0,3.0,3.0,3.0,3.0,3.0,3.0,2.0,2.0,3.0,2.0,3.0]: 3
|                           |      |                    |      |      +--no:  f_462_f_35_f_752_f_328_f_18 > 1.0
|                           |      |                    |      |             +--yes: [1,0,0,0,1,0,0,0,0,0,0,0] [2.0,2.0,3.0,3.0,2.0,2.0,2.0,3.0,3.0,3.0,3.0,3.0]: 3
|                           |      |                    |      |             +--no:  f_672_f_839_f_1_f_833_f_553 > 3.0
|                           |      |                    |      |                    +--yes: [1,0,1,1,0,0,0,0,0,1,0,0] [2.0,2.0,3.0,3.0,2.0,2.0,3.0,3.0,3.0,2.0,3.0,3.0]: 3
|                           |      |                    |      |                    +--no:  f_682_f_227_f_584_f_25_f_16 > 1.0
|                           |      |                    |      |                           +--yes: f_372 > 0.0
|                           |      |                    |      |                           |      +--yes: f_339_f_631_f_570_f_564_f_397 > 2.0
|                           |      |                    |      |                           |      |      +--yes: f_681_f_160_f_607_f_559_f_31 > 1.0
|                           |      |                    |      |                           |      |      |      +--yes: [1,1,0,0,1,1,0,0,0,0,0,0] [3.0,3.0,3.0,3.0,3.0,3.0,2.0,3.0,3.0,3.0,2.0,3.0]: 3
|                           |      |                    |      |                           |      |      |      +--no:  [1,1,1,1,1,1,0,0,0,0,0,0] [2.0,1.0,1.0,1.0,2.0,1.0,2.0,2.0,2.0,2.0,2.0,2.0]: 2
|                           |      |                    |      |                           |      |      +--no:  f_346_f_860_f_9_f_43_f_332 > 2.0
|                           |      |                    |      |                           |      |             +--yes: f_615_f_399_f_530_f_532_f_494 > 2.0
|                           |      |                    |      |                           |      |             |      +--yes: [1,1,1,1,1,1,1,0,0,0,0,0] [2.0,2.0,2.0,2.0,2.0,2.0,2.0,2.0,2.0,2.0,2.0,2.0]: 2
|                           |      |                    |      |                           |      |             |      +--no:  f_338_f_861_f_697_f_800_f_241 > 1.0
|                           |      |                    |      |                           |      |             |             +--yes: [1,1,1,1,1,1,0,0,0,0,0,0] [4.0,4.0,4.0,4.0,4.0,4.0,4.0,4.0,4.0,4.0,4.0,4.0]: 4
|                           |      |                    |      |                           |      |             |             +--no:  [1,1,1,1,1,1,0,1,0,0,0,0] [2.0,2.0,2.0,2.0,2.0,2.0,2.0,1.0,2.0,2.0,2.0,2.0]: 2
|                           |      |                    |      |                           |      |             +--no:  f_338_f_861_f_697_f_800_f_241 > 1.0
|                           |      |                    |      |                           |      |                    +--yes: [1,0,1,1,1,0,0,0,0,0,0,0] [2.0,2.0,1.0,1.0,2.0,2.0,2.0,2.0,2.0,2.0,2.0,2.0]: 2
|                           |      |                    |      |                           |      |                    +--no:  [1,1,1,1,1,1,0,0,1,0,0,0] [2.0,2.0,1.0,1.0,2.0,2.0,2.0,2.0,1.0,2.0,2.0,2.0]: 2
|                           |      |                    |      |                           |      +--no:  f_541_f_647_f_373_f_547_f_785 > 2.0
|                           |      |                    |      |                           |             +--yes: [1,1,0,0,1,1,0,1,0,0,0,0] [1.0,1.0,2.0,2.0,1.0,1.0,2.0,1.0,2.0,2.0,2.0,2.0]: 2
|                           |      |                    |      |                           |             +--no:  f_566_f_216_f_146_f_368_f_493 > 1.0
|                           |      |                    |      |                           |                    +--yes: f_638_f_486_f_578_f_447_f_411 > 1.0
|                           |      |                    |      |                           |                    |      +--yes: f_366_f_242_f_10_f_420_f_443 > 2.0
|                           |      |                    |      |                           |                    |      |      +--yes: f_672_f_839_f_1_f_833_f_553 > 2.0
|                           |      |                    |      |                           |                    |      |      |      +--yes: [1,1,1,1,1,1,0,0,1,0,0,0] [2.0,2.0,2.0,2.0,2.0,1.0,2.0,2.0,1.0,2.0,2.0,2.0]: 2
|                           |      |                    |      |                           |                    |      |      |      +--no:  [1,1,1,1,1,1,0,1,0,0,0,0] [3.0,3.0,3.0,3.0,3.0,2.0,2.0,3.0,3.0,3.0,3.0,3.0]: 3
|                           |      |                    |      |                           |                    |      |      +--no:  f_335_f_742_f_704_f_30_f_522 > 0.0
|                           |      |                    |      |                           |                    |      |             +--yes: [1,1,1,1,1,1,0,1,0,1,0,0] [2.0,2.0,2.0,2.0,2.0,1.0,2.0,1.0,2.0,2.0,2.0,2.0]: 2
|                           |      |                    |      |                           |                    |      |             +--no:  [1,1,1,1,1,1,1,1,0,1,0,0] [2.0,2.0,2.0,2.0,2.0,1.0,1.0,1.0,2.0,1.0,2.0,2.0]: 2
|                           |      |                    |      |                           |                    |      +--no:  [1,1,1,1,1,0,0,0,0,0,0,0] [1.0,2.0,2.0,2.0,1.0,2.0,2.0,2.0,2.0,2.0,2.0,2.0]: 2
|                           |      |                    |      |                           |                    +--no:  f_287_f_778_f_356_f_15_f_653 > 1.0
|                           |      |                    |      |                           |                           +--yes: [1,1,1,1,1,1,0,0,0,1,1,0] [3.0,3.0,3.0,3.0,3.0,3.0,3.0,3.0,3.0,2.0,2.0,3.0]: 3
|                           |      |                    |      |                           |                           +--no:  [1,1,1,1,1,1,0,0,1,0,0,0] [2.0,2.0,2.0,2.0,2.0,2.0,2.0,2.0,1.0,2.0,2.0,2.0]: 2
|                           |      |                    |      |                           +--no:  f_391_f_489_f_625_f_668_f_635 > 1.0
|                           |      |                    |      |                                  +--yes: [1,1,1,1,1,1,0,0,0,0,1,0] [2.0,3.0,3.0,3.0,3.0,3.0,3.0,2.0,3.0,3.0,3.0,3.0]: 3
|                           |      |                    |      |                                  +--no:  f_12_f_343_f_249_f_450_f_712 > 1.0
|                           |      |                    |      |                                         +--yes: [1,1,1,1,1,1,0,0,0,0,1,0] [2.0,2.0,2.0,2.0,2.0,1.0,2.0,2.0,2.0,2.0,1.0,2.0]: 2
|                           |      |                    |      |                                         +--no:  [1,1,1,1,1,1,0,0,0,0,0,0] [2.0,2.0,2.0,2.0,2.0,2.0,2.0,2.0,2.0,2.0,2.0,2.0]: 2
|                           |      |                    |      +--no:  f_692_f_791_f_453_f_537_f_518 > 2.0
|                           |      |                    |             +--yes: f_37_f_711_f_776_f_710_f_487 > 1.0
|                           |      |                    |             |      +--yes: f_346_f_860_f_9_f_43_f_332 > 2.0
|                           |      |                    |             |      |      +--yes: [1,1,1,1,1,1,0,1,0,0,0,0] [4.0,4.0,3.0,3.0,4.0,4.0,4.0,4.0,4.0,4.0,4.0,4.0]: 4
|                           |      |                    |             |      |      +--no:  [1,1,1,1,1,1,1,1,0,0,0,0] [3.0,3.0,3.0,3.0,3.0,3.0,3.0,3.0,2.0,2.0,3.0,3.0]: 3
|                           |      |                    |             |      +--no:  [1,1,0,0,1,1,1,1,0,0,0,0] [2.0,1.0,2.0,2.0,2.0,1.0,1.0,2.0,2.0,2.0,2.0,2.0]: 2
|                           |      |                    |             +--no:  f_569_f_457_f_259_f_603_f_260 > 2.0
|                           |      |                    |                    +--yes: f_26_f_386_f_471_f_477_f_771 > 1.0
|                           |      |                    |                    |      +--yes: f_571_f_359_f_696_f_506_f_347 > 1.0
|                           |      |                    |                    |      |      +--yes: [1,1,1,1,1,1,0,0,0,1,0,0] [3.0,3.0,3.0,3.0,3.0,3.0,3.0,2.0,3.0,3.0,3.0,3.0]: 3
|                           |      |                    |                    |      |      +--no:  [1,1,1,1,1,1,1,0,1,1,1,0] [2.0,1.0,2.0,2.0,2.0,2.0,2.0,2.0,1.0,2.0,2.0,2.0]: 2
|                           |      |                    |                    |      +--no:  f_566_f_216_f_146_f_368_f_493 > 2.0
|                           |      |                    |                    |             +--yes: [1,1,1,1,1,1,1,0,1,1,0,0] [3.0,3.0,3.0,3.0,3.0,3.0,3.0,2.0,2.0,3.0,3.0,3.0]: 3
|                           |      |                    |                    |             +--no:  f_248_f_527_f_193_f_599_f_378 > 2.0
|                           |      |                    |                    |                    +--yes: f_716_f_521 > 0.0
|                           |      |                    |                    |                    |      +--yes: f_366_f_242_f_10_f_420_f_443 > 2.0
|                           |      |                    |                    |                    |      |      +--yes: f_374_f_749_f_713_f_255_f_244 > 2.0
|                           |      |                    |                    |                    |      |      |      +--yes: [1,1,1,1,1,1,0,1,0,0,0,0] [2.0,2.0,1.0,1.0,2.0,2.0,2.0,1.0,2.0,2.0,2.0,2.0]: 2
|                           |      |                    |                    |                    |      |      |      +--no:  [1,1,0,0,1,1,0,0,0,0,0,0] [2.0,2.0,2.0,2.0,2.0,2.0,2.0,2.0,2.0,2.0,2.0,2.0]: 2
|                           |      |                    |                    |                    |      |      +--no:  [0,1,0,0,1,1,0,0,0,1,0,0] [2.0,2.0,2.0,2.0,1.0,2.0,2.0,2.0,2.0,1.0,2.0,2.0]: 2
|                           |      |                    |                    |                    |      +--no:  f_185_f_229_f_552_f_428_f_590 > 2.0
|                           |      |                    |                    |                    |             +--yes: [1,1,1,1,1,1,0,0,1,0,0,0] [2.0,1.0,1.0,1.0,2.0,2.0,2.0,2.0,1.0,2.0,2.0,2.0]: 2
|                           |      |                    |                    |                    |             +--no:  f_308_f_706_f_441_f_406_f_667 > 1.0
|                           |      |                    |                    |                    |                    +--yes: [1,1,1,1,1,1,1,1,0,1,0,0] [3.0,3.0,3.0,3.0,3.0,3.0,2.0,3.0,3.0,3.0,3.0,3.0]: 3
|                           |      |                    |                    |                    |                    +--no:  [1,1,1,1,1,1,0,1,0,0,0,0] [2.0,2.0,2.0,2.0,2.0,2.0,2.0,2.0,2.0,2.0,2.0,2.0]: 2
|                           |      |                    |                    |                    +--no:  f_682_f_227_f_584_f_25_f_16 > 2.0
|                           |      |                    |                    |                           +--yes: f_391_f_489_f_625_f_668_f_635 > 1.0
|                           |      |                    |                    |                           |      +--yes: f_374_f_749_f_713_f_255_f_244 > 2.0
|                           |      |                    |                    |                           |      |      +--yes: [1,1,1,1,1,1,0,0,0,1,0,0] [2.0,1.0,2.0,2.0,1.0,2.0,2.0,2.0,2.0,2.0,2.0,2.0]: 2
|                           |      |                    |                    |                           |      |      +--no:  [1,1,1,1,0,0,0,0,0,1,0,0] [2.0,2.0,2.0,2.0,2.0,2.0,2.0,2.0,2.0,1.0,2.0,2.0]: 2
|                           |      |                    |                    |                           |      +--no:  [1,1,1,1,1,1,0,1,0,0,0,1] [2.0,2.0,2.0,2.0,1.0,2.0,2.0,1.0,2.0,2.0,2.0,1.0]: 2
|                           |      |                    |                    |                           +--no:  f_639_f_144_f_333_f_334_f_188 > 1.0
|                           |      |                    |                    |                                  +--yes: [1,1,1,1,1,1,0,0,0,0,0,0] [2.0,2.0,2.0,2.0,2.0,2.0,2.0,2.0,2.0,2.0,2.0,2.0]: 2
|                           |      |                    |                    |                                  +--no:  f_684_f_496_f_431_f_153_f_558 > 1.0
|                           |      |                    |                    |                                         +--yes: f_308_f_706_f_441_f_406_f_667 > 1.0
|                           |      |                    |                    |                                         |      +--yes: [1,1,1,1,1,1,1,1,1,0,0,0] [3.0,3.0,3.0,3.0,3.0,3.0,2.0,3.0,2.0,2.0,3.0,3.0]: 3
|                           |      |                    |                    |                                         |      +--no:  [1,1,1,1,1,1,1,1,0,0,0,0] [4.0,4.0,4.0,4.0,4.0,4.0,4.0,4.0,4.0,4.0,4.0,4.0]: 4
|                           |      |                    |                    |                                         +--no:  [1,1,1,1,1,1,0,1,0,0,0,0] [3.0,3.0,3.0,3.0,3.0,3.0,3.0,3.0,3.0,2.0,3.0,2.0]: 3
|                           |      |                    |                    +--no:  f_614_f_840_f_285_f_452_f_390 > 3.0
|                           |      |                    |                           +--yes: [0,1,1,1,0,1,0,0,0,0,0,0] [2.0,3.0,3.0,3.0,3.0,3.0,3.0,3.0,3.0,2.0,3.0,3.0]: 3
|                           |      |                    |                           +--no:  f_308_f_706_f_441_f_406_f_667 > 1.0
|                           |      |                    |                                  +--yes: f_571_f_359_f_696_f_506_f_347 > 2.0
|                           |      |                    |                                  |      +--yes: f_405_f_533_f_623_f_549_f_531 > 1.0
|                           |      |                    |                                  |      |      +--yes: [1,1,1,1,1,1,1,0,0,0,0,0] [2.0,2.0,2.0,2.0,2.0,2.0,2.0,2.0,2.0,2.0,2.0,2.0]: 2
|                           |      |                    |                                  |      |      +--no:  [1,1,1,1,1,1,1,0,1,0,1,0] [2.0,1.0,2.0,2.0,2.0,2.0,1.0,2.0,2.0,2.0,1.0,2.0]: 2
|                           |      |                    |                                  |      +--no:  f_374_f_749_f_713_f_255_f_244 > 2.0
|                           |      |                    |                                  |             +--yes: [1,1,1,1,0,1,0,0,0,0,0,0] [3.0,3.0,2.0,2.0,3.0,3.0,3.0,3.0,3.0,3.0,3.0,3.0]: 3
|                           |      |                    |                                  |             +--no:  f_12_f_343_f_249_f_450_f_712 > 0.0
|                           |      |                    |                                  |                    +--yes: [1,1,1,1,1,1,0,0,0,0,0,0] [5.0,5.0,5.0,5.0,5.0,4.0,5.0,5.0,5.0,5.0,5.0,5.0]: 5
|                           |      |                    |                                  |                    +--no:  [1,1,1,1,0,1,0,0,0,0,0,0] [2.0,2.0,2.0,2.0,2.0,2.0,2.0,2.0,2.0,2.0,2.0,2.0]: 2
|                           |      |                    |                                  +--no:  f_645_f_213_f_293_f_735_f_673 > 0.0
|                           |      |                    |                                         +--yes: f_380_f_510_f_683_f_660_f_595 > 3.0
|                           |      |                    |                                         |      +--yes: [1,1,1,1,1,1,1,1,1,1,0,1] [2.0,2.0,2.0,2.0,2.0,2.0,1.0,2.0,2.0,1.0,2.0,1.0]: 2
|                           |      |                    |                                         |      +--no:  f_637_f_214_f_592_f_680_f_641 > 1.0
|                           |      |                    |                                         |             +--yes: f_692_f_791_f_453_f_537_f_518 > 0.0
|                           |      |                    |                                         |             |      +--yes: f_346_f_860_f_9_f_43_f_332 > 2.0
|                           |      |                    |                                         |             |      |      +--yes: [1,1,1,1,1,1,0,0,0,0,0,0] [3.0,3.0,2.0,2.0,3.0,3.0,3.0,3.0,3.0,3.0,3.0,3.0]: 3
|                           |      |                    |                                         |             |      |      +--no:  [1,1,1,1,1,1,1,0,0,0,0,0] [2.0,2.0,2.0,2.0,2.0,2.0,2.0,2.0,2.0,2.0,2.0,2.0]: 2
|                           |      |                    |                                         |             |      +--no:  [1,1,0,0,1,1,1,1,0,0,0,0] [2.0,2.0,2.0,2.0,1.0,2.0,2.0,1.0,2.0,2.0,2.0,2.0]: 2
|                           |      |                    |                                         |             +--no:  f_338_f_861_f_697_f_800_f_241 > 1.0
|                           |      |                    |                                         |                    +--yes: f_19_f_728_f_464_f_394_f_629 > 1.0
|                           |      |                    |                                         |                    |      +--yes: f_405_f_533_f_623_f_549_f_531 > 2.0
|                           |      |                    |                                         |                    |      |      +--yes: [1,1,1,1,1,1,1,1,0,0,0,0] [2.0,2.0,2.0,2.0,2.0,2.0,2.0,2.0,2.0,2.0,2.0,2.0]: 2
|                           |      |                    |                                         |                    |      |      +--no:  [1,1,1,1,1,1,1,0,0,0,0,0] [2.0,2.0,2.0,2.0,2.0,2.0,2.0,2.0,2.0,2.0,2.0,2.0]: 2
|                           |      |                    |                                         |                    |      +--no:  [1,1,1,1,1,1,1,1,1,0,0,1] [2.0,2.0,2.0,2.0,1.0,2.0,2.0,1.0,2.0,2.0,2.0,1.0]: 2
|                           |      |                    |                                         |                    +--no:  [1,1,1,1,1,1,0,0,0,1,0,0] [3.0,3.0,3.0,3.0,3.0,3.0,2.0,2.0,2.0,3.0,3.0,3.0]: 3
|                           |      |                    |                                         +--no:  f_571_f_359_f_696_f_506_f_347 > 1.0
|                           |      |                    |                                                +--yes: [1,1,1,1,1,1,0,1,1,0,0,0] [2.0,1.0,1.0,2.0,2.0,1.0,2.0,1.0,1.0,2.0,2.0,2.0]: 2
|                           |      |                    |                                                +--no:  [1,1,0,0,1,1,0,1,0,0,0,0] [2.0,2.0,2.0,2.0,2.0,1.0,2.0,1.0,2.0,2.0,2.0,2.0]: 2
|                           |      |                    +--no:  f_620_f_508_f_388_f_626_f_403 > 1.0
|                           |      |                           +--yes: f_579_f_422_f_495_f_456 > 1.0
|                           |      |                           |      +--yes: f_566_f_216_f_146_f_368_f_493 > 0.0
|                           |      |                           |      |      +--yes: [1,1,1,1,1,1,1,0,0,0,0,0] [3.0,3.0,3.0,3.0,3.0,3.0,2.0,3.0,3.0,3.0,2.0,3.0]: 3
|                           |      |                           |      |      +--no:  [1,1,1,1,1,1,1,1,1,1,0,0] [2.0,2.0,2.0,2.0,2.0,2.0,1.0,1.0,1.0,2.0,2.0,2.0]: 2
|                           |      |                           |      +--no:  f_686_f_601_f_695_f_364_f_624 > 1.0
|                           |      |                           |             +--yes: [1,1,1,1,1,1,0,0,0,1,0,0] [3.0,2.0,3.0,3.0,3.0,2.0,3.0,3.0,3.0,2.0,3.0,2.0]: 3
|                           |      |                           |             +--no:  [1,1,1,1,1,1,1,1,0,1,0,1] [4.0,4.0,4.0,4.0,4.0,4.0,4.0,3.0,4.0,4.0,4.0,4.0]: 4
|                           |      |                           +--no:  f_654_f_401_f_382_f_194_f_417 > 0.0
|                           |      |                                  +--yes: f_341_f_725_f_449_f_546_f_719 > 1.0
|                           |      |                                  |      +--yes: f_686_f_601_f_695_f_364_f_624 > 0.0
|                           |      |                                  |      |      +--yes: [1,1,1,1,0,1,1,0,0,0,0,0] [2.0,2.0,2.0,2.0,2.0,2.0,1.0,2.0,2.0,2.0,2.0,2.0]: 2
|                           |      |                                  |      |      +--no:  [1,1,1,1,1,1,1,0,0,0,0,0] [3.0,3.0,3.0,2.0,3.0,3.0,2.0,3.0,3.0,3.0,3.0,3.0]: 3
|                           |      |                                  |      +--no:  [1,1,1,1,1,1,1,1,0,1,0,0] [2.0,2.0,2.0,2.0,2.0,2.0,2.0,2.0,2.0,1.0,2.0,2.0]: 2
|                           |      |                                  +--no:  f_593_f_803_f_830_f_585_f_524 > 2.0
|                           |      |                                         +--yes: [1,1,1,1,1,1,0,0,0,0,0,0] [2.0,2.0,2.0,2.0,2.0,2.0,2.0,2.0,2.0,2.0,2.0,2.0]: 2
|                           |      |                                         +--no:  [1,1,1,1,1,1,0,0,1,0,0,0] [3.0,2.0,3.0,3.0,3.0,2.0,3.0,3.0,3.0,3.0,3.0,3.0]: 3
|                           |      +--no:  f_180_f_159_f_258_f_545_f_459 > 2.0
|                           |             +--yes: f_392_f_467_f_376_f_243_f_755 > 1.0
|                           |             |      +--yes: [1,1,1,1,1,1,0,1,1,0,1,0] [2.0,2.0,2.0,2.0,2.0,2.0,2.0,2.0,2.0,2.0,1.0,2.0]: 2
|                           |             |      +--no:  [1,1,1,1,1,1,0,0,0,0,0,0] [1.0,1.0,1.0,1.0,1.0,1.0,2.0,2.0,2.0,2.0,2.0,2.0]: 2
|                           |             +--no:  f_186_f_616_f_143_f_845_f_283 > 2.0
|                           |                    +--yes: [1,1,1,1,1,1,1,0,0,1,0,0] [3.0,3.0,3.0,3.0,3.0,2.0,2.0,2.0,2.0,2.0,3.0,3.0]: 3
|                           |                    +--no:  f_341_f_725_f_449_f_546_f_719 > 2.0
|                           |                           +--yes: [1,1,1,1,1,1,1,1,0,1,1,1] [2.0,2.0,2.0,2.0,2.0,2.0,1.0,1.0,2.0,2.0,1.0,2.0]: 2
|                           |                           +--no:  [1,1,1,1,1,1,1,0,1,1,0,1] [3.0,3.0,3.0,3.0,3.0,3.0,3.0,2.0,3.0,3.0,3.0,3.0]: 3
|                           +--no:  f_20_f_515_f_355_f_351_f_230 > 3.0
|                                  +--yes: f_560_f_700_f_574_f_385_f_737 > 0.0
|                                  |      +--yes: f_686_f_601_f_695_f_364_f_624 > 1.0
|                                  |      |      +--yes: f_339_f_631_f_570_f_564_f_397 > 3.0
|                                  |      |      |      +--yes: f_374_f_749_f_713_f_255_f_244 > 2.0
|                                  |      |      |      |      +--yes: [1,1,1,0,1,1,1,0,0,0,0,0] [2.0,1.0,1.0,2.0,2.0,2.0,1.0,2.0,2.0,2.0,2.0,2.0]: 2
|                                  |      |      |      |      +--no:  [1,1,1,1,1,1,1,0,0,1,0,0] [2.0,1.0,1.0,1.0,2.0,1.0,2.0,2.0,2.0,1.0,2.0,2.0]: 2
|                                  |      |      |      +--no:  [1,1,1,1,1,1,1,1,0,0,0,0] [2.0,2.0,2.0,2.0,2.0,2.0,1.0,1.0,2.0,2.0,2.0,2.0]: 2
|                                  |      |      +--no:  f_181_f_157_f_437_f_407_f_256 > 3.0
|                                  |      |             +--yes: [1,1,1,1,1,1,0,1,1,1,1,0] [2.0,2.0,2.0,2.0,2.0,2.0,2.0,2.0,1.0,1.0,2.0,2.0]: 2
|                                  |      |             +--no:  f_186_f_616_f_143_f_845_f_283 > 2.0
|                                  |      |                    +--yes: f_338_f_861_f_697_f_800_f_241 > 1.0
|                                  |      |                    |      +--yes: [1,1,1,1,1,1,1,1,0,0,0,0] [3.0,3.0,3.0,3.0,3.0,3.0,2.0,3.0,3.0,3.0,3.0,3.0]: 3
|                                  |      |                    |      +--no:  [1,1,1,1,1,1,0,1,1,0,0,0] [2.0,2.0,2.0,2.0,2.0,2.0,2.0,2.0,2.0,2.0,2.0,2.0]: 2
|                                  |      |                    +--no:  f_681_f_160_f_607_f_559_f_31 > 2.0
|                                  |      |                           +--yes: [1,1,1,1,1,1,0,1,0,1,1,0] [2.0,2.0,1.0,1.0,2.0,2.0,2.0,2.0,2.0,2.0,1.0,2.0]: 2
|                                  |      |                           +--no:  [1,1,1,1,1,1,1,1,0,1,0,0] [3.0,3.0,3.0,3.0,3.0,3.0,3.0,2.0,2.0,2.0,3.0,3.0]: 3
|                                  |      +--no:  f_3_f_438_f_634_f_757_f_608 > 2.0
|                                  |             +--yes: [1,1,1,1,1,1,1,1,1,0,1,0] [3.0,3.0,3.0,3.0,3.0,3.0,3.0,2.0,3.0,3.0,3.0,3.0]: 3
|                                  |             +--no:  [1,1,1,1,1,1,1,0,1,1,1,1] [2.0,2.0,2.0,2.0,2.0,2.0,2.0,2.0,2.0,1.0,1.0,1.0]: 2
|                                  +--no:  f_686_f_601_f_695_f_364_f_624 > 3.0
|                                         +--yes: f_341_f_725_f_449_f_546_f_719 > 2.0
|                                         |      +--yes: [1,1,1,1,1,1,1,1,1,1,1,0] [2.0,2.0,2.0,2.0,2.0,2.0,2.0,2.0,2.0,1.0,1.0,2.0]: 2
|                                         |      +--no:  f_440_f_764_f_365_f_656_f_116 > 3.0
|                                         |             +--yes: [1,1,1,1,1,1,1,1,0,1,0,0] [2.0,2.0,2.0,2.0,2.0,2.0,2.0,1.0,2.0,1.0,2.0,2.0]: 2
|                                         |             +--no:  [1,1,1,1,1,1,1,1,1,1,0,0] [2.0,2.0,2.0,2.0,2.0,2.0,2.0,1.0,2.0,2.0,2.0,2.0]: 2
|                                         +--no:  f_716_f_521 > 0.0
|                                                +--yes: f_3_f_438_f_634_f_757_f_608 > 1.0
|                                                |      +--yes: f_638_f_486_f_578_f_447_f_411 > 1.0
|                                                |      |      +--yes: f_19_f_728_f_464_f_394_f_629 > 0.0
|                                                |      |      |      +--yes: f_393_f_131_f_575_f_708_f_11 > 1.0
|                                                |      |      |      |      +--yes: f_248_f_527_f_193_f_599_f_378 > 1.0
|                                                |      |      |      |      |      +--yes: f_659_f_115_f_377_f_398_f_740 > 0.0
|                                                |      |      |      |      |      |      +--yes: f_646_f_305_f_445_f_371_f_633 > 2.0
|                                                |      |      |      |      |      |      |      +--yes: f_691_f_427_f_650_f_622_f_375 > 0.0
|                                                |      |      |      |      |      |      |      |      +--yes: f_374_f_749_f_713_f_255_f_244 > 1.0
|                                                |      |      |      |      |      |      |      |      |      +--yes: f_542_f_202_f_206_f_784_f_298 > 1.0
|                                                |      |      |      |      |      |      |      |      |      |      +--yes: f_686_f_601_f_695_f_364_f_624 > 1.0
|                                                |      |      |      |      |      |      |      |      |      |      |      +--yes: f_33_f_583_f_664_f_379_f_413 > 3.0
|                                                |      |      |      |      |      |      |      |      |      |      |      |      +--yes: [1,1,1,1,1,0,1,0,0,0,0,0] [2.0,2.0,2.0,2.0,1.0,2.0,1.0,2.0,2.0,2.0,2.0,2.0]: 2
|                                                |      |      |      |      |      |      |      |      |      |      |      |      +--no:  [1,1,1,1,1,1,1,0,0,0,0,0] [2.0,2.0,2.0,2.0,2.0,2.0,2.0,2.0,2.0,2.0,2.0,2.0]: 2
|                                                |      |      |      |      |      |      |      |      |      |      |      +--no:  [1,1,1,1,0,0,0,0,0,0,0,0] [2.0,3.0,3.0,3.0,3.0,3.0,3.0,3.0,3.0,3.0,3.0,3.0]: 3
|                                                |      |      |      |      |      |      |      |      |      |      +--no:  f_684_f_496_f_431_f_153_f_558 > 1.0
|                                                |      |      |      |      |      |      |      |      |      |             +--yes: f_560_f_700_f_574_f_385_f_737 > 1.0
|                                                |      |      |      |      |      |      |      |      |      |             |      +--yes: f_33_f_583_f_664_f_379_f_413 > 3.0
|                                                |      |      |      |      |      |      |      |      |      |             |      |      +--yes: [1,1,1,1,1,1,0,0,0,1,0,0] [2.0,2.0,1.0,1.0,2.0,1.0,2.0,2.0,2.0,1.0,2.0,2.0]: 2
|                                                |      |      |      |      |      |      |      |      |      |             |      |      +--no:  [1,0,1,1,1,1,0,1,0,0,0,0] [3.0,2.0,3.0,3.0,3.0,2.0,2.0,2.0,3.0,3.0,3.0,3.0]: 3
|                                                |      |      |      |      |      |      |      |      |      |             |      +--no:  [1,0,0,0,1,1,0,0,0,0,0,0] [1.0,2.0,2.0,2.0,1.0,1.0,2.0,2.0,2.0,2.0,2.0,2.0]: 2
|                                                |      |      |      |      |      |      |      |      |      |             +--no:  f_638_f_486_f_578_f_447_f_411 > 2.0
|                                                |      |      |      |      |      |      |      |      |      |                    +--yes: [1,1,1,1,1,1,0,1,0,0,0,0] [3.0,3.0,3.0,3.0,3.0,3.0,3.0,3.0,2.0,3.0,3.0,3.0]: 3
|                                                |      |      |      |      |      |      |      |      |      |                    +--no:  f_257_f_826_f_597_f_150_f_442 > 2.0
|                                                |      |      |      |      |      |      |      |      |      |                           +--yes: [1,1,1,1,1,1,0,0,1,0,0,0] [3.0,2.0,3.0,3.0,3.0,2.0,3.0,3.0,2.0,3.0,2.0,3.0]: 3
|                                                |      |      |      |      |      |      |      |      |      |                           +--no:  f_705_f_499_f_504_f_448_f_721 > 0.0
|                                                |      |      |      |      |      |      |      |      |      |                                  +--yes: f_308_f_706_f_441_f_406_f_667 > 1.0
|                                                |      |      |      |      |      |      |      |      |      |                                  |      +--yes: [1,1,1,1,1,1,0,0,0,0,0,0] [2.0,2.0,2.0,2.0,2.0,2.0,2.0,2.0,2.0,2.0,2.0,2.0]: 2
|                                                |      |      |      |      |      |      |      |      |      |                                  |      +--no:  [1,1,1,1,1,1,1,0,0,0,0,0] [2.0,2.0,2.0,2.0,2.0,2.0,1.0,2.0,2.0,2.0,2.0,2.0]: 2
|                                                |      |      |      |      |      |      |      |      |      |                                  +--no:  [1,1,1,1,0,1,0,0,0,0,0,0] [2.0,2.0,2.0,2.0,2.0,2.0,2.0,2.0,2.0,2.0,2.0,2.0]: 2
|                                                |      |      |      |      |      |      |      |      |      +--no:  [1,0,1,1,0,0,0,0,0,0,0,0] [1.0,2.0,2.0,2.0,2.0,2.0,2.0,2.0,2.0,2.0,2.0,2.0]: 2
|                                                |      |      |      |      |      |      |      |      +--no:  [1,1,0,0,0,1,0,0,0,1,0,0] [2.0,2.0,2.0,2.0,2.0,2.0,2.0,2.0,2.0,1.0,2.0,2.0]: 2
|                                                |      |      |      |      |      |      |      +--no:  [1,1,1,1,1,1,0,1,0,0,0,1] [3.0,3.0,3.0,3.0,3.0,3.0,2.0,2.0,3.0,2.0,3.0,2.0]: 3
|                                                |      |      |      |      |      |      +--no:  f_366_f_242_f_10_f_420_f_443 > 1.0
|                                                |      |      |      |      |      |             +--yes: f_335_f_742_f_704_f_30_f_522 > 0.0
|                                                |      |      |      |      |      |             |      +--yes: [0,0,1,1,1,0,0,0,0,0,0,0] [2.0,3.0,3.0,3.0,2.0,3.0,3.0,3.0,3.0,2.0,3.0,3.0]: 3
|                                                |      |      |      |      |      |             |      +--no:  f_24_f_357_f_756_f_600_f_425 > 1.0
|                                                |      |      |      |      |      |             |             +--yes: [1,1,1,1,0,0,0,0,0,0,0,0] [1.0,1.0,2.0,2.0,2.0,2.0,2.0,2.0,2.0,2.0,2.0,2.0]: 2
|                                                |      |      |      |      |      |             |             +--no:  [0,1,0,0,0,0,0,0,0,0,0,0] [3.0,2.0,3.0,3.0,3.0,3.0,3.0,3.0,3.0,3.0,3.0,3.0]: 3
|                                                |      |      |      |      |      |             +--no:  [1,1,1,1,1,1,1,1,1,0,0,0] [2.0,1.0,2.0,2.0,2.0,1.0,1.0,1.0,1.0,2.0,2.0,2.0]: 2
|                                                |      |      |      |      |      +--no:  f_593_f_803_f_830_f_585_f_524 > 2.0
|                                                |      |      |      |      |             +--yes: f_299_f_588_f_642_f_416_f_129 > 1.0
|                                                |      |      |      |      |             |      +--yes: f_299_f_588_f_642_f_416_f_129 > 2.0
|                                                |      |      |      |      |             |      |      +--yes: [1,1,1,1,1,1,0,0,1,0,1,0] [3.0,3.0,3.0,3.0,3.0,3.0,2.0,3.0,3.0,3.0,2.0,3.0]: 3
|                                                |      |      |      |      |             |      |      +--no:  f_34_f_632_f_297_f_576_f_476 > 0.0
|                                                |      |      |      |      |             |      |             +--yes: f_12_f_343_f_249_f_450_f_712 > 1.0
|                                                |      |      |      |      |             |      |             |      +--yes: [1,1,1,1,1,1,1,1,0,0,0,0] [2.0,2.0,2.0,2.0,2.0,2.0,2.0,2.0,2.0,2.0,2.0,2.0]: 2
|                                                |      |      |      |      |             |      |             |      +--no:  f_686_f_601_f_695_f_364_f_624 > 1.0
|                                                |      |      |      |      |             |      |             |             +--yes: [1,1,1,1,1,1,1,0,0,0,1,0] [2.0,2.0,2.0,2.0,2.0,2.0,2.0,2.0,2.0,2.0,1.0,2.0]: 2
|                                                |      |      |      |      |             |      |             |             +--no:  [1,1,1,1,1,1,0,0,0,0,0,0] [4.0,4.0,4.0,4.0,3.0,3.0,4.0,4.0,4.0,4.0,4.0,4.0]: 4
|                                                |      |      |      |      |             |      |             +--no:  [1,1,1,1,1,1,1,1,0,1,1,0] [2.0,2.0,2.0,2.0,2.0,2.0,1.0,1.0,2.0,2.0,1.0,2.0]: 2
|                                                |      |      |      |      |             |      +--no:  [1,1,1,1,1,1,0,1,1,1,1,1] [2.0,2.0,2.0,2.0,2.0,2.0,2.0,2.0,1.0,2.0,1.0,1.0]: 2
|                                                |      |      |      |      |             +--no:  f_20_f_515_f_355_f_351_f_230 > 2.0
|                                                |      |      |      |      |                    +--yes: f_685_f_500_f_657_f_690_f_701 > 1.0
|                                                |      |      |      |      |                    |      +--yes: [1,1,1,1,1,1,1,0,1,1,1,0] [3.0,2.0,2.0,3.0,3.0,2.0,2.0,2.0,2.0,2.0,2.0,3.0]: 3
|                                                |      |      |      |      |                    |      +--no:  f_705_f_499_f_504_f_448_f_721 > 0.0
|                                                |      |      |      |      |                    |             +--yes: f_308_f_706_f_441_f_406_f_667 > 1.0
|                                                |      |      |      |      |                    |             |      +--yes: [1,1,1,1,1,1,1,1,1,0,0,0] [2.0,2.0,2.0,2.0,2.0,2.0,1.0,1.0,2.0,2.0,2.0,2.0]: 2
|                                                |      |      |      |      |                    |             |      +--no:  f_2_f_812_f_384_f_628_f_370 > 3.0
|                                                |      |      |      |      |                    |             |             +--yes: [1,1,1,1,1,1,1,0,0,0,0,0] [3.0,3.0,3.0,3.0,3.0,3.0,2.0,3.0,3.0,3.0,3.0,3.0]: 3
|                                                |      |      |      |      |                    |             |             +--no:  [1,1,1,1,1,1,1,1,0,0,0,0] [2.0,2.0,2.0,2.0,2.0,2.0,1.0,2.0,2.0,2.0,2.0,2.0]: 2
|                                                |      |      |      |      |                    |             +--no:  [1,1,0,0,1,1,0,0,0,0,0,0] [3.0,3.0,2.0,3.0,3.0,3.0,2.0,2.0,3.0,3.0,3.0,3.0]: 3
|                                                |      |      |      |      |                    +--no:  f_261_f_517_f_519_f_480_f_484 > 1.0
|                                                |      |      |      |      |                           +--yes: [0,0,0,0,1,0,0,0,0,0,0,0] [2.0,2.0,2.0,2.0,1.0,2.0,2.0,2.0,2.0,2.0,2.0,2.0]: 2
|                                                |      |      |      |      |                           +--no:  f_34_f_632_f_297_f_576_f_476 > 2.0
|                                                |      |      |      |      |                                  +--yes: [1,1,0,0,0,1,0,1,0,0,0,0] [1.0,2.0,2.0,2.0,2.0,2.0,2.0,1.0,2.0,2.0,2.0,2.0]: 2
|                                                |      |      |      |      |                                  +--no:  f_299_f_588_f_642_f_416_f_129 > 1.0
|                                                |      |      |      |      |                                         +--yes: f_797_f_461_f_679_f_734_f_485 > 1.0
|                                                |      |      |      |      |                                         |      +--yes: [1,1,1,1,1,1,0,0,1,0,0,0] [2.0,2.0,1.0,1.0,2.0,2.0,2.0,2.0,2.0,2.0,2.0,2.0]: 2
|                                                |      |      |      |      |                                         |      +--no:  f_24_f_357_f_756_f_600_f_425 > 1.0
|                                                |      |      |      |      |                                         |             +--yes: f_287_f_778_f_356_f_15_f_653 > 2.0
|                                                |      |      |      |      |                                         |             |      +--yes: [1,1,1,1,1,0,0,0,0,0,0,0] [3.0,2.0,3.0,3.0,3.0,2.0,3.0,3.0,3.0,3.0,3.0,3.0]: 3
|                                                |      |      |      |      |                                         |             |      +--no:  f_366_f_242_f_10_f_420_f_443 > 1.0
|                                                |      |      |      |      |                                         |             |             +--yes: [1,1,1,1,1,1,1,0,0,1,0,0] [2.0,2.0,2.0,2.0,2.0,2.0,1.0,2.0,2.0,1.0,2.0,2.0]: 2
|                                                |      |      |      |      |                                         |             |             +--no:  [1,1,1,1,1,1,0,0,0,0,0,0] [2.0,2.0,2.0,2.0,2.0,2.0,2.0,2.0,2.0,2.0,2.0,2.0]: 2
|                                                |      |      |      |      |                                         |             +--no:  [1,1,1,1,1,0,0,0,0,0,0,0] [1.0,2.0,1.0,1.0,1.0,2.0,2.0,2.0,2.0,2.0,2.0,2.0]: 2
|                                                |      |      |      |      |                                         +--no:  f_308_f_706_f_441_f_406_f_667 > 1.0
|                                                |      |      |      |      |                                                +--yes: [1,1,1,1,0,0,0,0,0,0,0,0] [1.0,2.0,1.0,1.0,2.0,2.0,2.0,2.0,2.0,2.0,2.0,2.0]: 2
|                                                |      |      |      |      |                                                +--no:  f_2_f_812_f_384_f_628_f_370 > 3.0
|                                                |      |      |      |      |                                                       +--yes: [1,1,0,0,1,1,1,0,0,0,0,0] [3.0,3.0,2.0,2.0,3.0,3.0,3.0,3.0,3.0,3.0,3.0,3.0]: 3
|                                                |      |      |      |      |                                                       +--no:  [1,1,0,0,1,1,0,0,0,0,0,0] [3.0,3.0,3.0,3.0,3.0,3.0,3.0,2.0,3.0,2.0,3.0,3.0]: 3
|                                                |      |      |      |      +--no:  [1,1,1,1,1,1,1,1,0,0,0,1] [3.0,3.0,3.0,3.0,3.0,3.0,2.0,2.0,3.0,2.0,2.0,2.0]: 3
|                                                |      |      |      +--no:  f_20_f_515_f_355_f_351_f_230 > 2.0
|                                                |      |      |             +--yes: [1,1,1,1,1,1,1,0,0,0,1,0] [1.0,1.0,1.0,1.0,1.0,1.0,1.0,2.0,2.0,2.0,1.0,2.0]: 2
|                                                |      |      |             +--no:  [0,0,0,0,0,0,0,0,0,0,0,0] [3.0,3.0,2.0,2.0,3.0,3.0,3.0,3.0,3.0,3.0,3.0,3.0]: 3
|                                                |      |      +--no:  f_405_f_533_f_623_f_549_f_531 > 1.0
|                                                |      |             +--yes: f_345_f_455_f_573_f_688_f_502 > 3.0
|                                                |      |             |      +--yes: f_12_f_343_f_249_f_450_f_712 > 0.0
|                                                |      |             |      |      +--yes: f_366_f_242_f_10_f_420_f_443 > 3.0
|                                                |      |             |      |      |      +--yes: [1,1,1,1,0,1,0,1,0,0,0,0] [2.0,2.0,1.0,2.0,2.0,2.0,2.0,1.0,2.0,2.0,2.0,2.0]: 2
|                                                |      |             |      |      |      +--no:  [1,1,1,1,1,1,0,0,0,0,1,0] [2.0,1.0,2.0,1.0,1.0,1.0,2.0,2.0,2.0,2.0,2.0,2.0]: 2
|                                                |      |             |      |      +--no:  [1,0,0,0,1,1,1,0,0,0,0,0] [3.0,2.0,3.0,3.0,3.0,3.0,2.0,3.0,3.0,3.0,3.0,3.0]: 3
|                                                |      |             |      +--no:  f_366_f_242_f_10_f_420_f_443 > 3.0
|                                                |      |             |             +--yes: [1,0,1,1,1,1,0,0,0,0,0,0] [1.0,2.0,2.0,2.0,1.0,1.0,2.0,2.0,2.0,2.0,2.0,2.0]: 2
|                                                |      |             |             +--no:  f_12_f_343_f_249_f_450_f_712 > 0.0
|                                                |      |             |                    +--yes: f_571_f_359_f_696_f_506_f_347 > 1.0
|                                                |      |             |                    |      +--yes: [1,1,0,0,1,0,0,0,0,0,0,0] [2.0,1.0,2.0,2.0,1.0,2.0,2.0,2.0,2.0,2.0,2.0,2.0]: 2
|                                                |      |             |                    |      +--no:  [0,0,0,0,0,0,0,0,0,0,0,0] [3.0,3.0,3.0,3.0,3.0,3.0,3.0,3.0,3.0,3.0,3.0,3.0]: 3
|                                                |      |             |                    +--no:  [1,0,0,0,1,1,0,0,1,0,0,0] [2.0,2.0,2.0,2.0,2.0,1.0,2.0,2.0,1.0,2.0,2.0,2.0]: 2
|                                                |      |             +--no:  f_672_f_839_f_1_f_833_f_553 > 2.0
|                                                |      |                    +--yes: [1,1,0,0,0,1,0,0,0,0,0,0] [3.0,3.0,2.0,2.0,2.0,3.0,3.0,3.0,3.0,3.0,3.0,3.0]: 3
|                                                |      |                    +--no:  f_614_f_840_f_285_f_452_f_390 > 2.0
|                                                |      |                           +--yes: [1,0,1,1,1,0,0,0,0,0,0,0] [3.0,3.0,2.0,2.0,2.0,3.0,3.0,3.0,3.0,3.0,2.0,3.0]: 3
|                                                |      |                           +--no:  f_671_f_38_f_759_f_640_f_767 > 1.0
|                                                |      |                                  +--yes: [1,1,1,1,1,0,0,0,0,0,0,0] [2.0,2.0,2.0,2.0,2.0,2.0,2.0,2.0,2.0,2.0,2.0,2.0]: 2
|                                                |      |                                  +--no:  [1,1,1,1,1,1,0,0,0,0,0,0] [3.0,3.0,3.0,3.0,3.0,3.0,3.0,3.0,2.0,3.0,2.0,3.0]: 3
|                                                |      +--no:  f_181_f_157_f_437_f_407_f_256 > 2.0
|                                                |             +--yes: f_567_f_465_f_418_f_694 > 1.0
|                                                |             |      +--yes: [1,1,0,0,1,1,0,0,0,0,0,0] [2.0,2.0,2.0,2.0,1.0,1.0,2.0,2.0,2.0,2.0,2.0,2.0]: 2
|                                                |             |      +--no:  f_374_f_749_f_713_f_255_f_244 > 2.0
|                                                |             |             +--yes: f_2_f_812_f_384_f_628_f_370 > 1.0
|                                                |             |             |      +--yes: [1,1,1,1,1,1,1,0,0,0,0,0] [3.0,3.0,3.0,3.0,3.0,3.0,3.0,3.0,3.0,3.0,3.0,3.0]: 3
|                                                |             |             |      +--no:  [1,1,1,1,1,1,1,0,0,1,0,0] [1.0,1.0,2.0,2.0,1.0,1.0,2.0,2.0,2.0,1.0,2.0,2.0]: 2
|                                                |             |             +--no:  [1,1,1,1,1,0,0,0,0,0,0,0] [2.0,1.0,2.0,2.0,1.0,2.0,2.0,2.0,2.0,2.0,2.0,2.0]: 2
|                                                |             +--no:  f_20_f_515_f_355_f_351_f_230 > 2.0
|                                                |                    +--yes: f_617_f_436_f_178_f_581_f_361 > 1.0
|                                                |                    |      +--yes: [1,1,1,1,1,1,1,1,1,1,0,0] [2.0,2.0,2.0,1.0,2.0,2.0,2.0,1.0,2.0,2.0,2.0,2.0]: 2
|                                                |                    |      +--no:  f_346_f_860_f_9_f_43_f_332 > 2.0
|                                                |                    |             +--yes: [1,1,1,1,1,1,1,0,0,0,1,0] [2.0,2.0,2.0,2.0,2.0,2.0,2.0,2.0,2.0,2.0,1.0,2.0]: 2
|                                                |                    |             +--no:  [1,1,1,1,1,1,1,0,1,0,0,0] [2.0,2.0,2.0,2.0,2.0,2.0,1.0,2.0,2.0,2.0,2.0,2.0]: 2
|                                                |                    +--no:  f_797_f_461_f_679_f_734_f_485 > 0.0
|                                                |                           +--yes: f_392_f_467_f_376_f_243_f_755 > 1.0
|                                                |                           |      +--yes: f_617_f_436_f_178_f_581_f_361 > 1.0
|                                                |                           |      |      +--yes: [1,1,1,1,1,1,0,1,0,0,1,0] [2.0,2.0,2.0,2.0,2.0,1.0,2.0,1.0,2.0,2.0,1.0,2.0]: 2
|                                                |                           |      |      +--no:  f_374_f_749_f_713_f_255_f_244 > 1.0
|                                                |                           |      |             +--yes: [1,1,1,1,1,1,0,0,0,1,0,0] [2.0,2.0,2.0,2.0,2.0,2.0,2.0,2.0,2.0,1.0,2.0,2.0]: 2
|                                                |                           |      |             +--no:  [1,1,1,1,1,1,0,0,1,0,0,0] [2.0,2.0,2.0,2.0,2.0,2.0,2.0,2.0,1.0,2.0,2.0,2.0]: 2
|                                                |                           |      +--no:  f_393_f_131_f_575_f_708_f_11 > 1.0
|                                                |                           |             +--yes: [1,1,1,1,1,1,1,1,1,0,0,0] [2.0,2.0,2.0,2.0,2.0,2.0,2.0,2.0,1.0,2.0,2.0,2.0]: 2
|                                                |                           |             +--no:  f_308_f_706_f_441_f_406_f_667 > 1.0
|                                                |                           |                    +--yes: [1,1,1,1,1,1,0,1,1,0,0,0] [2.0,2.0,2.0,2.0,2.0,2.0,2.0,2.0,1.0,2.0,2.0,2.0]: 2
|                                                |                           |                    +--no:  [1,1,1,1,1,1,0,1,0,0,0,0] [2.0,2.0,2.0,2.0,2.0,2.0,2.0,2.0,2.0,2.0,2.0,2.0]: 2
|                                                |                           +--no:  [1,1,1,1,1,0,0,0,0,0,0,0] [3.0,2.0,3.0,3.0,3.0,3.0,3.0,3.0,2.0,3.0,3.0,3.0]: 3
|                                                +--no:  f_301_f_353_f_555_f_548_f_703 > 2.0
|                                                       +--yes: f_560_f_700_f_574_f_385_f_737 > 1.0
|                                                       |      +--yes: f_299_f_588_f_642_f_416_f_129 > 1.0
|                                                       |      |      +--yes: [1,1,1,1,1,1,0,0,1,0,1,0] [3.0,3.0,3.0,3.0,3.0,3.0,2.0,3.0,3.0,3.0,3.0,3.0]: 3
|                                                       |      |      +--no:  f_20_f_515_f_355_f_351_f_230 > 2.0
|                                                       |      |             +--yes: [1,1,1,1,1,1,1,1,0,1,1,0] [2.0,2.0,2.0,2.0,2.0,2.0,2.0,2.0,2.0,1.0,2.0,2.0]: 2
|                                                       |      |             +--no:  [1,1,1,1,1,1,1,1,0,1,1,1] [2.0,2.0,2.0,2.0,2.0,2.0,2.0,2.0,2.0,1.0,1.0,1.0]: 2
|                                                       |      +--no:  f_287_f_778_f_356_f_15_f_653 > 2.0
|                                                       |             +--yes: [1,1,1,1,1,1,1,1,1,1,0,1] [2.0,1.0,2.0,2.0,2.0,2.0,1.0,2.0,1.0,1.0,2.0,1.0]: 2
|                                                       |             +--no:  f_672_f_839_f_1_f_833_f_553 > 1.0
|                                                       |                    +--yes: f_287_f_778_f_356_f_15_f_653 > 1.0
|                                                       |                    |      +--yes: [1,1,1,1,1,1,1,1,1,0,1,0] [2.0,2.0,1.0,1.0,1.0,2.0,1.0,1.0,1.0,2.0,1.0,2.0]: 2
|                                                       |                    |      +--no:  f_639_f_144_f_333_f_334_f_188 > 0.0
|                                                       |                    |             +--yes: f_308_f_706_f_441_f_406_f_667 > 1.0
|                                                       |                    |             |      +--yes: [1,1,1,1,1,1,1,0,1,0,0,0] [3.0,3.0,3.0,3.0,3.0,3.0,2.0,3.0,2.0,3.0,3.0,3.0]: 3
|                                                       |                    |             |      +--no:  [1,1,1,1,1,1,0,0,1,0,0,0] [5.0,5.0,5.0,5.0,5.0,4.0,5.0,5.0,5.0,5.0,5.0,5.0]: 5
|                                                       |                    |             +--no:  [1,1,1,1,1,0,1,1,1,0,0,0] [2.0,1.0,2.0,2.0,2.0,2.0,1.0,1.0,2.0,2.0,2.0,2.0]: 2
|                                                       |                    +--no:  [1,1,1,1,1,1,0,0,1,1,0,0] [2.0,2.0,2.0,2.0,2.0,2.0,2.0,2.0,2.0,2.0,2.0,2.0]: 2
|                                                       +--no:  f_192_f_543_f_709_f_145_f_314 > 0.0
|                                                              +--yes: f_699_f_763_f_432_f_577_f_798 > 1.0
|                                                              |      +--yes: f_637_f_214_f_592_f_680_f_641 > 3.0
|                                                              |      |      +--yes: f_682_f_227_f_584_f_25_f_16 > 1.0
|                                                              |      |      |      +--yes: f_380_f_510_f_683_f_660_f_595 > 3.0
|                                                              |      |      |      |      +--yes: f_643_f_409_f_540_f_528_f_454 > 1.0
|                                                              |      |      |      |      |      +--yes: [1,0,0,1,1,0,0,0,0,0,0,0] [3.0,2.0,2.0,2.0,3.0,2.0,2.0,3.0,3.0,3.0,3.0,3.0]: 3
|                                                              |      |      |      |      |      +--no:  [0,0,1,1,0,0,0,0,0,0,0,0] [3.0,2.0,2.0,2.0,3.0,2.0,3.0,3.0,3.0,3.0,3.0,3.0]: 3
|                                                              |      |      |      |      +--no:  f_287_f_778_f_356_f_15_f_653 > 1.0
|                                                              |      |      |      |             +--yes: f_777_f_609_f_582_f_714_f_722 > 1.0
|                                                              |      |      |      |             |      +--yes: f_374_f_749_f_713_f_255_f_244 > 2.0
|                                                              |      |      |      |             |      |      +--yes: [1,1,1,1,1,1,0,0,0,0,0,0] [2.0,1.0,2.0,2.0,1.0,1.0,2.0,2.0,2.0,2.0,2.0,2.0]: 2
|                                                              |      |      |      |             |      |      +--no:  [1,1,1,1,0,1,0,0,1,0,1,0] [2.0,2.0,2.0,2.0,2.0,2.0,2.0,2.0,1.0,2.0,1.0,2.0]: 2
|                                                              |      |      |      |             |      +--no:  [1,1,1,1,1,1,1,1,0,1,0,0] [2.0,2.0,2.0,2.0,2.0,2.0,1.0,1.0,2.0,2.0,2.0,2.0]: 2
|                                                              |      |      |      |             +--no:  f_374_f_749_f_713_f_255_f_244 > 2.0
|                                                              |      |      |      |                    +--yes: f_339_f_631_f_570_f_564_f_397 > 3.0
|                                                              |      |      |      |                    |      +--yes: [1,1,1,1,1,1,1,1,1,0,0,0] [2.0,2.0,2.0,2.0,2.0,2.0,2.0,2.0,1.0,2.0,2.0,2.0]: 2
|                                                              |      |      |      |                    |      +--no:  f_308_f_706_f_441_f_406_f_667 > 3.0
|                                                              |      |      |      |                    |             +--yes: [1,1,1,1,1,1,1,0,0,0,0,0] [2.0,1.0,2.0,2.0,2.0,2.0,2.0,2.0,2.0,2.0,2.0,2.0]: 2
|                                                              |      |      |      |                    |             +--no:  [1,1,1,1,1,1,0,0,0,0,0,0] [2.0,2.0,2.0,2.0,2.0,2.0,2.0,2.0,2.0,2.0,2.0,2.0]: 2
|                                                              |      |      |      |                    +--no:  f_366_f_242_f_10_f_420_f_443 > 1.0
|                                                              |      |      |      |                           +--yes: f_308_f_706_f_441_f_406_f_667 > 1.0
|                                                              |      |      |      |                           |      +--yes: [1,1,0,0,1,1,1,1,0,0,0,0] [2.0,2.0,2.0,2.0,2.0,2.0,1.0,2.0,2.0,2.0,2.0,2.0]: 2
|                                                              |      |      |      |                           |      +--no:  [1,1,0,0,1,1,1,0,0,0,0,0] [2.0,1.0,2.0,2.0,2.0,2.0,2.0,2.0,2.0,2.0,2.0,2.0]: 2
|                                                              |      |      |      |                           +--no:  [1,1,1,1,1,1,1,0,0,0,0,0] [3.0,2.0,3.0,2.0,3.0,3.0,2.0,3.0,2.0,3.0,3.0,3.0]: 3
|                                                              |      |      |      +--no:  f_614_f_840_f_285_f_452_f_390 > 2.0
|                                                              |      |      |             +--yes: f_181_f_157_f_437_f_407_f_256 > 0.0
|                                                              |      |      |             |      +--yes: [1,1,0,0,0,1,0,0,0,0,0,0] [3.0,2.0,2.0,2.0,2.0,2.0,3.0,3.0,3.0,3.0,3.0,3.0]: 3
|                                                              |      |      |             |      +--no:  f_374_f_749_f_713_f_255_f_244 > 2.0
|                                                              |      |      |             |             +--yes: [1,1,0,0,0,1,0,0,0,0,0,0] [1.0,2.0,2.0,2.0,2.0,1.0,2.0,2.0,2.0,2.0,2.0,2.0]: 2
|                                                              |      |      |             |             +--no:  [0,1,0,0,0,0,0,0,0,0,1,0] [2.0,1.0,2.0,2.0,2.0,2.0,2.0,2.0,2.0,2.0,1.0,2.0]: 2
|                                                              |      |      |             +--no:  f_335_f_742_f_704_f_30_f_522 > 0.0
|                                                              |      |      |                    +--yes: [1,1,1,1,1,1,1,1,1,1,0,1] [2.0,2.0,1.0,1.0,2.0,2.0,2.0,1.0,1.0,1.0,2.0,1.0]: 2
|                                                              |      |      |                    +--no:  f_346_f_860_f_9_f_43_f_332 > 2.0
|                                                              |      |      |                           +--yes: [1,1,0,0,1,1,1,0,0,0,0,0] [3.0,2.0,3.0,3.0,2.0,3.0,3.0,2.0,3.0,3.0,3.0,3.0]: 3
|                                                              |      |      |                           +--no:  [1,1,0,0,1,1,0,0,0,0,0,0] [3.0,3.0,3.0,3.0,2.0,2.0,3.0,3.0,3.0,3.0,3.0,3.0]: 3
|                                                              |      |      +--no:  f_19_f_728_f_464_f_394_f_629 > 1.0
|                                                              |      |             +--yes: f_374_f_749_f_713_f_255_f_244 > 1.0
|                                                              |      |             |      +--yes: [1,1,1,1,1,1,1,0,1,0,0,0] [2.0,2.0,2.0,2.0,2.0,2.0,1.0,2.0,2.0,2.0,2.0,2.0]: 2
|                                                              |      |             |      +--no:  [1,1,1,1,1,1,1,1,1,0,0,1] [2.0,2.0,2.0,2.0,2.0,2.0,2.0,2.0,2.0,2.0,2.0,1.0]: 2
|                                                              |      |             +--no:  f_707_f_336_f_352_f_497_f_387 > 1.0
|                                                              |      |                    +--yes: [1,1,0,0,0,1,0,0,0,0,0,0] [2.0,2.0,2.0,2.0,2.0,2.0,2.0,2.0,2.0,2.0,2.0,2.0]: 2
|                                                              |      |                    +--no:  f_560_f_700_f_574_f_385_f_737 > 1.0
|                                                              |      |                           +--yes: f_308_f_706_f_441_f_406_f_667 > 1.0
|                                                              |      |                           |      +--yes: [1,0,1,1,1,1,0,0,0,0,0,0] [2.0,2.0,2.0,2.0,2.0,2.0,2.0,2.0,2.0,2.0,2.0,2.0]: 2
|                                                              |      |                           |      +--no:  [1,1,1,1,1,1,1,0,1,1,1,1] [2.0,2.0,2.0,2.0,2.0,2.0,1.0,2.0,1.0,1.0,1.0,1.0]: 2
|                                                              |      |                           +--no:  f_37_f_711_f_776_f_710_f_487 > 3.0
|                                                              |      |                                  +--yes: [1,1,1,1,1,0,0,0,0,1,0,0] [2.0,2.0,2.0,2.0,2.0,2.0,2.0,2.0,2.0,1.0,2.0,2.0]: 2
|                                                              |      |                                  +--no:  f_251_f_801_f_866 > 0.0
|                                                              |      |                                         +--yes: f_257_f_826_f_597_f_150_f_442 > 0.0
|                                                              |      |                                         |      +--yes: [1,1,1,1,1,1,1,0,0,0,0,0] [2.0,2.0,2.0,2.0,2.0,2.0,1.0,2.0,2.0,2.0,2.0,2.0]: 2
|                                                              |      |                                         |      +--no:  [1,1,1,1,0,0,0,0,0,0,0,0] [1.0,1.0,1.0,1.0,2.0,2.0,2.0,2.0,2.0,2.0,2.0,2.0]: 2
|                                                              |      |                                         +--no:  f_439_f_132_f_618_f_414_f_511 > 1.0
|                                                              |      |                                                +--yes: [1,1,1,1,1,1,0,0,0,0,0,0] [3.0,3.0,2.0,2.0,3.0,3.0,3.0,2.0,3.0,3.0,3.0,3.0]: 3
|                                                              |      |                                                +--no:  f_614_f_840_f_285_f_452_f_390 > 1.0
|                                                              |      |                                                       +--yes: [1,1,1,1,1,1,1,0,0,0,0,0] [6.0,6.0,6.0,6.0,5.0,6.0,6.0,6.0,6.0,6.0,6.0,6.0]: 6
|                                                              |      |                                                       +--no:  f_614_f_840_f_285_f_452_f_390 > 0.0
|                                                              |      |                                                              +--yes: [1,1,1,1,1,1,1,1,0,0,0,0] [2.0,2.0,2.0,2.0,2.0,2.0,2.0,2.0,2.0,2.0,2.0,2.0]: 2
|                                                              |      |                                                              +--no:  [1,1,1,1,1,1,1,0,0,0,0,0] [3.0,3.0,3.0,3.0,3.0,3.0,3.0,2.0,3.0,3.0,3.0,3.0]: 3
|                                                              |      +--no:  f_392_f_467_f_376_f_243_f_755 > 1.0
|                                                              |             +--yes: f_186_f_616_f_143_f_845_f_283 > 2.0
|                                                              |             |      +--yes: f_12_f_343_f_249_f_450_f_712 > 2.0
|                                                              |             |      |      +--yes: f_2_f_812_f_384_f_628_f_370 > 3.0
|                                                              |             |      |      |      +--yes: [1,1,1,1,0,1,0,0,0,0,0,0] [1.0,1.0,2.0,2.0,2.0,2.0,2.0,2.0,2.0,2.0,2.0,2.0]: 2
|                                                              |             |      |      |      +--no:  [0,1,0,0,0,1,0,0,0,0,0,0] [2.0,3.0,3.0,3.0,3.0,2.0,2.0,3.0,3.0,3.0,3.0,3.0]: 3
|                                                              |             |      |      +--no:  f_192_f_543_f_709_f_145_f_314 > 2.0
|                                                              |             |      |             +--yes: [0,1,1,1,0,1,0,0,0,0,0,0] [2.0,2.0,3.0,3.0,2.0,3.0,2.0,3.0,2.0,3.0,3.0,3.0]: 3
|                                                              |             |      |             +--no:  f_698_f_831_f_619_f_678_f_788 > 1.0
|                                                              |             |      |                    +--yes: f_192_f_543_f_709_f_145_f_314 > 1.0
|                                                              |             |      |                    |      +--yes: [1,1,1,1,1,1,0,0,1,0,0,0] [4.0,4.0,4.0,4.0,4.0,4.0,4.0,4.0,2.0,4.0,4.0,4.0]: 4
|                                                              |             |      |                    |      +--no:  [1,1,1,1,1,1,0,1,0,1,0,0] [2.0,2.0,2.0,2.0,2.0,1.0,2.0,1.0,2.0,1.0,2.0,2.0]: 2
|                                                              |             |      |                    +--no:  f_671_f_38_f_759_f_640_f_767 > 1.0
|                                                              |             |      |                           +--yes: [1,1,1,0,1,1,1,0,0,0,0,0] [2.0,2.0,1.0,2.0,2.0,2.0,1.0,2.0,2.0,2.0,2.0,2.0]: 2
|                                                              |             |      |                           +--no:  [1,1,1,1,1,1,1,1,0,0,0,0] [2.0,2.0,2.0,2.0,2.0,2.0,2.0,1.0,2.0,2.0,2.0,2.0]: 2
|                                                              |             |      +--no:  f_392_f_467_f_376_f_243_f_755 > 2.0
|                                                              |             |             +--yes: f_338_f_861_f_697_f_800_f_241 > 1.0
|                                                              |             |             |      +--yes: f_338_f_861_f_697_f_800_f_241 > 2.0
|                                                              |             |             |      |      +--yes: [1,1,1,1,1,1,1,1,0,1,1,0] [2.0,2.0,2.0,2.0,2.0,2.0,1.0,1.0,2.0,1.0,1.0,2.0]: 2
|                                                              |             |             |      |      +--no:  [1,1,1,1,1,1,1,1,1,1,1,1] [3.0,3.0,3.0,3.0,3.0,3.0,3.0,3.0,2.0,3.0,2.0,3.0]: 3
|                                                              |             |             |      +--no:  f_374_f_749_f_713_f_255_f_244 > 2.0
|                                                              |             |             |             +--yes: [1,1,1,1,1,1,1,1,0,0,0,0] [2.0,2.0,2.0,2.0,2.0,2.0,1.0,2.0,2.0,2.0,2.0,2.0]: 2
|                                                              |             |             |             +--no:  [1,1,1,1,1,1,1,0,1,1,0,0] [1.0,1.0,2.0,2.0,1.0,2.0,1.0,2.0,1.0,2.0,2.0,2.0]: 2
|                                                              |             |             +--no:  f_248_f_527_f_193_f_599_f_378 > 0.0
|                                                              |             |                    +--yes: f_257_f_826_f_597_f_150_f_442 > 0.0
|                                                              |             |                    |      +--yes: f_23_f_715_f_430_f_421_f_292 > 1.0
|                                                              |             |                    |      |      +--yes: f_374_f_749_f_713_f_255_f_244 > 2.0
|                                                              |             |                    |      |      |      +--yes: [1,1,1,1,1,1,0,0,0,0,0,0] [2.0,1.0,2.0,2.0,1.0,2.0,2.0,2.0,2.0,2.0,2.0,2.0]: 2
|                                                              |             |                    |      |      |      +--no:  [1,1,1,1,1,1,0,0,0,1,0,0] [2.0,2.0,1.0,1.0,2.0,2.0,2.0,2.0,2.0,1.0,2.0,2.0]: 2
|                                                              |             |                    |      |      +--no:  f_21_f_47_f_799_f_729_f_490 > 1.0
|                                                              |             |                    |      |             +--yes: f_654_f_401_f_382_f_194_f_417 > 0.0
|                                                              |             |                    |      |             |      +--yes: [1,1,1,1,1,1,0,1,1,0,1,1] [2.0,2.0,2.0,2.0,2.0,2.0,2.0,1.0,1.0,2.0,2.0,1.0]: 2
|                                                              |             |                    |      |             |      +--no:  f_671_f_38_f_759_f_640_f_767 > 1.0
|                                                              |             |                    |      |             |             +--yes: [1,1,1,1,1,1,0,0,1,1,0,0] [3.0,3.0,3.0,3.0,3.0,3.0,2.0,3.0,2.0,2.0,2.0,3.0]: 3
|                                                              |             |                    |      |             |             +--no:  [1,1,1,1,0,1,1,0,0,0,0,0] [1.0,2.0,2.0,2.0,2.0,2.0,1.0,2.0,2.0,2.0,2.0,2.0]: 2
|                                                              |             |                    |      |             +--no:  f_586_f_187_f_383_f_824_f_250 > 1.0
|                                                              |             |                    |      |                    +--yes: [1,1,1,1,1,1,1,0,1,1,1,1] [2.0,2.0,2.0,2.0,2.0,2.0,2.0,2.0,1.0,1.0,1.0,1.0]: 2
|                                                              |             |                    |      |                    +--no:  f_251_f_801_f_866 > 0.0
|                                                              |             |                    |      |                           +--yes: f_20_f_515_f_355_f_351_f_230 > 2.0
|                                                              |             |                    |      |                           |      +--yes: [1,1,1,1,1,1,1,0,0,1,0,0] [2.0,2.0,2.0,2.0,2.0,2.0,2.0,2.0,2.0,2.0,2.0,2.0]: 2
|                                                              |             |                    |      |                           |      +--no:  [1,1,1,1,1,1,1,1,1,1,0,0] [2.0,2.0,2.0,2.0,2.0,2.0,2.0,2.0,1.0,1.0,2.0,2.0]: 2
|                                                              |             |                    |      |                           +--no:  f_566_f_216_f_146_f_368_f_493 > 0.0
|                                                              |             |                    |      |                                  +--yes: f_611_f_658_f_580_f_677_f_768 > 1.0
|                                                              |             |                    |      |                                  |      +--yes: f_566_f_216_f_146_f_368_f_493 > 1.0
|                                                              |             |                    |      |                                  |      |      +--yes: [1,1,1,1,1,1,1,0,1,0,0,0] [2.0,2.0,2.0,2.0,2.0,2.0,2.0,2.0,2.0,2.0,2.0,2.0]: 2
|                                                              |             |                    |      |                                  |      |      +--no:  [1,1,1,1,1,1,0,1,1,0,0,0] [1.0,2.0,2.0,2.0,1.0,2.0,2.0,1.0,1.0,2.0,2.0,2.0]: 2
|                                                              |             |                    |      |                                  |      +--no:  f_2_f_812_f_384_f_628_f_370 > 3.0
|                                                              |             |                    |      |                                  |             +--yes: f_299_f_588_f_642_f_416_f_129 > 2.0
|                                                              |             |                    |      |                                  |             |      +--yes: [1,1,1,1,1,1,0,1,0,0,0,0] [2.0,2.0,2.0,2.0,2.0,2.0,2.0,1.0,2.0,2.0,2.0,2.0]: 2
|                                                              |             |                    |      |                                  |             |      +--no:  [1,1,1,1,1,1,1,1,0,0,0,0] [4.0,4.0,4.0,4.0,4.0,4.0,4.0,3.0,4.0,4.0,4.0,4.0]: 4
|                                                              |             |                    |      |                                  |             +--no:  [1,1,1,1,1,1,1,0,0,0,1,0] [2.0,2.0,2.0,2.0,2.0,2.0,2.0,2.0,2.0,2.0,1.0,2.0]: 2
|                                                              |             |                    |      |                                  +--no:  f_374_f_749_f_713_f_255_f_244 > 1.0
|                                                              |             |                    |      |                                         +--yes: [1,1,1,1,1,1,1,1,1,0,0,0] [3.0,3.0,3.0,3.0,3.0,3.0,2.0,3.0,3.0,3.0,3.0,3.0]: 3
|                                                              |             |                    |      |                                         +--no:  [1,1,1,1,1,1,1,1,0,0,0,0] [3.0,3.0,3.0,3.0,3.0,3.0,3.0,3.0,2.0,3.0,3.0,3.0]: 3
|                                                              |             |                    |      +--no:  f_186_f_616_f_143_f_845_f_283 > 1.0
|                                                              |             |                    |             +--yes: f_346_f_860_f_9_f_43_f_332 > 2.0
|                                                              |             |                    |             |      +--yes: [1,1,1,1,1,1,0,1,1,1,0,1] [2.0,2.0,2.0,2.0,2.0,2.0,2.0,2.0,1.0,2.0,2.0,1.0]: 2
|                                                              |             |                    |             |      +--no:  [1,1,1,1,1,1,1,1,0,1,0,0] [2.0,2.0,2.0,2.0,2.0,2.0,2.0,2.0,2.0,2.0,2.0,2.0]: 2
|                                                              |             |                    |             +--no:  f_12_f_343_f_249_f_450_f_712 > 1.0
|                                                              |             |                    |                    +--yes: f_338_f_861_f_697_f_800_f_241 > 1.0
|                                                              |             |                    |                    |      +--yes: [1,1,1,1,1,1,0,0,0,1,0,0] [2.0,2.0,2.0,2.0,2.0,2.0,2.0,2.0,2.0,2.0,2.0,2.0]: 2
|                                                              |             |                    |                    |      +--no:  [1,1,1,1,1,1,1,1,1,1,0,0] [2.0,2.0,2.0,2.0,1.0,2.0,2.0,2.0,1.0,2.0,2.0,2.0]: 2
|                                                              |             |                    |                    +--no:  f_2_f_812_f_384_f_628_f_370 > 3.0
|                                                              |             |                    |                           +--yes: [1,1,0,0,1,1,1,0,0,0,0,0] [3.0,2.0,3.0,3.0,2.0,3.0,2.0,2.0,3.0,3.0,3.0,3.0]: 3
|                                                              |             |                    |                           +--no:  f_366_f_242_f_10_f_420_f_443 > 1.0
|                                                              |             |                    |                                  +--yes: [1,1,1,1,1,1,1,1,0,0,0,0] [2.0,2.0,2.0,2.0,2.0,2.0,2.0,1.0,2.0,2.0,2.0,2.0]: 2
|                                                              |             |                    |                                  +--no:  [1,1,1,1,1,1,0,0,0,0,0,0] [2.0,2.0,2.0,2.0,2.0,2.0,2.0,2.0,2.0,2.0,2.0,2.0]: 2
|                                                              |             |                    +--no:  f_707_f_336_f_352_f_497_f_387 > 1.0
|                                                              |             |                           +--yes: f_338_f_861_f_697_f_800_f_241 > 1.0
|                                                              |             |                           |      +--yes: [1,1,1,1,1,1,1,0,1,0,0,0] [1.0,2.0,2.0,2.0,1.0,2.0,1.0,2.0,2.0,2.0,2.0,2.0]: 2
|                                                              |             |                           |      +--no:  [1,1,1,1,1,1,0,0,0,0,0,0] [2.0,2.0,2.0,2.0,1.0,2.0,2.0,2.0,2.0,2.0,2.0,2.0]: 2
|                                                              |             |                           +--no:  f_637_f_214_f_592_f_680_f_641 > 1.0
|                                                              |             |                                  +--yes: f_346_f_860_f_9_f_43_f_332 > 2.0
|                                                              |             |                                  |      +--yes: [1,1,0,0,1,1,0,0,0,0,0,0] [2.0,2.0,2.0,2.0,2.0,2.0,2.0,2.0,2.0,2.0,2.0,2.0]: 2
|                                                              |             |                                  |      +--no:  [1,1,0,0,1,1,0,1,0,0,0,0] [2.0,2.0,2.0,2.0,2.0,2.0,2.0,1.0,2.0,2.0,2.0,2.0]: 2
|                                                              |             |                                  +--no:  f_186_f_616_f_143_f_845_f_283 > 1.0
|                                                              |             |                                         +--yes: [1,1,1,1,1,1,1,1,0,0,0,0] [2.0,2.0,1.0,1.0,2.0,2.0,1.0,2.0,2.0,2.0,2.0,2.0]: 2
|                                                              |             |                                         +--no:  [1,1,1,1,1,1,0,1,0,0,0,0] [2.0,2.0,2.0,2.0,2.0,2.0,2.0,2.0,2.0,2.0,2.0,2.0]: 2
|                                                              |             +--no:  f_345_f_455_f_573_f_688_f_502 > 1.0
|                                                              |                    +--yes: f_691_f_427_f_650_f_622_f_375 > 0.0
|                                                              |                    |      +--yes: f_199_f_652_f_434_f_46_f_118 > 1.0
|                                                              |                    |      |      +--yes: [1,0,1,1,1,0,0,0,0,0,0,0] [3.0,3.0,2.0,2.0,2.0,2.0,3.0,3.0,3.0,2.0,3.0,3.0]: 3
|                                                              |                    |      |      +--no:  f_366_f_242_f_10_f_420_f_443 > 1.0
|                                                              |                    |      |             +--yes: f_777_f_609_f_582_f_714_f_722 > 2.0
|                                                              |                    |      |             |      +--yes: f_192_f_543_f_709_f_145_f_314 > 1.0
|                                                              |                    |      |             |      |      +--yes: [1,1,1,1,1,1,0,1,1,0,1,0] [2.0,2.0,2.0,2.0,2.0,2.0,2.0,1.0,2.0,2.0,2.0,2.0]: 2
|                                                              |                    |      |             |      |      +--no:  [1,1,1,1,1,1,1,1,0,0,0,0] [2.0,2.0,2.0,2.0,2.0,2.0,1.0,2.0,2.0,2.0,2.0,2.0]: 2
|                                                              |                    |      |             |      +--no:  f_366_f_242_f_10_f_420_f_443 > 2.0
|                                                              |                    |      |             |             +--yes: f_535_f_820_f_665 > 0.0
|                                                              |                    |      |             |             |      +--yes: f_685_f_500_f_657_f_690_f_701 > 0.0
|                                                              |                    |      |             |             |      |      +--yes: f_186_f_616_f_143_f_845_f_283 > 1.0
|                                                              |                    |      |             |             |      |      |      +--yes: f_308_f_706_f_441_f_406_f_667 > 2.0
|                                                              |                    |      |             |             |      |      |      |      +--yes: f_374_f_749_f_713_f_255_f_244 > 1.0
|                                                              |                    |      |             |             |      |      |      |      |      +--yes: [1,1,1,1,1,1,0,0,0,0,0,0] [3.0,3.0,3.0,3.0,3.0,3.0,3.0,3.0,3.0,3.0,3.0,3.0]: 3
|                                                              |                    |      |             |             |      |      |      |      |      +--no:  [1,1,1,1,1,1,0,0,1,0,0,0] [2.0,2.0,2.0,2.0,2.0,2.0,2.0,2.0,1.0,2.0,2.0,2.0]: 2
|                                                              |                    |      |             |             |      |      |      |      +--no:  [1,1,1,1,1,1,0,0,0,0,0,0] [2.0,1.0,2.0,2.0,2.0,1.0,2.0,2.0,2.0,2.0,2.0,2.0]: 2
|                                                              |                    |      |             |             |      |      |      +--no:  [1,1,1,1,1,1,0,1,0,0,0,0] [3.0,3.0,3.0,3.0,2.0,3.0,3.0,2.0,3.0,3.0,3.0,3.0]: 3
|                                                              |                    |      |             |             |      |      +--no:  f_338_f_861_f_697_f_800_f_241 > 1.0
|                                                              |                    |      |             |             |      |             +--yes: [1,1,1,1,1,1,0,0,0,0,0,0] [2.0,2.0,2.0,2.0,1.0,1.0,2.0,2.0,2.0,2.0,2.0,2.0]: 2
|                                                              |                    |      |             |             |      |             +--no:  f_341_f_725_f_449_f_546_f_719 > 0.0
|                                                              |                    |      |             |             |      |                    +--yes: [1,1,1,1,1,1,0,1,1,0,0,0] [4.0,4.0,4.0,4.0,4.0,3.0,4.0,2.0,4.0,4.0,4.0,4.0]: 4
|                                                              |                    |      |             |             |      |                    +--no:  f_308_f_706_f_441_f_406_f_667 > 1.0
|                                                              |                    |      |             |             |      |                           +--yes: [1,1,1,1,1,1,1,0,1,0,0,0] [2.0,2.0,2.0,2.0,2.0,2.0,2.0,2.0,2.0,2.0,2.0,2.0]: 2
|                                                              |                    |      |             |             |      |                           +--no:  [1,1,1,1,1,1,1,1,1,0,0,0] [2.0,2.0,2.0,2.0,2.0,2.0,2.0,1.0,1.0,2.0,2.0,2.0]: 2
|                                                              |                    |      |             |             |      +--no:  [1,1,1,1,1,0,0,0,0,0,0,0] [1.0,2.0,2.0,2.0,1.0,2.0,2.0,2.0,2.0,2.0,2.0,2.0]: 2
|                                                              |                    |      |             |             +--no:  [1,1,1,1,1,1,1,1,1,0,0,0] [3.0,3.0,3.0,3.0,3.0,3.0,2.0,2.0,3.0,3.0,3.0,3.0]: 3
|                                                              |                    |      |             +--no:  [1,1,1,1,1,1,0,1,1,0,1,0] [2.0,2.0,2.0,2.0,2.0,2.0,2.0,2.0,1.0,2.0,2.0,2.0]: 2
|                                                              |                    |      +--no:  f_535_f_820_f_665 > 1.0
|                                                              |                    |             +--yes: f_374_f_749_f_713_f_255_f_244 > 1.0
|                                                              |                    |             |      +--yes: [0,1,0,0,0,0,1,0,0,1,0,0] [2.0,2.0,2.0,2.0,2.0,2.0,2.0,2.0,3.0,2.0,3.0,3.0]: 3
|                                                              |                    |             |      +--no:  [1,1,1,1,1,1,1,0,1,1,1,0] [2.0,2.0,2.0,2.0,2.0,2.0,2.0,2.0,2.0,2.0,1.0,2.0]: 2
|                                                              |                    |             +--no:  f_569_f_457_f_259_f_603_f_260 > 1.0
|                                                              |                    |                    +--yes: f_287_f_778_f_356_f_15_f_653 > 1.0
|                                                              |                    |                    |      +--yes: f_287_f_778_f_356_f_15_f_653 > 2.0
|                                                              |                    |                    |      |      +--yes: [0,1,1,1,0,1,0,0,0,0,0,0] [2.0,2.0,1.0,1.0,2.0,2.0,2.0,2.0,2.0,2.0,2.0,2.0]: 2
|                                                              |                    |                    |      |      +--no:  f_308_f_706_f_441_f_406_f_667 > 2.0
|                                                              |                    |                    |      |             +--yes: f_380_f_510_f_683_f_660_f_595 > 3.0
|                                                              |                    |                    |      |             |      +--yes: [1,1,0,0,0,1,0,0,0,0,0,0] [1.0,1.0,2.0,2.0,2.0,1.0,2.0,2.0,2.0,2.0,2.0,2.0]: 2
|                                                              |                    |                    |      |             |      +--no:  f_689_f_423_f_507_f_834_f_750 > 0.0
|                                                              |                    |                    |      |             |             +--yes: f_374_f_749_f_713_f_255_f_244 > 1.0
|                                                              |                    |                    |      |             |             |      +--yes: f_638_f_486_f_578_f_447_f_411 > 1.0
|                                                              |                    |                    |      |             |             |      |      +--yes: f_20_f_515_f_355_f_351_f_230 > 2.0
|                                                              |                    |                    |      |             |             |      |      |      +--yes: [1,1,1,1,1,1,1,0,0,0,0,0] [2.0,2.0,2.0,2.0,2.0,2.0,1.0,2.0,2.0,2.0,2.0,2.0]: 2
|                                                              |                    |                    |      |             |             |      |      |      +--no:  [1,1,1,1,1,1,0,0,0,0,0,0] [2.0,2.0,2.0,2.0,2.0,2.0,2.0,2.0,2.0,2.0,2.0,2.0]: 2
|                                                              |                    |                    |      |             |             |      |      +--no:  [1,1,1,1,1,1,0,1,0,0,0,0] [2.0,2.0,2.0,2.0,2.0,1.0,2.0,1.0,2.0,2.0,2.0,2.0]: 2
|                                                              |                    |                    |      |             |             |      +--no:  [1,1,1,1,1,0,0,0,0,0,0,0] [2.0,1.0,1.0,1.0,2.0,2.0,2.0,2.0,2.0,2.0,2.0,2.0]: 2
|                                                              |                    |                    |      |             |             +--no:  [1,1,0,0,1,1,0,0,0,0,0,0] [2.0,3.0,2.0,2.0,2.0,3.0,2.0,3.0,3.0,3.0,3.0,3.0]: 3
|                                                              |                    |                    |      |             +--no:  f_818_f_488_f_358_f_498_f_736 > 0.0
|                                                              |                    |                    |      |                    +--yes: f_20_f_515_f_355_f_351_f_230 > 2.0
|                                                              |                    |                    |      |                    |      +--yes: [1,1,1,1,1,1,0,0,0,0,0,0] [3.0,3.0,3.0,3.0,3.0,3.0,3.0,3.0,3.0,3.0,3.0,3.0]: 3
|                                                              |                    |                    |      |                    |      +--no:  [1,1,1,1,1,1,0,0,1,0,0,0] [2.0,2.0,2.0,2.0,2.0,2.0,2.0,2.0,1.0,2.0,2.0,2.0]: 2
|                                                              |                    |                    |      |                    +--no:  f_566_f_216_f_146_f_368_f_493 > 1.0
|                                                              |                    |                    |      |                           +--yes: [1,1,1,1,1,1,1,0,0,0,0,0] [2.0,2.0,2.0,2.0,1.0,2.0,2.0,2.0,2.0,2.0,2.0,2.0]: 2
|                                                              |                    |                    |      |                           +--no:  f_20_f_515_f_355_f_351_f_230 > 2.0
|                                                              |                    |                    |      |                                  +--yes: [1,1,1,1,1,1,1,1,0,0,0,0] [2.0,2.0,2.0,2.0,2.0,2.0,2.0,1.0,2.0,2.0,2.0,2.0]: 2
|                                                              |                    |                    |      |                                  +--no:  [1,1,1,1,1,1,1,1,1,0,0,0] [2.0,2.0,2.0,2.0,2.0,2.0,1.0,2.0,1.0,2.0,2.0,2.0]: 2
|                                                              |                    |                    |      +--no:  f_374_f_749_f_713_f_255_f_244 > 2.0
|                                                              |                    |                    |             +--yes: [0,0,1,1,0,0,0,0,0,0,0,0] [2.0,2.0,1.0,1.0,2.0,2.0,2.0,2.0,2.0,2.0,2.0,2.0]: 2
|                                                              |                    |                    |             +--no:  [0,1,1,1,0,1,1,0,0,0,0,0] [2.0,2.0,2.0,2.0,2.0,2.0,1.0,2.0,2.0,2.0,2.0,2.0]: 2
|                                                              |                    |                    +--no:  f_699_f_763_f_432_f_577_f_798 > 0.0
|                                                              |                    |                           +--yes: f_374_f_749_f_713_f_255_f_244 > 1.0
|                                                              |                    |                           |      +--yes: f_672_f_839_f_1_f_833_f_553 > 1.0
|                                                              |                    |                           |      |      +--yes: [1,1,1,1,1,1,1,1,1,0,1,0] [3.0,3.0,3.0,3.0,3.0,3.0,3.0,3.0,2.0,2.0,3.0,2.0]: 3
|                                                              |                    |                           |      |      +--no:  f_335_f_742_f_704_f_30_f_522 > 0.0
|                                                              |                    |                           |      |             +--yes: [1,1,1,1,1,1,0,1,1,0,0,0] [2.0,2.0,2.0,2.0,2.0,2.0,2.0,2.0,1.0,2.0,2.0,2.0]: 2
|                                                              |                    |                           |      |             +--no:  [1,1,1,1,1,1,1,1,1,0,0,0] [2.0,2.0,2.0,2.0,2.0,2.0,2.0,2.0,2.0,2.0,2.0,2.0]: 2
|                                                              |                    |                           |      +--no:  [1,1,1,1,1,1,0,0,0,0,0,0] [2.0,2.0,2.0,2.0,2.0,2.0,2.0,2.0,2.0,2.0,2.0,2.0]: 2
|                                                              |                    |                           +--no:  f_563_f_164_f_675_f_419 > 0.0
|                                                              |                    |                                  +--yes: [1,1,1,1,1,0,0,0,0,0,0,0] [2.0,1.0,1.0,1.0,2.0,2.0,2.0,2.0,2.0,2.0,2.0,2.0]: 2
|                                                              |                    |                                  +--no:  f_707_f_336_f_352_f_497_f_387 > 1.0
|                                                              |                    |                                         +--yes: [1,1,1,1,0,1,0,0,0,0,0,0] [1.0,2.0,1.0,1.0,2.0,2.0,2.0,2.0,2.0,2.0,2.0,2.0]: 2
|                                                              |                    |                                         +--no:  f_637_f_214_f_592_f_680_f_641 > 1.0
|                                                              |                    |                                                +--yes: f_393_f_131_f_575_f_708_f_11 > 2.0
|                                                              |                    |                                                |      +--yes: f_451_f_644_f_821_f_483_f_520 > 1.0
|                                                              |                    |                                                |      |      +--yes: f_346_f_860_f_9_f_43_f_332 > 2.0
|                                                              |                    |                                                |      |      |      +--yes: [1,1,1,1,0,1,1,0,0,0,0,0] [2.0,2.0,2.0,2.0,2.0,2.0,2.0,2.0,2.0,2.0,2.0,2.0]: 2
|                                                              |                    |                                                |      |      |      +--no:  [1,1,1,1,1,1,0,0,0,0,0,0] [2.0,1.0,2.0,2.0,1.0,2.0,2.0,2.0,2.0,2.0,2.0,2.0]: 2
|                                                              |                    |                                                |      |      +--no:  f_685_f_500_f_657_f_690_f_701 > 1.0
|                                                              |                    |                                                |      |             +--yes: [1,1,1,1,1,1,0,0,0,0,0,0] [3.0,2.0,3.0,3.0,3.0,3.0,3.0,2.0,3.0,3.0,3.0,3.0]: 3
|                                                              |                    |                                                |      |             +--no:  f_20_f_515_f_355_f_351_f_230 > 2.0
|                                                              |                    |                                                |      |                    +--yes: [1,1,1,1,1,1,1,0,0,0,0,0] [3.0,3.0,2.0,2.0,3.0,3.0,2.0,2.0,3.0,3.0,3.0,3.0]: 3
|                                                              |                    |                                                |      |                    +--no:  f_12_f_343_f_249_f_450_f_712 > 0.0
|                                                              |                    |                                                |      |                           +--yes: f_181_f_157_f_437_f_407_f_256 > 0.0
|                                                              |                    |                                                |      |                           |      +--yes: [1,1,1,1,1,1,1,0,0,0,0,0] [2.0,2.0,2.0,2.0,2.0,2.0,2.0,2.0,2.0,2.0,2.0,2.0]: 2
|                                                              |                    |                                                |      |                           |      +--no:  [1,1,1,1,1,1,1,1,0,0,0,0] [2.0,2.0,2.0,2.0,2.0,2.0,2.0,2.0,2.0,2.0,2.0,2.0]: 2
|                                                              |                    |                                                |      |                           +--no:  [1,1,1,1,1,1,1,0,0,0,0,0] [2.0,2.0,2.0,2.0,2.0,2.0,2.0,2.0,2.0,2.0,2.0,2.0]: 2
|                                                              |                    |                                                |      +--no:  [1,1,0,0,1,1,1,0,0,0,0,0] [2.0,2.0,2.0,2.0,2.0,2.0,1.0,2.0,2.0,2.0,2.0,2.0]: 2
|                                                              |                    |                                                +--no:  f_2_f_812_f_384_f_628_f_370 > 2.0
|                                                              |                    |                                                       +--yes: f_566_f_216_f_146_f_368_f_493 > 0.0
|                                                              |                    |                                                       |      +--yes: [1,1,1,1,1,1,1,0,1,0,0,0] [2.0,2.0,2.0,2.0,2.0,2.0,1.0,2.0,2.0,2.0,2.0,2.0]: 2
|                                                              |                    |                                                       |      +--no:  [1,1,1,1,1,1,1,1,1,0,0,0] [2.0,2.0,2.0,2.0,2.0,2.0,1.0,2.0,2.0,2.0,2.0,2.0]: 2
|                                                              |                    |                                                       +--no:  [1,1,1,1,1,1,1,0,0,0,1,0] [1.0,2.0,1.0,1.0,1.0,2.0,1.0,2.0,2.0,2.0,1.0,2.0]: 2
|                                                              |                    +--no:  f_691_f_427_f_650_f_622_f_375 > 1.0
|                                                              |                           +--yes: f_440_f_764_f_365_f_656_f_116 > 0.0
|                                                              |                           |      +--yes: [1,1,1,1,1,1,1,0,1,0,0,0] [2.0,1.0,1.0,1.0,2.0,1.0,1.0,2.0,1.0,2.0,2.0,2.0]: 2
|                                                              |                           |      +--no:  f_20_f_515_f_355_f_351_f_230 > 1.0
|                                                              |                           |             +--yes: [1,1,1,1,1,1,1,1,1,1,1,0] [2.0,2.0,2.0,2.0,2.0,2.0,2.0,1.0,1.0,1.0,2.0,2.0]: 2
|                                                              |                           |             +--no:  [1,1,1,1,1,1,1,0,0,0,1,0] [4.0,4.0,4.0,4.0,4.0,4.0,4.0,4.0,4.0,4.0,4.0,4.0]: 4
|                                                              |                           +--no:  f_12_f_343_f_249_f_450_f_712 > 1.0
|                                                              |                                  +--yes: [0,0,0,0,1,1,0,0,0,0,0,0] [2.0,2.0,2.0,2.0,1.0,1.0,2.0,2.0,2.0,2.0,2.0,2.0]: 2
|                                                              |                                  +--no:  f_308_f_706_f_441_f_406_f_667 > 1.0
|                                                              |                                         +--yes: f_2_f_812_f_384_f_628_f_370 > 1.0
|                                                              |                                         |      +--yes: [1,1,1,1,1,1,0,0,1,0,0,0] [2.0,1.0,1.0,1.0,1.0,1.0,2.0,2.0,1.0,2.0,2.0,2.0]: 2
|                                                              |                                         |      +--no:  [1,1,1,1,1,1,1,1,0,1,1,1] [2.0,2.0,2.0,2.0,2.0,2.0,2.0,2.0,2.0,1.0,2.0,1.0]: 2
|                                                              |                                         +--no:  f_346_f_860_f_9_f_43_f_332 > 2.0
|                                                              |                                                +--yes: [1,1,0,0,1,1,0,0,0,0,0,0] [3.0,2.0,3.0,3.0,3.0,3.0,3.0,3.0,3.0,3.0,3.0,3.0]: 3
|                                                              |                                                +--no:  f_643_f_409_f_540_f_528_f_454 > 2.0
|                                                              |                                                       +--yes: [1,0,1,1,1,1,0,0,0,0,0,0] [2.0,2.0,2.0,2.0,2.0,1.0,2.0,2.0,2.0,2.0,2.0,2.0]: 2
|                                                              |                                                       +--no:  f_12_f_343_f_249_f_450_f_712 > 0.0
|                                                              |                                                              +--yes: [1,1,1,1,1,1,0,0,0,0,0,0] [3.0,3.0,3.0,3.0,3.0,3.0,3.0,3.0,3.0,3.0,3.0,3.0]: 3
|                                                              |                                                              +--no:  [1,1,1,1,1,1,0,0,1,0,0,0] [2.0,2.0,1.0,1.0,2.0,2.0,2.0,2.0,1.0,2.0,2.0,2.0]: 2
|                                                              +--no:  f_614_f_840_f_285_f_452_f_390 > 1.0
|                                                                     +--yes: f_542_f_202_f_206_f_784_f_298 > 0.0
|                                                                     |      +--yes: f_181_f_157_f_437_f_407_f_256 > 0.0
|                                                                     |      |      +--yes: [1,0,1,1,1,0,0,0,1,0,0,0] [2.0,2.0,1.0,1.0,2.0,2.0,2.0,2.0,1.0,2.0,2.0,2.0]: 2
|                                                                     |      |      +--no:  [1,1,0,0,0,1,0,0,0,0,0,0] [1.0,1.0,2.0,2.0,2.0,1.0,2.0,2.0,2.0,2.0,2.0,2.0]: 2
|                                                                     |      +--no:  f_617_f_436_f_178_f_581_f_361 > 2.0
|                                                                     |             +--yes: [0,1,1,1,0,0,0,1,0,0,0,0] [2.0,1.0,1.0,1.0,2.0,2.0,2.0,1.0,2.0,2.0,2.0,2.0]: 2
|                                                                     |             +--no:  f_684_f_496_f_431_f_153_f_558 > 0.0
|                                                                     |                    +--yes: f_672_f_839_f_1_f_833_f_553 > 1.0
|                                                                     |                    |      +--yes: [1,1,1,1,1,1,1,0,0,1,1,0] [3.0,3.0,3.0,3.0,3.0,3.0,2.0,3.0,3.0,2.0,3.0,3.0]: 3
|                                                                     |                    |      +--no:  [1,1,1,1,1,1,0,0,0,1,0,0] [1.0,2.0,1.0,1.0,2.0,1.0,2.0,2.0,2.0,1.0,2.0,2.0]: 2
|                                                                     |                    +--no:  f_593_f_803_f_830_f_585_f_524 > 0.0
|                                                                     |                           +--yes: f_671_f_38_f_759_f_640_f_767 > 0.0
|                                                                     |                           |      +--yes: f_645_f_213_f_293_f_735_f_673 > 0.0
|                                                                     |                           |      |      +--yes: f_257_f_826_f_597_f_150_f_442 > 0.0
|                                                                     |                           |      |      |      +--yes: [1,1,1,1,1,1,1,0,1,0,0,0] [3.0,3.0,3.0,3.0,3.0,3.0,2.0,2.0,3.0,3.0,3.0,3.0]: 3
|                                                                     |                           |      |      |      +--no:  f_659_f_115_f_377_f_398_f_740 > 0.0
|                                                                     |                           |      |      |             +--yes: f_440_f_764_f_365_f_656_f_116 > 1.0
|                                                                     |                           |      |      |             |      +--yes: [1,1,1,1,1,1,0,0,0,0,0,0] [6.0,6.0,6.0,5.0,6.0,6.0,6.0,6.0,6.0,6.0,6.0,6.0]: 6
|                                                                     |                           |      |      |             |      +--no:  [1,1,1,1,1,1,1,1,0,0,0,0] [2.0,2.0,2.0,2.0,2.0,2.0,1.0,1.0,2.0,2.0,2.0,2.0]: 2
|                                                                     |                           |      |      |             +--no:  [1,1,1,1,1,1,0,0,1,0,0,0] [2.0,2.0,1.0,2.0,2.0,1.0,2.0,2.0,1.0,2.0,2.0,2.0]: 2
|                                                                     |                           |      |      +--no:  [1,1,1,1,1,0,0,0,0,0,0,0] [2.0,3.0,2.0,2.0,2.0,3.0,3.0,2.0,3.0,3.0,3.0,3.0]: 3
|                                                                     |                           |      +--no:  [1,1,1,1,1,1,1,1,0,0,1,0] [2.0,2.0,2.0,2.0,2.0,2.0,1.0,1.0,2.0,2.0,2.0,2.0]: 2
|                                                                     |                           +--no:  f_567_f_465_f_418_f_694 > 1.0
|                                                                     |                                  +--yes: [1,1,1,1,1,1,0,1,0,1,0,1] [2.0,2.0,2.0,2.0,2.0,2.0,2.0,1.0,2.0,2.0,2.0,1.0]: 2
|                                                                     |                                  +--no:  f_682_f_227_f_584_f_25_f_16 > 0.0
|                                                                     |                                         +--yes: f_440_f_764_f_365_f_656_f_116 > 2.0
|                                                                     |                                         |      +--yes: [1,1,1,1,1,1,1,1,0,0,0,1] [2.0,2.0,2.0,2.0,2.0,2.0,1.0,1.0,2.0,2.0,2.0,1.0]: 2
|                                                                     |                                         |      +--no:  f_301_f_353_f_555_f_548_f_703 > 0.0
|                                                                     |                                         |             +--yes: [1,1,0,0,1,1,0,0,1,0,0,0] [2.0,1.0,2.0,2.0,2.0,1.0,2.0,2.0,2.0,2.0,2.0,2.0]: 2
|                                                                     |                                         |             +--no:  f_405_f_533_f_623_f_549_f_531 > 0.0
|                                                                     |                                         |                    +--yes: f_287_f_778_f_356_f_15_f_653 > 1.0
|                                                                     |                                         |                    |      +--yes: [1,1,1,1,1,0,0,0,0,0,0,0] [2.0,1.0,1.0,1.0,1.0,2.0,2.0,2.0,2.0,2.0,2.0,2.0]: 2
|                                                                     |                                         |                    |      +--no:  [1,1,1,1,1,1,0,0,0,0,0,0] [3.0,3.0,3.0,3.0,3.0,2.0,3.0,2.0,3.0,3.0,3.0,3.0]: 3
|                                                                     |                                         |                    +--no:  f_374_f_749_f_713_f_255_f_244 > 0.0
|                                                                     |                                         |                           +--yes: [1,1,1,0,1,1,0,0,0,0,0,0] [1.0,1.0,1.0,2.0,2.0,1.0,2.0,2.0,2.0,2.0,2.0,2.0]: 2
|                                                                     |                                         |                           +--no:  [1,1,1,1,1,1,0,0,0,1,0,0] [1.0,1.0,1.0,1.0,1.0,1.0,2.0,2.0,2.0,1.0,2.0,2.0]: 2
|                                                                     |                                         +--no:  f_380_f_510_f_683_f_660_f_595 > 0.0
|                                                                     |                                                +--yes: [1,0,1,1,1,0,0,0,1,0,0,0] [2.0,2.0,1.0,1.0,2.0,2.0,2.0,2.0,1.0,2.0,2.0,2.0]: 2
|                                                                     |                                                +--no:  f_672_f_839_f_1_f_833_f_553 > 0.0
|                                                                     |                                                       +--yes: f_374_f_749_f_713_f_255_f_244 > 0.0
|                                                                     |                                                       |      +--yes: [1,1,1,1,1,1,1,1,1,1,0,1] [2.0,2.0,2.0,2.0,2.0,2.0,1.0,2.0,2.0,1.0,2.0,1.0]: 2
|                                                                     |                                                       |      +--no:  [1,1,1,1,1,1,0,1,1,1,0,0] [2.0,2.0,2.0,2.0,2.0,2.0,2.0,2.0,1.0,2.0,2.0,2.0]: 2
|                                                                     |                                                       +--no:  [1,1,1,1,1,0,0,0,1,1,0,0] [2.0,2.0,2.0,2.0,2.0,2.0,2.0,2.0,1.0,1.0,2.0,2.0]: 2
|                                                                     +--no:  [0,0,0,0,0,0,0,0,0,0,0,0] [2.0,2.0,3.0,3.0,2.0,3.0,3.0,3.0,3.0,3.0,3.0,3.0]: 3
+--no:  f_20_f_515_f_355_f_351_f_230 > 1.0
       +--yes: f_346_f_860_f_9_f_43_f_332 > 3.0
       |      +--yes: f_308_f_706_f_441_f_406_f_667 > 3.0
       |      |      +--yes: f_287_f_778_f_356_f_15_f_653 > 0.0
       |      |      |      +--yes: [1,1,1,1,0,1,0,0,0,0,0,0] [2.0,2.0,2.0,2.0,2.0,2.0,2.0,2.0,2.0,2.0,2.0,2.0]: 2
       |      |      |      +--no:  [1,1,1,1,1,1,0,0,0,0,0,0] [3.0,3.0,3.0,3.0,3.0,3.0,2.0,2.0,3.0,3.0,3.0,3.0]: 3
       |      |      +--no:  f_672_f_839_f_1_f_833_f_553 > 3.0
       |      |             +--yes: f_780_f_207_f_367 > 0.0
       |      |             |      +--yes: [1,1,1,1,1,1,0,0,0,0,0,0] [3.0,3.0,3.0,2.0,2.0,2.0,2.0,3.0,3.0,3.0,3.0,3.0]: 3
       |      |             |      +--no:  f_614_f_840_f_285_f_452_f_390 > 2.0
       |      |             |             +--yes: [1,1,1,1,0,1,0,0,0,0,0,0] [1.0,2.0,2.0,2.0,2.0,2.0,2.0,2.0,2.0,2.0,2.0,2.0]: 2
       |      |             |             +--no:  [1,1,1,1,1,1,0,0,0,0,0,0] [1.0,2.0,2.0,2.0,1.0,1.0,2.0,2.0,2.0,2.0,2.0,2.0]: 2
       |      |             +--no:  f_248_f_527_f_193_f_599_f_378 > 1.0
       |      |                    +--yes: f_639_f_144_f_333_f_334_f_188 > 3.0
       |      |                    |      +--yes: [0,0,1,1,0,0,0,0,0,0,0,0] [3.0,3.0,3.0,3.0,3.0,3.0,3.0,3.0,3.0,3.0,3.0,3.0]: 3
       |      |                    |      +--no:  [1,0,1,1,1,0,0,0,0,0,0,0] [1.0,2.0,2.0,1.0,1.0,2.0,2.0,2.0,2.0,2.0,2.0,2.0]: 2
       |      |                    +--no:  f_299_f_588_f_642_f_416_f_129 > 1.0
       |      |                           +--yes: [0,0,0,0,0,0,0,0,0,0,0,0] [2.0,2.0,2.0,2.0,2.0,2.0,2.0,2.0,2.0,2.0,2.0,2.0]: 2
       |      |                           +--no:  [0,1,0,0,0,0,0,0,0,0,0,0] [2.0,3.0,2.0,2.0,3.0,2.0,3.0,3.0,3.0,3.0,3.0,3.0]: 3
       |      +--no:  f_181_f_157_f_437_f_407_f_256 > 0.0
       |             +--yes: f_661_f_27 > 0.0
       |             |      +--yes: f_604_f_514_f_565 > 0.0
       |             |      |      +--yes: f_287_f_778_f_356_f_15_f_653 > 1.0
       |             |      |      |      +--yes: [0,1,1,1,0,1,0,1,0,0,0,0] [2.0,3.0,3.0,3.0,2.0,3.0,3.0,2.0,3.0,3.0,3.0,3.0]: 3
       |             |      |      |      +--no:  [1,1,0,0,1,0,0,0,0,0,0,0] [2.0,2.0,2.0,2.0,2.0,2.0,2.0,2.0,2.0,2.0,2.0,2.0]: 2
       |             |      |      +--no:  f_663_f_400_f_446_f_458_f_758 > 1.0
       |             |      |             +--yes: f_22_f_827_f_327 > 0.0
       |             |      |             |      +--yes: [1,1,1,1,1,1,0,0,0,1,1,0] [3.0,3.0,3.0,3.0,3.0,3.0,3.0,3.0,2.0,2.0,2.0,3.0]: 3
       |             |      |             |      +--no:  [1,1,1,1,1,1,1,1,0,1,1,1] [2.0,2.0,2.0,2.0,2.0,2.0,2.0,2.0,2.0,1.0,2.0,1.0]: 2
       |             |      |             +--no:  f_287_f_778_f_356_f_15_f_653 > 0.0
       |             |      |                    +--yes: [1,1,1,1,1,1,1,1,1,0,0,0] [3.0,3.0,3.0,3.0,3.0,3.0,2.0,2.0,3.0,3.0,2.0,3.0]: 3
       |             |      |                    +--no:  [1,1,1,1,1,1,0,0,0,0,0,0] [3.0,2.0,3.0,3.0,3.0,2.0,3.0,2.0,3.0,3.0,3.0,3.0]: 3
       |             |      +--no:  f_689_f_423_f_507_f_834_f_750 > 0.0
       |             |             +--yes: f_637_f_214_f_592_f_680_f_641 > 4.0
       |             |             |      +--yes: f_186_f_616_f_143_f_845_f_283 > 2.0
       |             |             |      |      +--yes: [1,1,1,1,1,1,1,1,0,0,0,0] [2.0,1.0,2.0,2.0,2.0,1.0,1.0,1.0,2.0,2.0,2.0,2.0]: 2
       |             |             |      |      +--no:  [0,0,1,1,1,0,1,0,0,0,0,0] [2.0,2.0,1.0,1.0,1.0,2.0,1.0,2.0,2.0,2.0,2.0,2.0]: 2
       |             |             |      +--no:  f_248_f_527_f_193_f_599_f_378 > 1.0
       |             |             |             +--yes: f_366_f_242_f_10_f_420_f_443 > 2.0
       |             |             |             |      +--yes: f_346_f_860_f_9_f_43_f_332 > 2.0
       |             |             |             |      |      +--yes: f_374_f_749_f_713_f_255_f_244 > 2.0
       |             |             |             |      |      |      +--yes: [1,1,1,1,1,1,1,0,0,0,0,0] [2.0,2.0,2.0,2.0,1.0,2.0,2.0,2.0,2.0,2.0,2.0,2.0]: 2
       |             |             |             |      |      |      +--no:  [1,1,1,1,1,1,1,1,0,0,0,0] [2.0,2.0,2.0,2.0,2.0,2.0,1.0,1.0,2.0,2.0,2.0,2.0]: 2
       |             |             |             |      |      +--no:  [1,1,1,1,0,1,0,0,0,0,0,0] [1.0,2.0,2.0,2.0,2.0,1.0,2.0,2.0,2.0,2.0,2.0,2.0]: 2
       |             |             |             |      +--no:  [1,1,1,1,1,1,1,0,1,0,0,0] [2.0,1.0,2.0,2.0,2.0,2.0,1.0,2.0,2.0,2.0,2.0,2.0]: 2
       |             |             |             +--no:  f_692_f_791_f_453_f_537_f_518 > 1.0
       |             |             |                    +--yes: [1,1,0,0,1,1,1,0,0,0,0,0] [1.0,2.0,2.0,2.0,2.0,1.0,1.0,2.0,2.0,2.0,2.0,2.0]: 2
       |             |             |                    +--no:  f_681_f_160_f_607_f_559_f_31 > 0.0
       |             |             |                           +--yes: f_516_f_300_f_613_f_14_f_470 > 2.0
       |             |             |                           |      +--yes: [1,1,0,0,1,1,0,0,0,0,0,0] [2.0,2.0,2.0,2.0,1.0,2.0,2.0,2.0,2.0,2.0,2.0,2.0]: 2
       |             |             |                           |      +--no:  f_308_f_706_f_441_f_406_f_667 > 2.0
       |             |             |                           |             +--yes: [1,1,1,1,0,1,0,0,0,0,0,0] [2.0,1.0,1.0,1.0,2.0,2.0,2.0,2.0,2.0,2.0,2.0,2.0]: 2
       |             |             |                           |             +--no:  [1,1,1,1,1,1,1,1,0,0,0,0] [2.0,1.0,1.0,1.0,1.0,1.0,1.0,1.0,2.0,2.0,2.0,2.0]: 2
       |             |             |                           +--no:  f_23_f_715_f_430_f_421_f_292 > 1.0
       |             |             |                                  +--yes: [1,1,1,1,1,1,0,0,0,0,0,0] [2.0,2.0,1.0,1.0,1.0,2.0,2.0,2.0,2.0,2.0,2.0,2.0]: 2
       |             |             |                                  +--no:  f_374_f_749_f_713_f_255_f_244 > 1.0
       |             |             |                                         +--yes: [1,1,1,1,1,1,0,0,0,0,0,0] [2.0,2.0,2.0,2.0,2.0,2.0,2.0,2.0,2.0,2.0,2.0,2.0]: 2
       |             |             |                                         +--no:  [1,1,1,1,1,1,1,0,0,0,0,0] [2.0,2.0,2.0,2.0,2.0,2.0,1.0,2.0,2.0,2.0,2.0,2.0]: 2
       |             |             +--no:  f_19_f_728_f_464_f_394_f_629 > 1.0
       |             |                    +--yes: [1,1,1,1,0,0,0,0,0,0,0,0] [2.0,3.0,3.0,3.0,2.0,2.0,2.0,2.0,3.0,3.0,3.0,3.0]: 3
       |             |                    +--no:  f_12_f_343_f_249_f_450_f_712 > 1.0
       |             |                           +--yes: f_287_f_778_f_356_f_15_f_653 > 1.0
       |             |                           |      +--yes: [1,1,0,1,0,1,0,0,0,0,0,0] [2.0,1.0,2.0,1.0,2.0,2.0,2.0,2.0,2.0,2.0,2.0,2.0]: 2
       |             |                           |      +--no:  [1,0,0,0,1,1,0,0,0,0,0,0] [1.0,2.0,2.0,2.0,1.0,1.0,2.0,2.0,2.0,2.0,2.0,2.0]: 2
       |             |                           +--no:  [0,1,0,0,0,0,0,0,0,0,0,0] [3.0,3.0,3.0,3.0,3.0,2.0,2.0,3.0,3.0,3.0,3.0,3.0]: 3
       |             +--no:  f_440_f_764_f_365_f_656_f_116 > 0.0
       |                    +--yes: f_571_f_359_f_696_f_506_f_347 > 0.0
       |                    |      +--yes: f_681_f_160_f_607_f_559_f_31 > 1.0
       |                    |      |      +--yes: [0,1,1,1,0,0,0,0,0,0,0,0] [2.0,2.0,2.0,2.0,2.0,2.0,2.0,3.0,3.0,3.0,3.0,3.0]: 3
       |                    |      |      +--no:  f_33_f_583_f_664_f_379_f_413 > 1.0
       |                    |      |             +--yes: [1,1,1,1,1,1,0,0,0,1,0,0] [3.0,3.0,3.0,3.0,3.0,2.0,3.0,2.0,3.0,3.0,3.0,2.0]: 3
       |                    |      |             +--no:  f_19_f_728_f_464_f_394_f_629 > 1.0
       |                    |      |                    +--yes: f_374_f_749_f_713_f_255_f_244 > 0.0
       |                    |      |                    |      +--yes: [1,1,1,1,1,1,1,1,0,1,0,0] [3.0,3.0,3.0,3.0,3.0,3.0,3.0,3.0,3.0,3.0,3.0,2.0]: 3
       |                    |      |                    |      +--no:  [1,1,1,1,1,1,1,0,0,1,1,0] [2.0,2.0,2.0,2.0,2.0,1.0,1.0,2.0,2.0,1.0,1.0,2.0]: 2
       |                    |      |                    +--no:  f_248_f_527_f_193_f_599_f_378 > 1.0
       |                    |      |                           +--yes: f_659_f_115_f_377_f_398_f_740 > 0.0
       |                    |      |                           |      +--yes: f_37_f_711_f_776_f_710_f_487 > 1.0
       |                    |      |                           |      |      +--yes: [1,1,1,1,1,1,1,0,0,0,1,0] [2.0,2.0,2.0,2.0,2.0,2.0,1.0,2.0,2.0,2.0,2.0,2.0]: 2
       |                    |      |                           |      |      +--no:  [1,1,1,1,1,1,1,1,1,0,1,0] [2.0,2.0,2.0,2.0,1.0,2.0,1.0,2.0,1.0,2.0,2.0,2.0]: 2
       |                    |      |                           |      +--no:  [1,1,1,1,1,1,0,0,0,0,0,0] [3.0,3.0,3.0,3.0,3.0,3.0,3.0,3.0,3.0,3.0,3.0,3.0]: 3
       |                    |      |                           +--no:  f_185_f_229_f_552_f_428_f_590 > 1.0
       |                    |      |                                  +--yes: f_2_f_812_f_384_f_628_f_370 > 2.0
       |                    |      |                                  |      +--yes: f_257_f_826_f_597_f_150_f_442 > 0.0
       |                    |      |                                  |      |      +--yes: f_366_f_242_f_10_f_420_f_443 > 2.0
       |                    |      |                                  |      |      |      +--yes: f_346_f_860_f_9_f_43_f_332 > 2.0
       |                    |      |                                  |      |      |      |      +--yes: [1,1,1,1,1,1,1,1,0,0,0,0] [3.0,3.0,3.0,3.0,3.0,3.0,2.0,2.0,2.0,3.0,3.0,3.0]: 3
       |                    |      |                                  |      |      |      |      +--no:  [1,1,1,1,1,1,0,0,0,1,1,0] [2.0,2.0,2.0,2.0,2.0,2.0,2.0,2.0,2.0,1.0,1.0,2.0]: 2
       |                    |      |                                  |      |      |      +--no:  f_20_f_515_f_355_f_351_f_230 > 2.0
       |                    |      |                                  |      |      |             +--yes: [1,1,1,1,1,1,0,1,0,0,0,0] [2.0,2.0,1.0,1.0,2.0,2.0,2.0,2.0,2.0,2.0,2.0,2.0]: 2
       |                    |      |                                  |      |      |             +--no:  f_346_f_860_f_9_f_43_f_332 > 2.0
       |                    |      |                                  |      |      |                    +--yes: [1,1,0,0,1,1,1,0,0,0,0,0] [2.0,2.0,2.0,2.0,2.0,2.0,2.0,2.0,2.0,2.0,2.0,2.0]: 2
       |                    |      |                                  |      |      |                    +--no:  [1,1,0,0,0,1,0,0,0,0,0,0] [1.0,2.0,2.0,2.0,2.0,2.0,2.0,2.0,2.0,2.0,2.0,2.0]: 2
       |                    |      |                                  |      |      +--no:  f_681_f_160_f_607_f_559_f_31 > 0.0
       |                    |      |                                  |      |             +--yes: [1,1,1,1,1,1,1,1,1,1,0,0] [2.0,2.0,2.0,2.0,2.0,2.0,2.0,1.0,1.0,2.0,2.0,2.0]: 2
       |                    |      |                                  |      |             +--no:  [1,1,1,1,1,1,1,1,1,0,0,0] [2.0,2.0,2.0,2.0,2.0,2.0,1.0,2.0,1.0,2.0,2.0,2.0]: 2
       |                    |      |                                  |      +--no:  f_380_f_510_f_683_f_660_f_595 > 3.0
       |                    |      |                                  |             +--yes: [1,1,1,1,1,1,0,0,1,0,1,0] [2.0,2.0,1.0,1.0,2.0,1.0,2.0,2.0,2.0,2.0,1.0,2.0]: 2
       |                    |      |                                  |             +--no:  [1,1,0,0,1,1,0,0,0,0,0,0] [2.0,2.0,2.0,2.0,1.0,1.0,2.0,2.0,2.0,2.0,2.0,2.0]: 2
       |                    |      |                                  +--no:  f_294_f_501_f_179_f_815_f_342 > 1.0
       |                    |      |                                         +--yes: [1,1,1,1,1,1,1,1,1,1,0,1] [2.0,2.0,2.0,2.0,2.0,2.0,1.0,2.0,1.0,2.0,2.0,1.0]: 2
       |                    |      |                                         +--no:  f_567_f_465_f_418_f_694 > 0.0
       |                    |      |                                                +--yes: f_374_f_749_f_713_f_255_f_244 > 0.0
       |                    |      |                                                |      +--yes: [1,1,1,1,1,1,1,1,0,1,0,0] [2.0,2.0,2.0,2.0,2.0,2.0,2.0,2.0,2.0,1.0,2.0,2.0]: 2
       |                    |      |                                                |      +--no:  [1,1,1,1,1,1,0,1,0,0,0,0] [3.0,3.0,3.0,3.0,3.0,3.0,3.0,3.0,3.0,2.0,3.0,3.0]: 3
       |                    |      |                                                +--no:  f_308_f_706_f_441_f_406_f_667 > 1.0
       |                    |      |                                                       +--yes: [1,0,1,1,1,1,1,0,0,0,1,0] [1.0,2.0,2.0,2.0,1.0,1.0,1.0,2.0,2.0,2.0,1.0,2.0]: 2
       |                    |      |                                                       +--no:  f_374_f_749_f_713_f_255_f_244 > 1.0
       |                    |      |                                                              +--yes: [1,1,1,1,1,1,1,0,0,0,0,0] [3.0,3.0,3.0,3.0,3.0,3.0,3.0,3.0,2.0,3.0,3.0,3.0]: 3
       |                    |      |                                                              +--no:  [1,1,1,1,1,1,1,1,0,0,1,0] [2.0,2.0,2.0,2.0,2.0,2.0,1.0,1.0,2.0,2.0,1.0,2.0]: 2
       |                    |      +--no:  f_405_f_533_f_623_f_549_f_531 > 0.0
       |                    |             +--yes: f_374_f_749_f_713_f_255_f_244 > 1.0
       |                    |             |      +--yes: f_2_f_812_f_384_f_628_f_370 > 3.0
       |                    |             |      |      +--yes: [1,0,0,0,1,1,0,0,0,0,0,0] [1.0,2.0,2.0,2.0,1.0,1.0,2.0,2.0,2.0,2.0,2.0,2.0]: 2
       |                    |             |      |      +--no:  f_639_f_144_f_333_f_334_f_188 > 1.0
       |                    |             |      |             +--yes: [1,1,1,1,1,1,1,1,0,1,1,0] [2.0,1.0,2.0,2.0,2.0,2.0,1.0,1.0,2.0,2.0,1.0,2.0]: 2
       |                    |             |      |             +--no:  f_345_f_455_f_573_f_688_f_502 > 2.0
       |                    |             |      |                    +--yes: [1,1,1,1,1,1,1,1,0,0,0,0] [2.0,2.0,2.0,1.0,2.0,2.0,1.0,1.0,2.0,2.0,2.0,2.0]: 2
       |                    |             |      |                    +--no:  [1,1,1,1,0,1,0,0,0,0,0,0] [2.0,2.0,1.0,2.0,2.0,2.0,2.0,2.0,2.0,2.0,2.0,2.0]: 2
       |                    |             |      +--no:  f_308_f_706_f_441_f_406_f_667 > 1.0
       |                    |             |             +--yes: [1,0,1,1,1,0,0,0,0,0,0,0] [2.0,2.0,2.0,2.0,1.0,2.0,2.0,2.0,2.0,2.0,2.0,2.0]: 2
       |                    |             |             +--no:  f_287_f_778_f_356_f_15_f_653 > 1.0
       |                    |             |                    +--yes: [0,1,1,1,0,1,0,0,1,0,0,0] [2.0,1.0,2.0,2.0,2.0,1.0,2.0,2.0,1.0,2.0,2.0,2.0]: 2
       |                    |             |                    +--no:  [0,0,1,1,0,0,0,0,0,0,0,0] [2.0,2.0,1.0,1.0,2.0,2.0,2.0,2.0,2.0,2.0,2.0,2.0]: 2
       |                    |             +--no:  f_614_f_840_f_285_f_452_f_390 > 1.0
       |                    |                    +--yes: [1,1,1,1,1,1,0,1,1,1,1,0] [2.0,2.0,2.0,2.0,2.0,2.0,2.0,1.0,1.0,1.0,1.0,2.0]: 2
       |                    |                    +--no:  [1,1,1,1,1,1,1,0,0,0,0,1] [3.0,3.0,3.0,3.0,3.0,3.0,2.0,3.0,3.0,2.0,3.0,2.0]: 3
       |                    +--no:  f_637_f_214_f_592_f_680_f_641 > 1.0
       |                           +--yes: f_374_f_749_f_713_f_255_f_244 > 1.0
       |                           |      +--yes: [1,1,1,1,1,1,0,0,0,0,0,0] [1.0,2.0,1.0,1.0,1.0,2.0,2.0,2.0,2.0,2.0,2.0,2.0]: 2
       |                           |      +--no:  f_689_f_423_f_507_f_834_f_750 > 1.0
       |                           |             +--yes: [1,1,1,1,1,1,1,1,0,0,0,1] [2.0,2.0,2.0,2.0,2.0,2.0,1.0,1.0,2.0,2.0,2.0,1.0]: 2
       |                           |             +--no:  [1,1,1,1,1,1,1,1,1,0,0,1] [3.0,3.0,3.0,3.0,3.0,3.0,3.0,2.0,2.0,3.0,3.0,3.0]: 3
       |                           +--no:  f_393_f_131_f_575_f_708_f_11 > 0.0
       |                                  +--yes: f_566_f_216_f_146_f_368_f_493 > 0.0
       |                                  |      +--yes: [1,1,1,1,1,1,1,0,1,0,0,0] [2.0,2.0,2.0,2.0,2.0,2.0,2.0,2.0,2.0,2.0,2.0,2.0]: 2
       |                                  |      +--no:  [1,1,1,1,1,1,1,0,0,0,0,0] [2.0,2.0,2.0,2.0,2.0,2.0,2.0,2.0,2.0,2.0,2.0,2.0]: 2
       |                                  +--no:  [1,1,0,1,1,1,1,0,0,0,0,0] [2.0,2.0,2.0,1.0,1.0,2.0,1.0,2.0,2.0,2.0,2.0,2.0]: 2
       +--no:  f_335_f_742_f_704_f_30_f_522 > 0.0
              +--yes: f_366_f_242_f_10_f_420_f_443 > 4.0
              |      +--yes: f_566_f_216_f_146_f_368_f_493 > 0.0
              |      |      +--yes: [1,1,1,1,1,1,0,1,0,0,0,0] [3.0,3.0,3.0,3.0,3.0,3.0,3.0,3.0,2.0,3.0,3.0,3.0]: 3
              |      |      +--no:  f_20_f_515_f_355_f_351_f_230 > 0.0
              |      |             +--yes: f_287_f_778_f_356_f_15_f_653 > 0.0
              |      |             |      +--yes: f_672_f_839_f_1_f_833_f_553 > 3.0
              |      |             |      |      +--yes: f_639_f_144_f_333_f_334_f_188 > 3.0
              |      |             |      |      |      +--yes: f_24_f_357_f_756_f_600_f_425 > 0.0
              |      |             |      |      |      |      +--yes: [0,0,1,0,0,0,0,0,0,0,0,0] [2.0,2.0,2.0,3.0,2.0,2.0,3.0,3.0,3.0,3.0,3.0,3.0]: 3
              |      |             |      |      |      |      +--no:  [1,1,1,1,1,1,0,0,0,0,0,0] [2.0,2.0,3.0,2.0,2.0,2.0,3.0,3.0,3.0,3.0,3.0,3.0]: 3
              |      |             |      |      |      +--no:  f_617_f_436_f_178_f_581_f_361 > 2.0
              |      |             |      |      |             +--yes: [0,1,1,1,0,0,0,1,0,0,0,0] [2.0,2.0,3.0,3.0,3.0,2.0,3.0,2.0,3.0,3.0,3.0,3.0]: 3
              |      |             |      |      |             +--no:  [0,0,1,1,0,0,0,0,0,0,0,0] [3.0,3.0,3.0,2.0,3.0,3.0,3.0,3.0,3.0,3.0,3.0,3.0]: 3
              |      |             |      |      +--no:  [0,1,0,1,0,0,0,0,0,0,0,0] [2.0,2.0,2.0,1.0,2.0,2.0,2.0,2.0,2.0,2.0,2.0,2.0]: 2
              |      |             |      +--no:  f_617_f_436_f_178_f_581_f_361 > 2.0
              |      |             |             +--yes: [0,1,1,1,0,0,0,0,0,0,0,0] [2.0,2.0,2.0,2.0,2.0,3.0,3.0,3.0,3.0,3.0,3.0,3.0]: 3
              |      |             |             +--no:  f_339_f_631_f_570_f_564_f_397 > 0.0
              |      |             |                    +--yes: f_672_f_839_f_1_f_833_f_553 > 3.0
              |      |             |                    |      +--yes: f_17_f_551_f_460_f_200_f_610 > 0.0
              |      |             |                    |      |      +--yes: [1,1,1,1,0,1,0,0,0,0,0,0] [1.0,1.0,2.0,2.0,2.0,1.0,2.0,2.0,2.0,2.0,2.0,2.0]: 2
              |      |             |                    |      |      +--no:  [1,1,1,1,1,1,0,0,0,0,0,0] [3.0,3.0,3.0,3.0,2.0,3.0,2.0,3.0,3.0,3.0,3.0,3.0]: 3
              |      |             |                    |      +--no:  [1,1,1,1,1,1,0,0,0,0,0,0] [3.0,3.0,3.0,3.0,3.0,3.0,3.0,3.0,3.0,3.0,3.0,2.0]: 3
              |      |             |                    +--no:  [1,1,1,1,1,1,0,0,0,1,0,0] [2.0,2.0,1.0,1.0,1.0,1.0,2.0,2.0,2.0,1.0,2.0,2.0]: 2
              |      |             +--no:  [0,0,0,0,0,0,0,0,0,0,0,0] [3.0,2.0,3.0,3.0,3.0,3.0,3.0,3.0,3.0,3.0,3.0,3.0]: 3
              |      +--no:  f_393_f_131_f_575_f_708_f_11 > 2.0
              |             +--yes: f_345_f_455_f_573_f_688_f_502 > 1.0
              |             |      +--yes: f_374_f_749_f_713_f_255_f_244 > 0.0
              |             |      |      +--yes: f_374_f_749_f_713_f_255_f_244 > 1.0
              |             |      |      |      +--yes: [1,1,1,1,1,1,1,1,0,0,0,0] [1.0,2.0,2.0,2.0,1.0,2.0,2.0,1.0,2.0,2.0,2.0,2.0]: 2
              |             |      |      |      +--no:  [1,1,1,1,1,1,1,1,0,1,0,0] [2.0,2.0,2.0,2.0,2.0,2.0,2.0,1.0,2.0,1.0,2.0,2.0]: 2
              |             |      |      +--no:  [1,1,1,1,1,1,1,1,1,0,0,0] [2.0,2.0,1.0,1.0,2.0,2.0,1.0,1.0,1.0,2.0,2.0,2.0]: 2
              |             |      +--no:  [1,1,1,1,1,1,1,1,0,1,0,1] [3.0,3.0,3.0,3.0,3.0,3.0,3.0,2.0,2.0,2.0,3.0,2.0]: 3
              |             +--no:  f_349_f_621_f_554_f_594_f_538 > 0.0
              |                    +--yes: f_638_f_486_f_578_f_447_f_411 > 0.0
              |                    |      +--yes: f_391_f_489_f_625_f_668_f_635 > 0.0
              |                    |      |      +--yes: [0,0,0,0,0,0,0,0,0,0,0,0] [3.0,3.0,3.0,3.0,3.0,3.0,3.0,3.0,3.0,3.0,3.0,3.0]: 3
              |                    |      |      +--no:  [1,1,1,1,1,0,0,0,1,0,0,0] [1.0,1.0,1.0,1.0,1.0,2.0,2.0,2.0,1.0,2.0,2.0,2.0]: 2
              |                    |      +--no:  f_566_f_216_f_146_f_368_f_493 > 0.0
              |                    |             +--yes: f_308_f_706_f_441_f_406_f_667 > 0.0
              |                    |             |      +--yes: [1,1,1,1,1,1,0,0,1,0,0,0] [3.0,3.0,3.0,3.0,3.0,3.0,2.0,3.0,3.0,3.0,2.0,3.0]: 3
              |                    |             |      +--no:  [1,1,1,1,1,1,0,1,1,1,0,1] [2.0,1.0,2.0,2.0,2.0,1.0,2.0,1.0,2.0,2.0,2.0,1.0]: 2
              |                    |             +--no:  [1,1,0,0,0,1,0,0,0,0,0,0] [2.0,3.0,2.0,2.0,2.0,2.0,3.0,3.0,3.0,3.0,3.0,3.0]: 3
              |                    +--no:  f_567_f_465_f_418_f_694 > 0.0
              |                           +--yes: [0,0,1,1,0,0,0,0,0,0,0,0] [2.0,2.0,2.0,2.0,2.0,2.0,2.0,2.0,2.0,2.0,2.0,2.0]: 2
              |                           +--no:  f_705_f_499_f_504_f_448_f_721 > 0.0
              |                                  +--yes: f_186_f_616_f_143_f_845_f_283 > 1.0
              |                                  |      +--yes: [1,1,0,0,1,1,0,0,0,0,0,0] [2.0,2.0,3.0,3.0,2.0,2.0,3.0,3.0,3.0,3.0,3.0,3.0]: 3
              |                                  |      +--no:  [1,1,1,1,1,1,0,0,1,0,1,0] [3.0,3.0,3.0,3.0,3.0,3.0,2.0,2.0,3.0,3.0,2.0,3.0]: 3
              |                                  +--no:  f_643_f_409_f_540_f_528_f_454 > 1.0
              |                                         +--yes: [1,1,1,1,1,1,0,1,0,1,0,0] [2.0,1.0,2.0,2.0,2.0,2.0,2.0,1.0,2.0,2.0,2.0,2.0]: 2
              |                                         +--no:  f_308_f_706_f_441_f_406_f_667 > 1.0
              |                                                +--yes: f_566_f_216_f_146_f_368_f_493 > 0.0
              |                                                |      +--yes: [1,1,1,1,1,1,0,0,0,1,0,0] [3.0,3.0,3.0,3.0,3.0,3.0,2.0,3.0,3.0,2.0,3.0,2.0]: 3
              |                                                |      +--no:  f_186_f_616_f_143_f_845_f_283 > 2.0
              |                                                |             +--yes: f_692_f_791_f_453_f_537_f_518 > 1.0
              |                                                |             |      +--yes: [1,1,1,1,1,1,1,0,0,0,0,0] [2.0,2.0,2.0,2.0,2.0,2.0,1.0,2.0,2.0,2.0,2.0,2.0]: 2
              |                                                |             |      +--no:  f_20_f_515_f_355_f_351_f_230 > 0.0
              |                                                |             |             +--yes: [1,1,1,1,1,1,1,0,0,0,0,0] [2.0,1.0,1.0,1.0,2.0,1.0,1.0,2.0,2.0,2.0,2.0,2.0]: 2
              |                                                |             |             +--no:  [1,1,1,1,1,0,0,0,0,0,0,0] [2.0,2.0,1.0,1.0,1.0,2.0,2.0,2.0,2.0,2.0,2.0,2.0]: 2
              |                                                |             +--no:  f_671_f_38_f_759_f_640_f_767 > 1.0
              |                                                |                    +--yes: [1,1,1,1,1,0,0,1,0,0,0,0] [1.0,2.0,2.0,2.0,1.0,2.0,2.0,1.0,2.0,2.0,2.0,2.0]: 2
              |                                                |                    +--no:  f_339_f_631_f_570_f_564_f_397 > 0.0
              |                                                |                           +--yes: f_23_f_715_f_430_f_421_f_292 > 0.0
              |                                                |                           |      +--yes: [1,1,1,1,1,1,0,0,0,0,0,0] [5.0,5.0,5.0,5.0,5.0,5.0,5.0,5.0,5.0,5.0,5.0,5.0]: 5
              |                                                |                           |      +--no:  [1,1,1,1,1,1,1,1,0,0,0,0] [2.0,2.0,2.0,2.0,1.0,2.0,1.0,1.0,2.0,2.0,2.0,2.0]: 2
              |                                                |                           +--no:  [0,1,1,1,1,1,0,0,0,0,0,0] [2.0,2.0,3.0,3.0,2.0,2.0,2.0,2.0,2.0,3.0,3.0,3.0]: 3
              |                                                +--no:  f_671_f_38_f_759_f_640_f_767 > 0.0
              |                                                       +--yes: f_339_f_631_f_570_f_564_f_397 > 0.0
              |                                                       |      +--yes: f_338_f_861_f_697_f_800_f_241 > 2.0
              |                                                       |      |      +--yes: [1,1,1,1,1,1,0,0,0,0,0,0] [2.0,1.0,2.0,2.0,2.0,2.0,2.0,2.0,2.0,2.0,2.0,2.0]: 2
              |                                                       |      |      +--no:  [1,1,1,1,1,1,0,1,0,0,1,1] [2.0,2.0,2.0,2.0,2.0,2.0,2.0,1.0,2.0,2.0,1.0,1.0]: 2
              |                                                       |      +--no:  [1,1,1,1,1,1,1,0,0,0,1,0] [3.0,2.0,3.0,3.0,3.0,2.0,2.0,3.0,3.0,3.0,3.0,3.0]: 3
              |                                                       +--no:  f_681_f_160_f_607_f_559_f_31 > 0.0
              |                                                              +--yes: [1,1,1,1,1,1,0,0,0,0,0,0] [2.0,1.0,2.0,2.0,2.0,2.0,2.0,2.0,2.0,2.0,2.0,2.0]: 2
              |                                                              +--no:  f_380_f_510_f_683_f_660_f_595 > 0.0
              |                                                                     +--yes: [1,1,1,1,1,1,1,1,0,0,0,0] [2.0,2.0,2.0,2.0,2.0,2.0,2.0,2.0,2.0,2.0,2.0,2.0]: 2
              |                                                                     +--no:  [1,1,1,1,1,1,1,0,1,0,0,0] [2.0,2.0,2.0,2.0,2.0,2.0,2.0,2.0,1.0,2.0,2.0,2.0]: 2
              +--no:  f_645_f_213_f_293_f_735_f_673 > 0.0
                     +--yes: f_366_f_242_f_10_f_420_f_443 > 2.0
                     |      +--yes: f_685_f_500_f_657_f_690_f_701 > 0.0
                     |      |      +--yes: [1,1,1,1,1,1,1,0,1,0,1,0] [2.0,3.0,3.0,3.0,3.0,3.0,3.0,2.0,3.0,2.0,2.0,3.0]: 3
                     |      |      +--no:  f_308_f_706_f_441_f_406_f_667 > 2.0
                     |      |             +--yes: [1,1,1,1,1,1,0,0,0,0,0,0] [3.0,3.0,3.0,3.0,3.0,2.0,2.0,2.0,3.0,3.0,3.0,2.0]: 3
                     |      |             +--no:  f_186_f_616_f_143_f_845_f_283 > 1.0
                     |      |                    +--yes: [1,1,1,1,1,0,0,0,1,0,1,0] [2.0,2.0,2.0,2.0,1.0,2.0,2.0,2.0,2.0,2.0,1.0,2.0]: 2
                     |      |                    +--no:  [1,0,1,1,1,1,0,0,1,0,0,0] [3.0,2.0,3.0,3.0,3.0,2.0,3.0,3.0,3.0,3.0,3.0,3.0]: 3
                     |      +--no:  f_617_f_436_f_178_f_581_f_361 > 0.0
                     |             +--yes: f_374_f_749_f_713_f_255_f_244 > 1.0
                     |             |      +--yes: [1,1,1,1,1,0,1,0,0,0,0,0] [2.0,1.0,1.0,1.0,2.0,2.0,1.0,2.0,2.0,2.0,2.0,2.0]: 2
                     |             |      +--no:  [1,1,0,0,1,0,0,0,0,0,0,0] [2.0,1.0,2.0,2.0,2.0,2.0,2.0,2.0,2.0,2.0,2.0,2.0]: 2
                     |             +--no:  f_19_f_728_f_464_f_394_f_629 > 0.0
                     |                    +--yes: [1,1,1,1,1,1,1,0,0,1,0,0] [2.0,2.0,2.0,2.0,2.0,2.0,1.0,2.0,2.0,1.0,2.0,2.0]: 2
                     |                    +--no:  [0,1,0,1,0,1,0,0,0,0,0,0] [2.0,2.0,2.0,2.0,2.0,2.0,2.0,2.0,3.0,3.0,3.0,3.0]: 3
                     +--no:  f_2_f_812_f_384_f_628_f_370 > 1.0
                            +--yes: f_571_f_359_f_696_f_506_f_347 > 0.0
                            |      +--yes: [0,0,1,0,0,0,0,0,0,0,0,0] [3.0,3.0,2.0,2.0,3.0,3.0,3.0,2.0,3.0,3.0,3.0,3.0]: 3
                            |      +--no:  [0,0,0,0,0,0,0,0,0,0,0,0] [4.0,4.0,4.0,4.0,4.0,4.0,4.0,4.0,4.0,4.0,4.0,4.0]: 4
                            +--no:  f_338_f_861_f_697_f_800_f_241 > 0.0
                                   +--yes: f_346_f_860_f_9_f_43_f_332 > 2.0
                                   |      +--yes: [0,1,1,1,0,0,0,0,0,0,0,0] [2.0,2.0,2.0,2.0,2.0,2.0,2.0,2.0,2.0,3.0,3.0,3.0]: 3
                                   |      +--no:  [1,1,1,1,1,1,1,1,0,1,0,0] [3.0,3.0,3.0,3.0,3.0,2.0,2.0,3.0,3.0,2.0,2.0,3.0]: 3
                                   +--no:  f_199_f_652_f_434_f_46_f_118 > 0.0
                                          +--yes: f_535_f_820_f_665 > 0.0
                                          |      +--yes: [0,0,0,0,1,0,0,0,0,0,0,0] [2.0,3.0,2.0,2.0,2.0,2.0,3.0,3.0,3.0,3.0,3.0,3.0]: 3
                                          |      +--no:  f_671_f_38_f_759_f_640_f_767 > 0.0
                                          |             +--yes: [1,1,1,1,1,0,0,0,1,0,0,0] [2.0,1.0,2.0,2.0,2.0,2.0,2.0,2.0,1.0,2.0,2.0,2.0]: 2
                                          |             +--no:  [1,0,1,1,1,0,0,0,0,0,0,0] [4.0,4.0,4.0,4.0,4.0,4.0,4.0,4.0,4.0,4.0,4.0,4.0]: 4
                                          +--no:  f_24_f_357_f_756_f_600_f_425 > 0.0
                                                 +--yes: f_405_f_533_f_623_f_549_f_531 > 0.0
                                                 |      +--yes: [1,1,1,1,1,1,1,0,0,0,1,0] [2.0,1.0,2.0,2.0,2.0,1.0,1.0,2.0,2.0,2.0,1.0,2.0]: 2
                                                 |      +--no:  [1,1,1,1,0,1,0,1,0,0,0,0] [3.0,3.0,3.0,3.0,2.0,3.0,3.0,2.0,2.0,3.0,3.0,3.0]: 3
                                                 +--no:  f_451_f_644_f_821_f_483_f_520 > 0.0
                                                        +--yes: f_308_f_706_f_441_f_406_f_667 > 0.0
                                                        |      +--yes: [1,1,1,1,1,1,1,0,0,0,0,0] [2.0,2.0,2.0,2.0,2.0,1.0,1.0,2.0,2.0,2.0,2.0,2.0]: 2
                                                        |      +--no:  [1,1,1,0,1,1,0,0,1,0,0,0] [1.0,2.0,1.0,2.0,2.0,2.0,2.0,2.0,1.0,2.0,2.0,2.0]: 2
                                                        +--no:  f_535_f_820_f_665 > 0.0
                                                               +--yes: f_393_f_131_f_575_f_708_f_11 > 0.0
                                                               |      +--yes: f_380_f_510_f_683_f_660_f_595 > 1.0
                                                               |      |      +--yes: f_374_f_749_f_713_f_255_f_244 > 0.0
                                                               |      |      |      +--yes: [1,1,1,1,0,1,0,0,0,0,0,0] [1.0,1.0,1.0,1.0,2.0,1.0,2.0,2.0,2.0,2.0,2.0,2.0]: 2
                                                               |      |      |      +--no:  [1,1,1,1,1,1,1,1,0,0,0,0] [2.0,2.0,2.0,2.0,2.0,1.0,1.0,1.0,2.0,2.0,2.0,2.0]: 2
                                                               |      |      +--no:  f_639_f_144_f_333_f_334_f_188 > 1.0
                                                               |      |             +--yes: [1,0,0,0,1,0,0,0,0,0,0,0] [2.0,2.0,2.0,2.0,2.0,2.0,2.0,2.0,2.0,2.0,2.0,2.0]: 2
                                                               |      |             +--no:  [0,0,0,0,0,0,0,0,0,0,0,0] [2.0,2.0,2.0,2.0,2.0,2.0,2.0,2.0,2.0,2.0,2.0,2.0]: 2
                                                               |      +--no:  f_374_f_749_f_713_f_255_f_244 > 0.0
                                                               |             +--yes: [1,1,1,1,1,1,0,0,0,0,0,0] [1.0,1.0,2.0,2.0,1.0,1.0,2.0,2.0,2.0,2.0,2.0,2.0]: 2
                                                               |             +--no:  f_681_f_160_f_607_f_559_f_31 > 0.0
                                                               |                    +--yes: [1,1,1,1,1,1,1,1,0,0,0,0] [2.0,2.0,2.0,2.0,2.0,2.0,2.0,2.0,2.0,2.0,2.0,2.0]: 2
                                                               |                    +--no:  [1,1,1,1,1,1,1,0,1,1,0,0] [2.0,2.0,2.0,2.0,2.0,2.0,1.0,2.0,1.0,1.0,2.0,2.0]: 2
                                                               +--no:  f_287_f_778_f_356_f_15_f_653 > 0.0
                                                                      +--yes: f_301_f_353_f_555_f_548_f_703 > 0.0
                                                                      |      +--yes: f_614_f_840_f_285_f_452_f_390 > 0.0
                                                                      |      |      +--yes: [1,1,1,1,0,1,0,0,0,0,0,0] [2.0,2.0,2.0,2.0,2.0,2.0,2.0,2.0,2.0,2.0,2.0,2.0]: 2
                                                                      |      |      +--no:  [1,1,1,1,1,1,0,0,0,0,0,0] [2.0,2.0,1.0,1.0,2.0,2.0,2.0,2.0,2.0,2.0,2.0,2.0]: 2
                                                                      |      +--no:  f_374_f_749_f_713_f_255_f_244 > 0.0
                                                                      |             +--yes: [1,1,1,1,1,1,0,1,0,0,0,0] [2.0,1.0,1.0,1.0,2.0,2.0,2.0,1.0,2.0,2.0,2.0,2.0]: 2
                                                                      |             +--no:  f_346_f_860_f_9_f_43_f_332 > 0.0
                                                                      |                    +--yes: [0,0,0,0,0,0,0,0,0,0,0,0] [3.0,3.0,2.0,2.0,3.0,3.0,3.0,3.0,3.0,3.0,3.0,3.0]: 3
                                                                      |                    +--no:  [1,0,1,1,1,1,1,0,0,0,1,0] [2.0,2.0,2.0,2.0,1.0,1.0,1.0,2.0,2.0,2.0,1.0,2.0]: 2
                                                                      +--no:  f_301_f_353_f_555_f_548_f_703 > 0.0
                                                                             +--yes: [0,0,0,0,0,1,0,0,0,0,0,0] [3.0,2.0,3.0,3.0,3.0,3.0,3.0,2.0,3.0,2.0,3.0,3.0]: 3
                                                                             +--no:  f_19_f_728_f_464_f_394_f_629 > 0.0
                                                                                    +--yes: f_617_f_436_f_178_f_581_f_361 > 0.0
                                                                                    |      +--yes: f_17_f_551_f_460_f_200_f_610 > 0.0
                                                                                    |      |      +--yes: [1,0,1,1,0,1,0,0,0,0,0,0] [2.0,2.0,2.0,2.0,2.0,2.0,3.0,3.0,3.0,3.0,3.0,3.0]: 3
                                                                                    |      |      +--no:  f_299_f_588_f_642_f_416_f_129 > 0.0
                                                                                    |      |             +--yes: [0,0,0,0,0,1,0,0,0,0,0,0] [2.0,2.0,2.0,2.0,2.0,1.0,2.0,2.0,2.0,2.0,2.0,2.0]: 2
                                                                                    |      |             +--no:  [0,1,0,0,0,1,0,0,0,0,0,0] [2.0,1.0,2.0,2.0,2.0,2.0,2.0,2.0,2.0,2.0,2.0,2.0]: 2
                                                                                    |      +--no:  f_440_f_764_f_365_f_656_f_116 > 0.0
                                                                                    |             +--yes: f_20_f_515_f_355_f_351_f_230 > 0.0
                                                                                    |             |      +--yes: f_393_f_131_f_575_f_708_f_11 > 0.0
                                                                                    |             |      |      +--yes: [1,1,0,0,1,1,0,0,0,0,0,0] [2.0,1.0,2.0,2.0,2.0,2.0,2.0,2.0,2.0,2.0,2.0,2.0]: 2
                                                                                    |             |      |      +--no:  [1,0,0,0,1,0,0,0,0,0,0,0] [2.0,2.0,3.0,3.0,2.0,3.0,3.0,3.0,3.0,3.0,3.0,3.0]: 3
                                                                                    |             |      +--no:  [0,1,0,0,0,1,0,0,0,0,0,0] [2.0,1.0,2.0,2.0,2.0,1.0,2.0,2.0,2.0,2.0,2.0,2.0]: 2
                                                                                    |             +--no:  f_26_f_386_f_471_f_477_f_771 > 0.0
                                                                                    |                    +--yes: [1,0,0,0,1,0,0,0,0,0,0,0] [1.0,2.0,2.0,2.0,1.0,2.0,2.0,2.0,2.0,2.0,2.0,2.0]: 2
                                                                                    |                    +--no:  f_308_f_706_f_441_f_406_f_667 > 1.0
                                                                                    |                           +--yes: [1,0,1,1,1,0,0,1,0,0,0,0] [2.0,2.0,2.0,1.0,2.0,2.0,2.0,1.0,2.0,2.0,2.0,2.0]: 2
                                                                                    |                           +--no:  f_346_f_860_f_9_f_43_f_332 > 0.0
                                                                                    |                                  +--yes: [1,1,0,0,1,0,0,0,0,0,0,0] [2.0,2.0,2.0,2.0,2.0,2.0,2.0,2.0,2.0,2.0,2.0,2.0]: 2
                                                                                    |                                  +--no:  [1,1,1,1,1,1,0,0,0,0,0,0] [4.0,4.0,3.0,3.0,4.0,3.0,4.0,4.0,3.0,3.0,4.0,4.0]: 4
                                                                                    +--no:  f_617_f_436_f_178_f_581_f_361 > 0.0
                                                                                           +--yes: [1,1,1,1,1,1,0,0,0,0,0,0] [1.0,1.0,2.0,1.0,1.0,1.0,2.0,2.0,2.0,2.0,2.0,2.0]: 2
                                                                                           +--no:  [0,0,0,0,0,0,0,0,0,0,0,0] [6.0,6.0,6.0,6.0,6.0,6.0,7.0,6.0,7.0,7.0,7.0,7.0]: 7

Pruned Model
************

[1,1,1,1,1,1,0,0,0,0,0,0] [994.0,943.0,908.0,900.0,897.0,877.0,807.0,870.0,931.0,1000.0,1056.0,1118.0]: 1179

