Clus run ['se_C0011603']
************************

Date: 27/04/2025, 10:42
File: cpi_dataset_se_C0011603_settings.out
Attributes: 1611 (input: 1610, output: 1)
Missing values: No

[General]
Verbose = 1
RandomSeed = 43
ResourceInfoLoaded = No
DoNotInduce = No
LoggingProperties = logging.properties

[Data]
File = C:\Users\KostasVoror\Projects\sep\SIDER_dataset\binary_datasets\cpi_dataset_se_C0011603.arff
TestSet = None
PruneSet = None
XVal = 10
RemoveMissingTarget = No
NormalizeData = None

[Attributes]
Target = 1611
Clustering = 1611
Descriptive = 1-1610
Key = None
Disable = None
Weights = Normalize
ClusteringWeights = 1.0
ReduceMemoryNominalAttrs = No
GIS = None

[Constraints]
Syntactic = None
MaxSize = Infinity
MaxError = 0.0
MaxDepth = Infinity

[Nominal]
MEstimate = 1.0

[Model]
MinimalWeight = 2.0
MinimalNumberExamples = 0
MinimalKnownWeight = 0.0
ParamTuneNumberFolds = 3
NominalSubsetTests = Yes
LoadFromModelFile = No

[Tree]
Heuristic = VarianceReduction
HeuristicComplexity = N2
SetDistance = GSMDistance
TupleDistance = Euclidean
TSDistance = DTW
PruningMethod = C45
FTest = 1.0
BinarySplit = Yes
ConvertToRules = No
AlternativeSplits = No
Optimize = []
MSENominal = No
SplitSampling = None
MissingClusteringAttrHandling = EstimateFromParentNode
MissingTargetAttrHandling = ParentNode
InductionOrder = DepthFirst
EntropyType = StandardEntropy
ConsiderUnlableInstancesInIGCalc = No
SpatialMatrix = Binary
SpatialMeasure = GlobalMoran
Bandwidth = 0.001
Longlat = No
NumNeightbours = 0.0
Alpha = 1.0
SplitPosition = Exact

[SemiSupervised]
SemiSupervisedMethod = PCT
StoppingCriteria = NoneAdded
UnlabeledCriteria = Threshold
ConfidenceThreshold = 0.8
ConfidenceMeasure = Variance
Iterations = 10
K = 5
UnlabeledData = 
PercentageLabeled = 5
UseWeights = No
AirbagTrials = 0
ExhaustiveSearchThresholds = [0.5,0.6,0.7,0.8,0.9,0.99]
OOBErrorCalculation = LabeledOnly
Normalization = MinMaxNormalization
Aggregation = Average
CalibrateHmcThreshold = No
PruningWhenTuning = No
InternalFolds = 5
WeightScoresFile = NO
PossibleWeights = [0.0,0.1,0.2,0.3,0.4,0.5,0.6,0.7,0.8,0.9,1.0]
IterationsSupervisionOptimisation = 0
ForceInternalXValOptimisation = No
ImputeMissingTargetValues = No
InternalFold = -1234
ProceedToMain = Yes

[Output]
ShowModels = [Default, Pruned, Others]
TrainErrors = Yes
ValidErrors = Yes
TestErrors = Yes
AllFoldModels = Yes
AllFoldErrors = No
AllFoldDatasets = No
UnknownFrequency = No
BranchFrequency = No
ShowInfo = [Count]
PrintModelAndExamples = No
WriteErrorFile = No
WriteModelFile = No
WritePerBagModelFile = Yes
WriteOOBFile = No
WritePredictions = []
GzipOutput = No
ModelIDFiles = No
WriteCurves = No
OutputPythonModel = No
PythonModelType = Object
OutputROSSubspaces = No
OutputJSONModel = No
OutputDatabaseQueries = No
OutputClowdFlowsJSON = No
ComputeSpearman = No

Run: 01
*******

Statistics
----------

FTValue (FTest): 1.0
Induction Time: 1.077 sec
Pruning Time: 1.4000E-2 sec
Prediction Time (total for ClusModel.Original): 
	0 microsecs
	0 millisecs
	0 secs
Prediction Time (average for ClusModel.Original): 0 microsecs
Model information:
     Default: Nodes = 1; Leaves = 1; Depth = 1
     Original: Nodes = 279; Leaves = 140; Depth = 80
     Pruned: Nodes = 187; Leaves = 94; Depth = 55

Training error
--------------

Number of examples: 1377
Classification Error
   Default: 
   Attribute: se_C0011603
     REAL\PRED |    1 | 0 |
     ---------------------------
             1 | 1056 | 0 | 1056
             0 |  321 | 0 |  321
     ---------------------------
               | 1377 | 0 | 1377
     Accuracy: 7.668845E-1
     Cramer's coefficient: 0

   Original: 
   Attribute: se_C0011603
     REAL\PRED |    1 |   0 |
     -----------------------------
             1 | 1043 |  13 | 1056
             0 |   63 | 258 |  321
     -----------------------------
               | 1106 | 271 | 1377
     Accuracy: 9.448076E-1
     Cramer's coefficient: 8.416539E-1

   Pruned: 
   Attribute: se_C0011603
     REAL\PRED |    1 |   0 |
     -----------------------------
             1 | 1045 |  11 | 1056
             0 |   95 | 226 |  321
     -----------------------------
               | 1140 | 237 | 1377
     Accuracy: 9.230211E-1
     Cramer's coefficient: 7.769405E-1

Weighted mean squared error (MSE) for Nominal Attributes (Weights [2.797])
   Default        : [1]
   Original       : [2.4082E-1]
   Pruned         : [3.5239E-1]
averageAUROC
   Default        : 5.000000E-1
   Original       : 9.640712E-1
   Pruned         : 9.389264E-1
averageAUPRC
   Default        : 7.668845E-1
   Original       : 9.864485E-1
   Pruned         : 9.781629E-1

Testing error
-------------

Number of examples: 1377
Classification Error
   Default: 
   Attribute: se_C0011603
     REAL\PRED |    1 | 0 |
     ---------------------------
             1 | 1056 | 0 | 1056
             0 |  321 | 0 |  321
     ---------------------------
               | 1377 | 0 | 1377
     Accuracy: 7.668845E-1
     Cramer's coefficient: 0

   Original: 
   Attribute: se_C0011603
     REAL\PRED |    1 |   0 |
     -----------------------------
             1 |  834 | 222 | 1056
             0 |  240 |  81 |  321
     -----------------------------
               | 1074 | 303 | 1377
     Accuracy: 6.644880E-1
     Cramer's coefficient: 4.297716E-2

   Pruned: 
   Attribute: se_C0011603
     REAL\PRED |    1 |   0 |
     -----------------------------
             1 |  857 | 199 | 1056
             0 |  246 |  75 |  321
     -----------------------------
               | 1103 | 274 | 1377
     Accuracy: 6.768337E-1
     Cramer's coefficient: 4.786737E-2

Weighted mean squared error (MSE) for Nominal Attributes (Weights [2.797])
   Default        : [1.0012]
   Original       : [1.7208]
   Pruned         : [1.5787]
averageAUROC
   Default        : 4.522252E-1
   Original       : 5.598641E-1
   Pruned         : 5.626903E-1
averageAUPRC
   Default        : 7.429943E-1
   Original       : 7.909443E-1
   Pruned         : 7.943422E-1

Default Model
*************

[1] [1056.0]: 1377

Original Model
**************

cpi_9606.ENSP00000337915 > 0.0
+--yes: cpi_9606.ENSP00000229319 > 279.0
|      +--yes: cpi_9606.ENSP00000262461 > 152.0
|      |      +--yes: [1] [4.0]: 4
|      |      +--no:  [0] [9.0]: 9
|      +--no:  cpi_9606.ENSP00000346017 > 150.0
|             +--yes: cpi_9606.ENSP00000000442 > 0.0
|             |      +--yes: [1] [1.0]: 2
|             |      +--no:  [0] [3.0]: 3
|             +--no:  cpi_9606.ENSP00000241052 > 880.0
|                    +--yes: [0] [2.0]: 2
|                    +--no:  cpi_9606.ENSP00000293230 > 240.0
|                           +--yes: [0] [2.0]: 2
|                           +--no:  cpi_9606.ENSP00000296412 > 283.0
|                                  +--yes: [0] [2.0]: 2
|                                  +--no:  cpi_9606.ENSP00000361076 > 150.0
|                                         +--yes: [0] [2.0]: 2
|                                         +--no:  cpi_9606.ENSP00000416293 > 844.0
|                                                +--yes: [0] [2.0]: 2
|                                                +--no:  cpi_9606.ENSP00000310447 > 171.0
|                                                       +--yes: cpi_9606.ENSP00000000442 > 0.0
|                                                       |      +--yes: [1] [2.0]: 2
|                                                       |      +--no:  [0] [3.0]: 3
|                                                       +--no:  cpi_9606.ENSP00000234389 > 298.0
|                                                              +--yes: [0] [2.0]: 3
|                                                              +--no:  cpi_9606.ENSP00000291295 > 150.0
|                                                                     +--yes: cpi_9606.ENSP00000264381 > 157.0
|                                                                     |      +--yes: [0] [3.0]: 3
|                                                                     |      +--no:  cpi_9606.ENSP00000356825 > 0.0
|                                                                     |             +--yes: [0] [2.0]: 2
|                                                                     |             +--no:  [1] [11.0]: 11
|                                                                     +--no:  cpi_9606.ENSP00000380247 > 993.0
|                                                                            +--yes: cpi_9606.ENSP00000176183 > 0.0
|                                                                            |      +--yes: [1] [2.0]: 2
|                                                                            |      +--no:  [0] [2.0]: 2
|                                                                            +--no:  cpi_9606.ENSP00000216962 > 228.0
|                                                                                   +--yes: cpi_9606.ENSP00000003084 > 0.0
|                                                                                   |      +--yes: [0] [2.0]: 2
|                                                                                   |      +--no:  [1] [3.0]: 3
|                                                                                   +--no:  cpi_9606.ENSP00000272227 > 156.0
|                                                                                          +--yes: cpi_9606.ENSP00000283916 > 163.0
|                                                                                          |      +--yes: [1] [3.0]: 3
|                                                                                          |      +--no:  [0] [2.0]: 2
|                                                                                          +--no:  [1] [304.0]: 310
+--no:  cpi_9606.ENSP00000251595 > 174.0
       +--yes: cpi_9606.ENSP00000322421 > 594.0
       |      +--yes: [1] [3.0]: 3
       |      +--no:  cpi_9606.ENSP00000220764 > 691.0
       |             +--yes: [1] [1.0]: 2
       |             +--no:  [0] [14.0]: 14
       +--no:  cpi_9606.ENSP00000268053 > 265.0
              +--yes: [0] [7.0]: 7
              +--no:  cpi_9606.ENSP00000256104 > 180.0
                     +--yes: cpi_9606.ENSP00000011653 > 166.0
                     |      +--yes: [1] [1.0]: 2
                     |      +--no:  [0] [6.0]: 6
                     +--no:  cpi_9606.ENSP00000306129 > 935.0
                            +--yes: [0] [5.0]: 5
                            +--no:  cpi_9606.ENSP00000290866 > 213.0
                                   +--yes: cpi_9606.ENSP00000263431 > 364.0
                                   |      +--yes: cpi_9606.ENSP00000078429 > 0.0
                                   |      |      +--yes: [1] [1.0]: 2
                                   |      |      +--no:  [0] [4.0]: 4
                                   |      +--no:  cpi_9606.ENSP00000220809 > 726.0
                                   |             +--yes: cpi_9606.ENSP00000216629 > 153.0
                                   |             |      +--yes: [0] [2.0]: 2
                                   |             |      +--no:  [1] [2.0]: 2
                                   |             +--no:  [1] [88.0]: 89
                                   +--no:  cpi_9606.ENSP00000274353 > 0.0
                                          +--yes: [0] [6.0]: 6
                                          +--no:  cpi_9606.ENSP00000225474 > 150.0
                                                 +--yes: cpi_9606.ENSP00000318820 > 0.0
                                                 |      +--yes: [0] [2.0]: 2
                                                 |      +--no:  [1] [51.0]: 51
                                                 +--no:  cpi_9606.ENSP00000340943 > 0.0
                                                        +--yes: cpi_9606.ENSP00000258743 > 195.0
                                                        |      +--yes: [1] [2.0]: 2
                                                        |      +--no:  [0] [9.0]: 9
                                                        +--no:  cpi_9606.ENSP00000364310 > 208.0
                                                               +--yes: cpi_9606.ENSP00000309572 > 0.0
                                                               |      +--yes: [1] [2.0]: 2
                                                               |      +--no:  [0] [7.0]: 7
                                                               +--no:  cpi_9606.ENSP00000255030 > 154.0
                                                                      +--yes: cpi_9606.ENSP00000367615 > 156.0
                                                                      |      +--yes: [0] [2.0]: 2
                                                                      |      +--no:  [1] [57.0]: 60
                                                                      +--no:  cpi_9606.ENSP00000290866 > 178.0
                                                                             +--yes: [0] [4.0]: 4
                                                                             +--no:  cpi_9606.ENSP00000260402 > 0.0
                                                                                    +--yes: cpi_9606.ENSP00000350616 > 0.0
                                                                                    |      +--yes: [1] [2.0]: 2
                                                                                    |      +--no:  cpi_9606.ENSP00000268251 > 0.0
                                                                                    |             +--yes: [1] [1.0]: 2
                                                                                    |             +--no:  [0] [6.0]: 6
                                                                                    +--no:  cpi_9606.ENSP00000275493 > 227.0
                                                                                           +--yes: [1] [23.0]: 23
                                                                                           +--no:  cpi_9606.ENSP00000387230 > 0.0
                                                                                                  +--yes: cpi_9606.ENSP00000252486 > 269.0
                                                                                                  |      +--yes: [0] [2.0]: 2
                                                                                                  |      +--no:  [1] [29.0]: 29
                                                                                                  +--no:  cpi_9606.ENSP00000282753 > 248.0
                                                                                                         +--yes: [0] [4.0]: 4
                                                                                                         +--no:  cpi_9606.ENSP00000416293 > 251.0
                                                                                                                +--yes: [0] [4.0]: 4
                                                                                                                +--no:  cpi_9606.ENSP00000298472 > 280.0
                                                                                                                       +--yes: cpi_9606.ENSP00000316244 > 0.0
                                                                                                                       |      +--yes: [1] [2.0]: 3
                                                                                                                       |      +--no:  [0] [5.0]: 5
                                                                                                                       +--no:  cpi_9606.ENSP00000244217 > 175.0
                                                                                                                              +--yes: [0] [3.0]: 3
                                                                                                                              +--no:  cpi_9606.ENSP00000264071 > 180.0
                                                                                                                                     +--yes: [0] [3.0]: 3
                                                                                                                                     +--no:  cpi_9606.ENSP00000313681 > 166.0
                                                                                                                                            +--yes: [0] [3.0]: 3
                                                                                                                                            +--no:  cpi_9606.ENSP00000338072 > 620.0
                                                                                                                                                   +--yes: cpi_9606.ENSP00000176183 > 276.0
                                                                                                                                                   |      +--yes: [1] [1.0]: 2
                                                                                                                                                   |      +--no:  [0] [3.0]: 3
                                                                                                                                                   +--no:  cpi_9606.ENSP00000303211 > 388.0
                                                                                                                                                          +--yes: cpi_9606.ENSP00000340820 > 160.0
                                                                                                                                                          |      +--yes: [1] [3.0]: 3
                                                                                                                                                          |      +--no:  cpi_9606.ENSP00000255380 > 281.0
                                                                                                                                                          |             +--yes: [1] [2.0]: 3
                                                                                                                                                          |             +--no:  cpi_9606.ENSP00000321106 > 0.0
                                                                                                                                                          |                    +--yes: [1] [1.0]: 2
                                                                                                                                                          |                    +--no:  [0] [6.0]: 6
                                                                                                                                                          +--no:  cpi_9606.ENSP00000363822 > 838.0
                                                                                                                                                                 +--yes: cpi_9606.ENSP00000356958 > 352.0
                                                                                                                                                                 |      +--yes: [1] [4.0]: 5
                                                                                                                                                                 |      +--no:  [0] [5.0]: 5
                                                                                                                                                                 +--no:  cpi_9606.ENSP00000343925 > 232.0
                                                                                                                                                                        +--yes: [1] [18.0]: 18
                                                                                                                                                                        +--no:  cpi_9606.ENSP00000264637 > 209.0
                                                                                                                                                                               +--yes: [0] [3.0]: 3
                                                                                                                                                                               +--no:  cpi_9606.ENSP00000368438 > 226.0
                                                                                                                                                                                      +--yes: [0] [3.0]: 3
                                                                                                                                                                                      +--no:  cpi_9606.ENSP00000265724 > 150.0
                                                                                                                                                                                             +--yes: [1] [24.0]: 25
                                                                                                                                                                                             +--no:  cpi_9606.ENSP00000263431 > 167.0
                                                                                                                                                                                                    +--yes: [0] [3.0]: 3
                                                                                                                                                                                                    +--no:  cpi_9606.ENSP00000293330 > 169.0
                                                                                                                                                                                                           +--yes: cpi_9606.ENSP00000256906 > 0.0
                                                                                                                                                                                                           |      +--yes: [0] [3.0]: 3
                                                                                                                                                                                                           |      +--no:  [1] [1.0]: 2
                                                                                                                                                                                                           +--no:  cpi_9606.ENSP00000226730 > 0.0
                                                                                                                                                                                                                  +--yes: [1] [18.0]: 18
                                                                                                                                                                                                                  +--no:  cpi_9606.ENSP00000354532 > 0.0
                                                                                                                                                                                                                         +--yes: cpi_9606.ENSP00000011653 > 0.0
                                                                                                                                                                                                                         |      +--yes: [1] [2.0]: 2
                                                                                                                                                                                                                         |      +--no:  [0] [5.0]: 5
                                                                                                                                                                                                                         +--no:  cpi_9606.ENSP00000338345 > 0.0
                                                                                                                                                                                                                                +--yes: cpi_9606.ENSP00000261707 > 985.0
                                                                                                                                                                                                                                |      +--yes: [0] [2.0]: 2
                                                                                                                                                                                                                                |      +--no:  [1] [46.0]: 50
                                                                                                                                                                                                                                +--no:  cpi_9606.ENSP00000249750 > 186.0
                                                                                                                                                                                                                                       +--yes: [0] [2.0]: 2
                                                                                                                                                                                                                                       +--no:  cpi_9606.ENSP00000253792 > 186.0
                                                                                                                                                                                                                                              +--yes: [0] [2.0]: 2
                                                                                                                                                                                                                                              +--no:  cpi_9606.ENSP00000258400 > 823.0
                                                                                                                                                                                                                                                     +--yes: [0] [2.0]: 2
                                                                                                                                                                                                                                                     +--no:  cpi_9606.ENSP00000265724 > 0.0
                                                                                                                                                                                                                                                            +--yes: [0] [2.0]: 2
                                                                                                                                                                                                                                                            +--no:  cpi_9606.ENSP00000266376 > 275.0
                                                                                                                                                                                                                                                                   +--yes: [0] [2.0]: 2
                                                                                                                                                                                                                                                                   +--no:  cpi_9606.ENSP00000292095 > 218.0
                                                                                                                                                                                                                                                                          +--yes: [0] [2.0]: 2
                                                                                                                                                                                                                                                                          +--no:  cpi_9606.ENSP00000302150 > 187.0
                                                                                                                                                                                                                                                                                 +--yes: [0] [2.0]: 2
                                                                                                                                                                                                                                                                                 +--no:  cpi_9606.ENSP00000355155 > 175.0
                                                                                                                                                                                                                                                                                        +--yes: [0] [2.0]: 2
                                                                                                                                                                                                                                                                                        +--no:  cpi_9606.ENSP00000357068 > 157.0
                                                                                                                                                                                                                                                                                               +--yes: [0] [2.0]: 2
                                                                                                                                                                                                                                                                                               +--no:  cpi_9606.ENSP00000360141 > 0.0
                                                                                                                                                                                                                                                                                                      +--yes: [0] [2.0]: 2
                                                                                                                                                                                                                                                                                                      +--no:  cpi_9606.ENSP00000260433 > 158.0
                                                                                                                                                                                                                                                                                                             +--yes: [1] [16.0]: 16
                                                                                                                                                                                                                                                                                                             +--no:  cpi_9606.ENSP00000282091 > 150.0
                                                                                                                                                                                                                                                                                                                    +--yes: cpi_9606.ENSP00000282091 > 176.0
                                                                                                                                                                                                                                                                                                                    |      +--yes: [1] [4.0]: 5
                                                                                                                                                                                                                                                                                                                    |      +--no:  [0] [4.0]: 4
                                                                                                                                                                                                                                                                                                                    +--no:  cpi_9606.ENSP00000368683 > 210.0
                                                                                                                                                                                                                                                                                                                           +--yes: cpi_9606.ENSP00000368683 > 239.0
                                                                                                                                                                                                                                                                                                                           |      +--yes: [1] [3.0]: 3
                                                                                                                                                                                                                                                                                                                           |      +--no:  [0] [4.0]: 4
                                                                                                                                                                                                                                                                                                                           +--no:  cpi_9606.ENSP00000347942 > 181.0
                                                                                                                                                                                                                                                                                                                                  +--yes: [0] [2.0]: 2
                                                                                                                                                                                                                                                                                                                                  +--no:  cpi_9606.ENSP00000463999 > 234.0
                                                                                                                                                                                                                                                                                                                                         +--yes: [0] [2.0]: 2
                                                                                                                                                                                                                                                                                                                                         +--no:  cpi_9606.ENSP00000291294 > 205.0
                                                                                                                                                                                                                                                                                                                                                +--yes: [1] [24.0]: 25
                                                                                                                                                                                                                                                                                                                                                +--no:  cpi_9606.ENSP00000218721 > 182.0
                                                                                                                                                                                                                                                                                                                                                       +--yes: cpi_9606.ENSP00000316244 > 250.0
                                                                                                                                                                                                                                                                                                                                                       |      +--yes: [1] [2.0]: 2
                                                                                                                                                                                                                                                                                                                                                       |      +--no:  [0] [5.0]: 5
                                                                                                                                                                                                                                                                                                                                                       +--no:  cpi_9606.ENSP00000267549 > 182.0
                                                                                                                                                                                                                                                                                                                                                              +--yes: [0] [2.0]: 2
                                                                                                                                                                                                                                                                                                                                                              +--no:  cpi_9606.ENSP00000382659 > 0.0
                                                                                                                                                                                                                                                                                                                                                                     +--yes: [0] [2.0]: 2
                                                                                                                                                                                                                                                                                                                                                                     +--no:  cpi_9606.ENSP00000003100 > 397.0
                                                                                                                                                                                                                                                                                                                                                                            +--yes: cpi_9606.ENSP00000003100 > 437.0
                                                                                                                                                                                                                                                                                                                                                                            |      +--yes: [0] [2.0]: 3
                                                                                                                                                                                                                                                                                                                                                                            |      +--no:  [1] [1.0]: 2
                                                                                                                                                                                                                                                                                                                                                                            +--no:  cpi_9606.ENSP00000362353 > 0.0
                                                                                                                                                                                                                                                                                                                                                                                   +--yes: cpi_9606.ENSP00000223095 > 0.0
                                                                                                                                                                                                                                                                                                                                                                                   |      +--yes: [1] [1.0]: 2
                                                                                                                                                                                                                                                                                                                                                                                   |      +--no:  [0] [2.0]: 3
                                                                                                                                                                                                                                                                                                                                                                                   +--no:  cpi_9606.ENSP00000265572 > 0.0
                                                                                                                                                                                                                                                                                                                                                                                          +--yes: [1] [14.0]: 14
                                                                                                                                                                                                                                                                                                                                                                                          +--no:  cpi_9606.ENSP00000293897 > 0.0
                                                                                                                                                                                                                                                                                                                                                                                                 +--yes: [0] [4.0]: 4
                                                                                                                                                                                                                                                                                                                                                                                                 +--no:  cpi_9606.ENSP00000230050 > 0.0
                                                                                                                                                                                                                                                                                                                                                                                                        +--yes: [0] [2.0]: 3
                                                                                                                                                                                                                                                                                                                                                                                                        +--no:  cpi_9606.ENSP00000252029 > 178.0
                                                                                                                                                                                                                                                                                                                                                                                                               +--yes: [0] [2.0]: 2
                                                                                                                                                                                                                                                                                                                                                                                                               +--no:  cpi_9606.ENSP00000233242 > 154.0
                                                                                                                                                                                                                                                                                                                                                                                                                      +--yes: [0] [2.0]: 3
                                                                                                                                                                                                                                                                                                                                                                                                                      +--no:  cpi_9606.ENSP00000257068 > 0.0
                                                                                                                                                                                                                                                                                                                                                                                                                             +--yes: [0] [2.0]: 3
                                                                                                                                                                                                                                                                                                                                                                                                                             +--no:  cpi_9606.ENSP00000295897 > 918.0
                                                                                                                                                                                                                                                                                                                                                                                                                                    +--yes: [0] [2.0]: 3
                                                                                                                                                                                                                                                                                                                                                                                                                                    +--no:  cpi_9606.ENSP00000302961 > 0.0
                                                                                                                                                                                                                                                                                                                                                                                                                                           +--yes: [0] [2.0]: 3
                                                                                                                                                                                                                                                                                                                                                                                                                                           +--no:  cpi_9606.ENSP00000358903 > 169.0
                                                                                                                                                                                                                                                                                                                                                                                                                                                  +--yes: [0] [2.0]: 3
                                                                                                                                                                                                                                                                                                                                                                                                                                                  +--no:  cpi_9606.ENSP00000359793 > 169.0
                                                                                                                                                                                                                                                                                                                                                                                                                                                         +--yes: [0] [2.0]: 3
                                                                                                                                                                                                                                                                                                                                                                                                                                                         +--no:  cpi_9606.ENSP00000362403 > 0.0
                                                                                                                                                                                                                                                                                                                                                                                                                                                                +--yes: [0] [2.0]: 3
                                                                                                                                                                                                                                                                                                                                                                                                                                                                +--no:  cpi_9606.ENSP00000376178 > 213.0
                                                                                                                                                                                                                                                                                                                                                                                                                                                                       +--yes: [0] [2.0]: 3
                                                                                                                                                                                                                                                                                                                                                                                                                                                                       +--no:  cpi_9606.ENSP00000390600 > 238.0
                                                                                                                                                                                                                                                                                                                                                                                                                                                                              +--yes: cpi_9606.ENSP00000262186 > 0.0
                                                                                                                                                                                                                                                                                                                                                                                                                                                                              |      +--yes: [1] [2.0]: 2
                                                                                                                                                                                                                                                                                                                                                                                                                                                                              |      +--no:  cpi_9606.ENSP00000283916 > 0.0
                                                                                                                                                                                                                                                                                                                                                                                                                                                                              |             +--yes: [1] [1.0]: 2
                                                                                                                                                                                                                                                                                                                                                                                                                                                                              |             +--no:  [0] [2.0]: 2
                                                                                                                                                                                                                                                                                                                                                                                                                                                                              +--no:  cpi_9606.ENSP00000234071 > 0.0
                                                                                                                                                                                                                                                                                                                                                                                                                                                                                     +--yes: cpi_9606.ENSP00000216341 > 0.0
                                                                                                                                                                                                                                                                                                                                                                                                                                                                                     |      +--yes: [1] [6.0]: 8
                                                                                                                                                                                                                                                                                                                                                                                                                                                                                     |      +--no:  [0] [2.0]: 2
                                                                                                                                                                                                                                                                                                                                                                                                                                                                                     +--no:  cpi_9606.ENSP00000361125 > 213.0
                                                                                                                                                                                                                                                                                                                                                                                                                                                                                            +--yes: cpi_9606.ENSP00000361125 > 800.0
                                                                                                                                                                                                                                                                                                                                                                                                                                                                                            |      +--yes: [1] [3.0]: 3
                                                                                                                                                                                                                                                                                                                                                                                                                                                                                            |      +--no:  cpi_9606.ENSP00000263923 > 0.0
                                                                                                                                                                                                                                                                                                                                                                                                                                                                                            |             +--yes: [1] [1.0]: 2
                                                                                                                                                                                                                                                                                                                                                                                                                                                                                            |             +--no:  [0] [2.0]: 2
                                                                                                                                                                                                                                                                                                                                                                                                                                                                                            +--no:  cpi_9606.ENSP00000252486 > 0.0
                                                                                                                                                                                                                                                                                                                                                                                                                                                                                                   +--yes: cpi_9606.ENSP00000221130 > 0.0
                                                                                                                                                                                                                                                                                                                                                                                                                                                                                                   |      +--yes: [1] [2.0]: 2
                                                                                                                                                                                                                                                                                                                                                                                                                                                                                                   |      +--no:  [0] [2.0]: 2
                                                                                                                                                                                                                                                                                                                                                                                                                                                                                                   +--no:  cpi_9606.ENSP00000264382 > 223.0
                                                                                                                                                                                                                                                                                                                                                                                                                                                                                                          +--yes: cpi_9606.ENSP00000264382 > 606.0
                                                                                                                                                                                                                                                                                                                                                                                                                                                                                                          |      +--yes: [1] [2.0]: 2
                                                                                                                                                                                                                                                                                                                                                                                                                                                                                                          |      +--no:  [0] [2.0]: 2
                                                                                                                                                                                                                                                                                                                                                                                                                                                                                                          +--no:  cpi_9606.ENSP00000345344 > 0.0
                                                                                                                                                                                                                                                                                                                                                                                                                                                                                                                 +--yes: cpi_9606.ENSP00000345344 > 168.0
                                                                                                                                                                                                                                                                                                                                                                                                                                                                                                                 |      +--yes: [1] [2.0]: 2
                                                                                                                                                                                                                                                                                                                                                                                                                                                                                                                 |      +--no:  [0] [2.0]: 2
                                                                                                                                                                                                                                                                                                                                                                                                                                                                                                                 +--no:  cpi_9606.ENSP00000376914 > 0.0
                                                                                                                                                                                                                                                                                                                                                                                                                                                                                                                        +--yes: cpi_9606.ENSP00000295598 > 164.0
                                                                                                                                                                                                                                                                                                                                                                                                                                                                                                                        |      +--yes: [1] [2.0]: 2
                                                                                                                                                                                                                                                                                                                                                                                                                                                                                                                        |      +--no:  [0] [2.0]: 2
                                                                                                                                                                                                                                                                                                                                                                                                                                                                                                                        +--no:  cpi_9606.ENSP00000394624 > 155.0
                                                                                                                                                                                                                                                                                                                                                                                                                                                                                                                               +--yes: [1] [2.0]: 4
                                                                                                                                                                                                                                                                                                                                                                                                                                                                                                                               +--no:  cpi_9606.ENSP00000324648 > 159.0
                                                                                                                                                                                                                                                                                                                                                                                                                                                                                                                                      +--yes: cpi_9606.ENSP00000241052 > 359.0
                                                                                                                                                                                                                                                                                                                                                                                                                                                                                                                                      |      +--yes: [1] [2.0]: 2
                                                                                                                                                                                                                                                                                                                                                                                                                                                                                                                                      |      +--no:  [0] [2.0]: 3
                                                                                                                                                                                                                                                                                                                                                                                                                                                                                                                                      +--no:  cpi_9606.ENSP00000315011 > 0.0
                                                                                                                                                                                                                                                                                                                                                                                                                                                                                                                                             +--yes: cpi_9606.ENSP00000366416 > 0.0
                                                                                                                                                                                                                                                                                                                                                                                                                                                                                                                                             |      +--yes: [0] [2.0]: 2
                                                                                                                                                                                                                                                                                                                                                                                                                                                                                                                                             |      +--no:  [1] [3.0]: 3
                                                                                                                                                                                                                                                                                                                                                                                                                                                                                                                                             +--no:  cpi_9606.ENSP00000216410 > 0.0
                                                                                                                                                                                                                                                                                                                                                                                                                                                                                                                                                    +--yes: [1] [1.0]: 2
                                                                                                                                                                                                                                                                                                                                                                                                                                                                                                                                                    +--no:  cpi_9606.ENSP00000285381 > 0.0
                                                                                                                                                                                                                                                                                                                                                                                                                                                                                                                                                           +--yes: cpi_9606.ENSP00000178638 > 614.0
                                                                                                                                                                                                                                                                                                                                                                                                                                                                                                                                                           |      +--yes: [1] [4.0]: 4
                                                                                                                                                                                                                                                                                                                                                                                                                                                                                                                                                           |      +--no:  [0] [2.0]: 2
                                                                                                                                                                                                                                                                                                                                                                                                                                                                                                                                                           +--no:  [1] [230.0]: 256

Pruned Model
************

cpi_9606.ENSP00000337915 > 0.0
+--yes: cpi_9606.ENSP00000229319 > 279.0
|      +--yes: cpi_9606.ENSP00000262461 > 152.0
|      |      +--yes: [1] [4.0]: 4
|      |      +--no:  [0] [9.0]: 9
|      +--no:  cpi_9606.ENSP00000346017 > 150.0
|             +--yes: [0] [4.0]: 5
|             +--no:  cpi_9606.ENSP00000241052 > 880.0
|                    +--yes: [0] [2.0]: 2
|                    +--no:  cpi_9606.ENSP00000293230 > 240.0
|                           +--yes: [0] [2.0]: 2
|                           +--no:  cpi_9606.ENSP00000296412 > 283.0
|                                  +--yes: [0] [2.0]: 2
|                                  +--no:  cpi_9606.ENSP00000361076 > 150.0
|                                         +--yes: [0] [2.0]: 2
|                                         +--no:  cpi_9606.ENSP00000416293 > 844.0
|                                                +--yes: [0] [2.0]: 2
|                                                +--no:  cpi_9606.ENSP00000310447 > 171.0
|                                                       +--yes: cpi_9606.ENSP00000000442 > 0.0
|                                                       |      +--yes: [1] [2.0]: 2
|                                                       |      +--no:  [0] [3.0]: 3
|                                                       +--no:  cpi_9606.ENSP00000234389 > 298.0
|                                                              +--yes: [0] [2.0]: 3
|                                                              +--no:  cpi_9606.ENSP00000291295 > 150.0
|                                                                     +--yes: cpi_9606.ENSP00000264381 > 157.0
|                                                                     |      +--yes: [0] [3.0]: 3
|                                                                     |      +--no:  cpi_9606.ENSP00000356825 > 0.0
|                                                                     |             +--yes: [0] [2.0]: 2
|                                                                     |             +--no:  [1] [11.0]: 11
|                                                                     +--no:  cpi_9606.ENSP00000380247 > 993.0
|                                                                            +--yes: cpi_9606.ENSP00000176183 > 0.0
|                                                                            |      +--yes: [1] [2.0]: 2
|                                                                            |      +--no:  [0] [2.0]: 2
|                                                                            +--no:  cpi_9606.ENSP00000216962 > 228.0
|                                                                                   +--yes: cpi_9606.ENSP00000003084 > 0.0
|                                                                                   |      +--yes: [0] [2.0]: 2
|                                                                                   |      +--no:  [1] [3.0]: 3
|                                                                                   +--no:  cpi_9606.ENSP00000272227 > 156.0
|                                                                                          +--yes: cpi_9606.ENSP00000283916 > 163.0
|                                                                                          |      +--yes: [1] [3.0]: 3
|                                                                                          |      +--no:  [0] [2.0]: 2
|                                                                                          +--no:  [1] [304.0]: 310
+--no:  cpi_9606.ENSP00000251595 > 174.0
       +--yes: cpi_9606.ENSP00000322421 > 594.0
       |      +--yes: [1] [3.0]: 3
       |      +--no:  [0] [15.0]: 16
       +--no:  cpi_9606.ENSP00000268053 > 265.0
              +--yes: [0] [7.0]: 7
              +--no:  cpi_9606.ENSP00000256104 > 180.0
                     +--yes: [0] [7.0]: 8
                     +--no:  cpi_9606.ENSP00000306129 > 935.0
                            +--yes: [0] [5.0]: 5
                            +--no:  cpi_9606.ENSP00000290866 > 213.0
                                   +--yes: cpi_9606.ENSP00000263431 > 364.0
                                   |      +--yes: [0] [5.0]: 6
                                   |      +--no:  cpi_9606.ENSP00000220809 > 726.0
                                   |             +--yes: cpi_9606.ENSP00000216629 > 153.0
                                   |             |      +--yes: [0] [2.0]: 2
                                   |             |      +--no:  [1] [2.0]: 2
                                   |             +--no:  [1] [88.0]: 89
                                   +--no:  cpi_9606.ENSP00000274353 > 0.0
                                          +--yes: [0] [6.0]: 6
                                          +--no:  cpi_9606.ENSP00000225474 > 150.0
                                                 +--yes: cpi_9606.ENSP00000318820 > 0.0
                                                 |      +--yes: [0] [2.0]: 2
                                                 |      +--no:  [1] [51.0]: 51
                                                 +--no:  cpi_9606.ENSP00000340943 > 0.0
                                                        +--yes: cpi_9606.ENSP00000258743 > 195.0
                                                        |      +--yes: [1] [2.0]: 2
                                                        |      +--no:  [0] [9.0]: 9
                                                        +--no:  cpi_9606.ENSP00000364310 > 208.0
                                                               +--yes: cpi_9606.ENSP00000309572 > 0.0
                                                               |      +--yes: [1] [2.0]: 2
                                                               |      +--no:  [0] [7.0]: 7
                                                               +--no:  cpi_9606.ENSP00000255030 > 154.0
                                                                      +--yes: cpi_9606.ENSP00000367615 > 156.0
                                                                      |      +--yes: [0] [2.0]: 2
                                                                      |      +--no:  [1] [57.0]: 60
                                                                      +--no:  cpi_9606.ENSP00000290866 > 178.0
                                                                             +--yes: [0] [4.0]: 4
                                                                             +--no:  cpi_9606.ENSP00000260402 > 0.0
                                                                                    +--yes: cpi_9606.ENSP00000350616 > 0.0
                                                                                    |      +--yes: [1] [2.0]: 2
                                                                                    |      +--no:  [0] [7.0]: 8
                                                                                    +--no:  cpi_9606.ENSP00000275493 > 227.0
                                                                                           +--yes: [1] [23.0]: 23
                                                                                           +--no:  cpi_9606.ENSP00000387230 > 0.0
                                                                                                  +--yes: cpi_9606.ENSP00000252486 > 269.0
                                                                                                  |      +--yes: [0] [2.0]: 2
                                                                                                  |      +--no:  [1] [29.0]: 29
                                                                                                  +--no:  cpi_9606.ENSP00000282753 > 248.0
                                                                                                         +--yes: [0] [4.0]: 4
                                                                                                         +--no:  cpi_9606.ENSP00000416293 > 251.0
                                                                                                                +--yes: [0] [4.0]: 4
                                                                                                                +--no:  cpi_9606.ENSP00000298472 > 280.0
                                                                                                                       +--yes: cpi_9606.ENSP00000316244 > 0.0
                                                                                                                       |      +--yes: [1] [2.0]: 3
                                                                                                                       |      +--no:  [0] [5.0]: 5
                                                                                                                       +--no:  cpi_9606.ENSP00000244217 > 175.0
                                                                                                                              +--yes: [0] [3.0]: 3
                                                                                                                              +--no:  cpi_9606.ENSP00000313681 > 166.0
                                                                                                                                     +--yes: [0] [3.0]: 3
                                                                                                                                     +--no:  cpi_9606.ENSP00000338072 > 620.0
                                                                                                                                            +--yes: [0] [4.0]: 5
                                                                                                                                            +--no:  cpi_9606.ENSP00000303211 > 388.0
                                                                                                                                                   +--yes: cpi_9606.ENSP00000340820 > 160.0
                                                                                                                                                   |      +--yes: [1] [3.0]: 3
                                                                                                                                                   |      +--no:  cpi_9606.ENSP00000255380 > 281.0
                                                                                                                                                   |             +--yes: [1] [2.0]: 3
                                                                                                                                                   |             +--no:  [0] [7.0]: 8
                                                                                                                                                   +--no:  cpi_9606.ENSP00000363822 > 838.0
                                                                                                                                                          +--yes: cpi_9606.ENSP00000356958 > 352.0
                                                                                                                                                          |      +--yes: [1] [4.0]: 5
                                                                                                                                                          |      +--no:  [0] [5.0]: 5
                                                                                                                                                          +--no:  cpi_9606.ENSP00000343925 > 232.0
                                                                                                                                                                 +--yes: [1] [18.0]: 18
                                                                                                                                                                 +--no:  cpi_9606.ENSP00000264637 > 209.0
                                                                                                                                                                        +--yes: [0] [3.0]: 3
                                                                                                                                                                        +--no:  cpi_9606.ENSP00000368438 > 226.0
                                                                                                                                                                               +--yes: [0] [3.0]: 3
                                                                                                                                                                               +--no:  cpi_9606.ENSP00000265724 > 150.0
                                                                                                                                                                                      +--yes: [1] [24.0]: 25
                                                                                                                                                                                      +--no:  cpi_9606.ENSP00000263431 > 167.0
                                                                                                                                                                                             +--yes: [0] [3.0]: 3
                                                                                                                                                                                             +--no:  cpi_9606.ENSP00000293330 > 169.0
                                                                                                                                                                                                    +--yes: [0] [4.0]: 5
                                                                                                                                                                                                    +--no:  cpi_9606.ENSP00000226730 > 0.0
                                                                                                                                                                                                           +--yes: [1] [18.0]: 18
                                                                                                                                                                                                           +--no:  cpi_9606.ENSP00000354532 > 0.0
                                                                                                                                                                                                                  +--yes: cpi_9606.ENSP00000011653 > 0.0
                                                                                                                                                                                                                  |      +--yes: [1] [2.0]: 2
                                                                                                                                                                                                                  |      +--no:  [0] [6.0]: 6
                                                                                                                                                                                                                  +--no:  cpi_9606.ENSP00000338345 > 0.0
                                                                                                                                                                                                                         +--yes: cpi_9606.ENSP00000261707 > 985.0
                                                                                                                                                                                                                         |      +--yes: [0] [2.0]: 2
                                                                                                                                                                                                                         |      +--no:  [1] [46.0]: 50
                                                                                                                                                                                                                         +--no:  cpi_9606.ENSP00000249750 > 186.0
                                                                                                                                                                                                                                +--yes: [0] [2.0]: 2
                                                                                                                                                                                                                                +--no:  cpi_9606.ENSP00000253792 > 186.0
                                                                                                                                                                                                                                       +--yes: [0] [2.0]: 2
                                                                                                                                                                                                                                       +--no:  cpi_9606.ENSP00000258400 > 823.0
                                                                                                                                                                                                                                              +--yes: [0] [2.0]: 2
                                                                                                                                                                                                                                              +--no:  cpi_9606.ENSP00000265724 > 0.0
                                                                                                                                                                                                                                                     +--yes: [0] [3.0]: 3
                                                                                                                                                                                                                                                     +--no:  cpi_9606.ENSP00000266376 > 275.0
                                                                                                                                                                                                                                                            +--yes: [0] [2.0]: 2
                                                                                                                                                                                                                                                            +--no:  cpi_9606.ENSP00000292095 > 218.0
                                                                                                                                                                                                                                                                   +--yes: [0] [2.0]: 2
                                                                                                                                                                                                                                                                   +--no:  cpi_9606.ENSP00000302150 > 187.0
                                                                                                                                                                                                                                                                          +--yes: [0] [3.0]: 3
                                                                                                                                                                                                                                                                          +--no:  cpi_9606.ENSP00000355155 > 175.0
                                                                                                                                                                                                                                                                                 +--yes: [0] [2.0]: 2
                                                                                                                                                                                                                                                                                 +--no:  cpi_9606.ENSP00000357068 > 157.0
                                                                                                                                                                                                                                                                                        +--yes: [0] [2.0]: 2
                                                                                                                                                                                                                                                                                        +--no:  cpi_9606.ENSP00000360141 > 0.0
                                                                                                                                                                                                                                                                                               +--yes: [0] [2.0]: 2
                                                                                                                                                                                                                                                                                               +--no:  cpi_9606.ENSP00000282091 > 150.0
                                                                                                                                                                                                                                                                                                      +--yes: cpi_9606.ENSP00000282091 > 176.0
                                                                                                                                                                                                                                                                                                      |      +--yes: [1] [6.0]: 7
                                                                                                                                                                                                                                                                                                      |      +--no:  [0] [4.0]: 5
                                                                                                                                                                                                                                                                                                      +--no:  cpi_9606.ENSP00000368683 > 210.0
                                                                                                                                                                                                                                                                                                             +--yes: cpi_9606.ENSP00000368683 > 239.0
                                                                                                                                                                                                                                                                                                             |      +--yes: [1] [3.0]: 3
                                                                                                                                                                                                                                                                                                             |      +--no:  [0] [4.0]: 4
                                                                                                                                                                                                                                                                                                             +--no:  cpi_9606.ENSP00000347942 > 181.0
                                                                                                                                                                                                                                                                                                                    +--yes: [0] [2.0]: 2
                                                                                                                                                                                                                                                                                                                    +--no:  cpi_9606.ENSP00000463999 > 234.0
                                                                                                                                                                                                                                                                                                                           +--yes: [0] [2.0]: 2
                                                                                                                                                                                                                                                                                                                           +--no:  cpi_9606.ENSP00000291294 > 205.0
                                                                                                                                                                                                                                                                                                                                  +--yes: [1] [25.0]: 26
                                                                                                                                                                                                                                                                                                                                  +--no:  cpi_9606.ENSP00000218721 > 182.0
                                                                                                                                                                                                                                                                                                                                         +--yes: cpi_9606.ENSP00000316244 > 250.0
                                                                                                                                                                                                                                                                                                                                         |      +--yes: [1] [2.0]: 2
                                                                                                                                                                                                                                                                                                                                         |      +--no:  [0] [5.0]: 5
                                                                                                                                                                                                                                                                                                                                         +--no:  cpi_9606.ENSP00000267549 > 182.0
                                                                                                                                                                                                                                                                                                                                                +--yes: [0] [2.0]: 2
                                                                                                                                                                                                                                                                                                                                                +--no:  cpi_9606.ENSP00000382659 > 0.0
                                                                                                                                                                                                                                                                                                                                                       +--yes: [0] [2.0]: 2
                                                                                                                                                                                                                                                                                                                                                       +--no:  cpi_9606.ENSP00000265572 > 0.0
                                                                                                                                                                                                                                                                                                                                                              +--yes: [1] [14.0]: 14
                                                                                                                                                                                                                                                                                                                                                              +--no:  cpi_9606.ENSP00000293897 > 0.0
                                                                                                                                                                                                                                                                                                                                                                     +--yes: [0] [4.0]: 4
                                                                                                                                                                                                                                                                                                                                                                     +--no:  cpi_9606.ENSP00000230050 > 0.0
                                                                                                                                                                                                                                                                                                                                                                            +--yes: [0] [2.0]: 3
                                                                                                                                                                                                                                                                                                                                                                            +--no:  cpi_9606.ENSP00000252029 > 178.0
                                                                                                                                                                                                                                                                                                                                                                                   +--yes: [0] [2.0]: 2
                                                                                                                                                                                                                                                                                                                                                                                   +--no:  [1] [288.0]: 363

