Clus run ['se_C0015230']
************************

Date: 27/04/2025, 10:42
File: cpi_dataset_se_C0015230_settings.out
Attributes: 1611 (input: 1610, output: 1)
Missing values: No

[General]
Verbose = 1
RandomSeed = 43
ResourceInfoLoaded = No
DoNotInduce = No
LoggingProperties = logging.properties

[Data]
File = C:\Users\KostasVoror\Projects\sep\SIDER_dataset\binary_datasets\cpi_dataset_se_C0015230.arff
TestSet = None
PruneSet = None
XVal = 10
RemoveMissingTarget = No
NormalizeData = None

[Attributes]
Target = 1611
Clustering = 1611
Descriptive = 1-1610
Key = None
Disable = None
Weights = Normalize
ClusteringWeights = 1.0
ReduceMemoryNominalAttrs = No
GIS = None

[Constraints]
Syntactic = None
MaxSize = Infinity
MaxError = 0.0
MaxDepth = Infinity

[Nominal]
MEstimate = 1.0

[Model]
MinimalWeight = 2.0
MinimalNumberExamples = 0
MinimalKnownWeight = 0.0
ParamTuneNumberFolds = 3
NominalSubsetTests = Yes
LoadFromModelFile = No

[Tree]
Heuristic = VarianceReduction
HeuristicComplexity = N2
SetDistance = GSMDistance
TupleDistance = Euclidean
TSDistance = DTW
PruningMethod = C45
FTest = 1.0
BinarySplit = Yes
ConvertToRules = No
AlternativeSplits = No
Optimize = []
MSENominal = No
SplitSampling = None
MissingClusteringAttrHandling = EstimateFromParentNode
MissingTargetAttrHandling = ParentNode
InductionOrder = DepthFirst
EntropyType = StandardEntropy
ConsiderUnlableInstancesInIGCalc = No
SpatialMatrix = Binary
SpatialMeasure = GlobalMoran
Bandwidth = 0.001
Longlat = No
NumNeightbours = 0.0
Alpha = 1.0
SplitPosition = Exact

[SemiSupervised]
SemiSupervisedMethod = PCT
StoppingCriteria = NoneAdded
UnlabeledCriteria = Threshold
ConfidenceThreshold = 0.8
ConfidenceMeasure = Variance
Iterations = 10
K = 5
UnlabeledData = 
PercentageLabeled = 5
UseWeights = No
AirbagTrials = 0
ExhaustiveSearchThresholds = [0.5,0.6,0.7,0.8,0.9,0.99]
OOBErrorCalculation = LabeledOnly
Normalization = MinMaxNormalization
Aggregation = Average
CalibrateHmcThreshold = No
PruningWhenTuning = No
InternalFolds = 5
WeightScoresFile = NO
PossibleWeights = [0.0,0.1,0.2,0.3,0.4,0.5,0.6,0.7,0.8,0.9,1.0]
IterationsSupervisionOptimisation = 0
ForceInternalXValOptimisation = No
ImputeMissingTargetValues = No
InternalFold = -1234
ProceedToMain = Yes

[Output]
ShowModels = [Default, Pruned, Others]
TrainErrors = Yes
ValidErrors = Yes
TestErrors = Yes
AllFoldModels = Yes
AllFoldErrors = No
AllFoldDatasets = No
UnknownFrequency = No
BranchFrequency = No
ShowInfo = [Count]
PrintModelAndExamples = No
WriteErrorFile = No
WriteModelFile = No
WritePerBagModelFile = Yes
WriteOOBFile = No
WritePredictions = []
GzipOutput = No
ModelIDFiles = No
WriteCurves = No
OutputPythonModel = No
PythonModelType = Object
OutputROSSubspaces = No
OutputJSONModel = No
OutputDatabaseQueries = No
OutputClowdFlowsJSON = No
ComputeSpearman = No

Run: 01
*******

Statistics
----------

FTValue (FTest): 1.0
Induction Time: 9.5400E-1 sec
Pruning Time: 3.1000E-2 sec
Prediction Time (total for ClusModel.Original): 
	0 microsecs
	0 millisecs
	0 secs
Prediction Time (average for ClusModel.Original): 0 microsecs
Model information:
     Default: Nodes = 1; Leaves = 1; Depth = 1
     Original: Nodes = 279; Leaves = 140; Depth = 78
     Pruned: Nodes = 197; Leaves = 99; Depth = 57

Training error
--------------

Number of examples: 1377
Classification Error
   Default: 
   Attribute: se_C0015230
     REAL\PRED |    1 | 0 |
     ---------------------------
             1 | 1048 | 0 | 1048
             0 |  329 | 0 |  329
     ---------------------------
               | 1377 | 0 | 1377
     Accuracy: 7.610748E-1
     Cramer's coefficient: 0

   Original: 
   Attribute: se_C0015230
     REAL\PRED |    1 |   0 |
     -----------------------------
             1 | 1035 |  13 | 1048
             0 |   63 | 266 |  329
     -----------------------------
               | 1098 | 279 | 1377
     Accuracy: 9.448076E-1
     Cramer's coefficient: 8.445906E-1

   Pruned: 
   Attribute: se_C0015230
     REAL\PRED |    1 |   0 |
     -----------------------------
             1 | 1035 |  13 | 1048
             0 |   89 | 240 |  329
     -----------------------------
               | 1124 | 253 | 1377
     Accuracy: 9.259259E-1
     Cramer's coefficient: 7.895907E-1

Weighted mean squared error (MSE) for Nominal Attributes (Weights [2.75])
   Default        : [1.0000E0]
   Original       : [2.4067E-1]
   Pruned         : [3.4012E-1]
averageAUROC
   Default        : 5.000000E-1
   Original       : 9.629226E-1
   Pruned         : 9.356525E-1
averageAUPRC
   Default        : 7.610748E-1
   Original       : 9.852931E-1
   Pruned         : 9.740890E-1

Testing error
-------------

Number of examples: 1377
Classification Error
   Default: 
   Attribute: se_C0015230
     REAL\PRED |    1 | 0 |
     ---------------------------
             1 | 1048 | 0 | 1048
             0 |  329 | 0 |  329
     ---------------------------
               | 1377 | 0 | 1377
     Accuracy: 7.610748E-1
     Cramer's coefficient: 0

   Original: 
   Attribute: se_C0015230
     REAL\PRED |    1 |   0 |
     -----------------------------
             1 |  835 | 213 | 1048
             0 |  259 |  70 |  329
     -----------------------------
               | 1094 | 283 | 1377
     Accuracy: 6.572259E-1
     Cramer's coefficient: 1.004825E-2

   Pruned: 
   Attribute: se_C0015230
     REAL\PRED |    1 |   0 |
     -----------------------------
             1 |  844 | 204 | 1048
             0 |  267 |  62 |  329
     -----------------------------
               | 1111 | 266 | 1377
     Accuracy: 6.579521E-1
     Cramer's coefficient: 6.704051E-3

Weighted mean squared error (MSE) for Nominal Attributes (Weights [2.75])
   Default        : [1.0013]
   Original       : [1.7606]
   Pruned         : [1.6395]
averageAUROC
   Default        : 4.521146E-1
   Original       : 5.397979E-1
   Pruned         : 5.463656E-1
averageAUPRC
   Default        : 7.380039E-1
   Original       : 7.746775E-1
   Pruned         : 7.790521E-1

Default Model
*************

[1] [1048.0]: 1377

Original Model
**************

cpi_9606.ENSP00000337915 > 155.0
+--yes: cpi_9606.ENSP00000264668 > 473.0
|      +--yes: cpi_9606.ENSP00000023897 > 285.0
|      |      +--yes: [1] [2.0]: 2
|      |      +--no:  [0] [6.0]: 6
|      +--no:  cpi_9606.ENSP00000264867 > 800.0
|             +--yes: cpi_9606.ENSP00000000442 > 153.0
|             |      +--yes: [1] [1.0]: 2
|             |      +--no:  [0] [2.0]: 2
|             +--no:  cpi_9606.ENSP00000310447 > 171.0
|                    +--yes: cpi_9606.ENSP00000005178 > 0.0
|                    |      +--yes: [1] [3.0]: 3
|                    |      +--no:  [0] [4.0]: 4
|                    +--no:  cpi_9606.ENSP00000305480 > 152.0
|                           +--yes: cpi_9606.ENSP00000337450 > 0.0
|                           |      +--yes: [1] [8.0]: 8
|                           |      +--no:  cpi_9606.ENSP00000342007 > 0.0
|                           |             +--yes: [0] [4.0]: 4
|                           |             +--no:  cpi_9606.ENSP00000256119 > 167.0
|                           |                    +--yes: [0] [2.0]: 2
|                           |                    +--no:  [1] [5.0]: 5
|                           +--no:  cpi_9606.ENSP00000293230 > 177.0
|                                  +--yes: [0] [2.0]: 2
|                                  +--no:  cpi_9606.ENSP00000361076 > 150.0
|                                         +--yes: [0] [2.0]: 2
|                                         +--no:  cpi_9606.ENSP00000229319 > 279.0
|                                                +--yes: [0] [2.0]: 3
|                                                +--no:  cpi_9606.ENSP00000234389 > 298.0
|                                                       +--yes: [0] [2.0]: 3
|                                                       +--no:  cpi_9606.ENSP00000295589 > 324.0
|                                                              +--yes: cpi_9606.ENSP00000267377 > 348.0
|                                                              |      +--yes: [1] [8.0]: 8
|                                                              |      +--no:  cpi_9606.ENSP00000219833 > 800.0
|                                                              |             +--yes: [1] [2.0]: 2
|                                                              |             +--no:  [0] [4.0]: 4
|                                                              +--no:  cpi_9606.ENSP00000219794 > 193.0
|                                                                     +--yes: cpi_9606.ENSP00000011653 > 0.0
|                                                                     |      +--yes: [1] [2.0]: 2
|                                                                     |      +--no:  [0] [2.0]: 3
|                                                                     +--no:  cpi_9606.ENSP00000380247 > 242.0
|                                                                            +--yes: cpi_9606.ENSP00000291295 > 358.0
|                                                                            |      +--yes: [0] [2.0]: 2
|                                                                            |      +--no:  cpi_9606.ENSP00000380247 > 424.0
|                                                                            |             +--yes: [1] [24.0]: 25
|                                                                            |             +--no:  [0] [2.0]: 3
|                                                                            +--no:  [1] [253.0]: 256
+--no:  cpi_9606.ENSP00000263321 > 188.0
       +--yes: cpi_9606.ENSP00000326119 > 158.0
       |      +--yes: [1] [7.0]: 7
       |      +--no:  cpi_9606.ENSP00000362344 > 153.0
       |             +--yes: [1] [4.0]: 4
       |             +--no:  cpi_9606.ENSP00000407375 > 193.0
       |                    +--yes: [0] [14.0]: 14
       |                    +--no:  cpi_9606.ENSP00000265724 > 152.0
       |                           +--yes: [1] [4.0]: 4
       |                           +--no:  cpi_9606.ENSP00000318820 > 0.0
       |                                  +--yes: [1] [3.0]: 3
       |                                  +--no:  cpi_9606.ENSP00000302441 > 0.0
       |                                         +--yes: cpi_9606.ENSP00000224784 > 0.0
       |                                         |      +--yes: [0] [2.0]: 2
       |                                         |      +--no:  [1] [2.0]: 2
       |                                         +--no:  [0] [12.0]: 12
       +--no:  cpi_9606.ENSP00000255030 > 167.0
              +--yes: cpi_9606.ENSP00000303540 > 0.0
              |      +--yes: cpi_9606.ENSP00000011653 > 0.0
              |      |      +--yes: [0] [2.0]: 2
              |      |      +--no:  [1] [1.0]: 2
              |      +--no:  cpi_9606.ENSP00000311095 > 700.0
              |             +--yes: [0] [2.0]: 2
              |             +--no:  cpi_9606.ENSP00000356729 > 0.0
              |                    +--yes: cpi_9606.ENSP00000216341 > 0.0
              |                    |      +--yes: [1] [2.0]: 2
              |                    |      +--no:  [0] [2.0]: 2
              |                    +--no:  [1] [96.0]: 99
              +--no:  cpi_9606.ENSP00000268053 > 0.0
                     +--yes: cpi_9606.ENSP00000276414 > 171.0
                     |      +--yes: [1] [2.0]: 3
                     |      +--no:  [0] [9.0]: 9
                     +--no:  cpi_9606.ENSP00000263088 > 232.0
                            +--yes: [0] [6.0]: 6
                            +--no:  cpi_9606.ENSP00000290866 > 260.0
                                   +--yes: [1] [42.0]: 42
                                   +--no:  cpi_9606.ENSP00000288135 > 0.0
                                          +--yes: cpi_9606.ENSP00000259469 > 0.0
                                          |      +--yes: [0] [2.0]: 2
                                          |      +--no:  [1] [45.0]: 46
                                          +--no:  cpi_9606.ENSP00000340943 > 0.0
                                                 +--yes: [0] [6.0]: 6
                                                 +--no:  cpi_9606.ENSP00000298352 > 163.0
                                                        +--yes: cpi_9606.ENSP00000219700 > 195.0
                                                        |      +--yes: [1] [1.0]: 2
                                                        |      +--no:  [0] [6.0]: 6
                                                        +--no:  cpi_9606.ENSP00000228476 > 179.0
                                                               +--yes: [0] [4.0]: 4
                                                               +--no:  cpi_9606.ENSP00000287936 > 151.0
                                                                      +--yes: [1] [18.0]: 18
                                                                      +--no:  cpi_9606.ENSP00000222390 > 331.0
                                                                             +--yes: [0] [3.0]: 3
                                                                             +--no:  cpi_9606.ENSP00000260433 > 177.0
                                                                                    +--yes: cpi_9606.ENSP00000231509 > 408.0
                                                                                    |      +--yes: cpi_9606.ENSP00000000442 > 363.0
                                                                                    |      |      +--yes: [1] [3.0]: 3
                                                                                    |      |      +--no:  [0] [2.0]: 2
                                                                                    |      +--no:  [1] [29.0]: 30
                                                                                    +--no:  cpi_9606.ENSP00000363822 > 820.0
                                                                                           +--yes: cpi_9606.ENSP00000356958 > 285.0
                                                                                           |      +--yes: [1] [1.0]: 2
                                                                                           |      +--no:  [0] [5.0]: 5
                                                                                           +--no:  cpi_9606.ENSP00000329623 > 0.0
                                                                                                  +--yes: [1] [24.0]: 25
                                                                                                  +--no:  cpi_9606.ENSP00000263431 > 177.0
                                                                                                         +--yes: [0] [4.0]: 4
                                                                                                         +--no:  cpi_9606.ENSP00000357204 > 158.0
                                                                                                                +--yes: cpi_9606.ENSP00000296754 > 0.0
                                                                                                                |      +--yes: [1] [1.0]: 2
                                                                                                                |      +--no:  [0] [4.0]: 4
                                                                                                                +--no:  cpi_9606.ENSP00000354532 > 166.0
                                                                                                                       +--yes: cpi_9606.ENSP00000359663 > 0.0
                                                                                                                       |      +--yes: [1] [3.0]: 3
                                                                                                                       |      +--no:  [0] [7.0]: 7
                                                                                                                       +--no:  cpi_9606.ENSP00000274353 > 0.0
                                                                                                                              +--yes: [0] [3.0]: 3
                                                                                                                              +--no:  cpi_9606.ENSP00000313681 > 166.0
                                                                                                                                     +--yes: [0] [3.0]: 3
                                                                                                                                     +--no:  cpi_9606.ENSP00000358903 > 169.0
                                                                                                                                            +--yes: [0] [3.0]: 3
                                                                                                                                            +--no:  cpi_9606.ENSP00000387699 > 229.0
                                                                                                                                                   +--yes: [0] [3.0]: 3
                                                                                                                                                   +--no:  cpi_9606.ENSP00000262367 > 166.0
                                                                                                                                                          +--yes: cpi_9606.ENSP00000262367 > 214.0
                                                                                                                                                          |      +--yes: [1] [1.0]: 2
                                                                                                                                                          |      +--no:  [0] [3.0]: 3
                                                                                                                                                          +--no:  cpi_9606.ENSP00000338072 > 620.0
                                                                                                                                                                 +--yes: cpi_9606.ENSP00000176183 > 276.0
                                                                                                                                                                 |      +--yes: [1] [1.0]: 2
                                                                                                                                                                 |      +--no:  [0] [3.0]: 3
                                                                                                                                                                 +--no:  cpi_9606.ENSP00000258743 > 196.0
                                                                                                                                                                        +--yes: [1] [16.0]: 16
                                                                                                                                                                        +--no:  cpi_9606.ENSP00000387281 > 975.0
                                                                                                                                                                               +--yes: [0] [3.0]: 3
                                                                                                                                                                               +--no:  cpi_9606.ENSP00000269305 > 168.0
                                                                                                                                                                                      +--yes: [1] [20.0]: 21
                                                                                                                                                                                      +--no:  cpi_9606.ENSP00000368438 > 226.0
                                                                                                                                                                                             +--yes: [0] [3.0]: 3
                                                                                                                                                                                             +--no:  cpi_9606.ENSP00000378890 > 178.0
                                                                                                                                                                                                    +--yes: [0] [3.0]: 3
                                                                                                                                                                                                    +--no:  cpi_9606.ENSP00000445340 > 163.0
                                                                                                                                                                                                           +--yes: [0] [3.0]: 3
                                                                                                                                                                                                           +--no:  cpi_9606.ENSP00000367309 > 0.0
                                                                                                                                                                                                                  +--yes: [1] [28.0]: 29
                                                                                                                                                                                                                  +--no:  cpi_9606.ENSP00000260402 > 0.0
                                                                                                                                                                                                                         +--yes: [0] [3.0]: 3
                                                                                                                                                                                                                         +--no:  cpi_9606.ENSP00000354876 > 199.0
                                                                                                                                                                                                                                +--yes: [0] [3.0]: 3
                                                                                                                                                                                                                                +--no:  cpi_9606.ENSP00000308549 > 275.0
                                                                                                                                                                                                                                       +--yes: [1] [22.0]: 23
                                                                                                                                                                                                                                       +--no:  cpi_9606.ENSP00000257068 > 272.0
                                                                                                                                                                                                                                              +--yes: [0] [3.0]: 3
                                                                                                                                                                                                                                              +--no:  cpi_9606.ENSP00000264381 > 941.0
                                                                                                                                                                                                                                                     +--yes: [0] [3.0]: 3
                                                                                                                                                                                                                                                     +--no:  cpi_9606.ENSP00000284981 > 157.0
                                                                                                                                                                                                                                                            +--yes: [0] [3.0]: 3
                                                                                                                                                                                                                                                            +--no:  cpi_9606.ENSP00000315011 > 273.0
                                                                                                                                                                                                                                                                   +--yes: cpi_9606.ENSP00000270474 > 180.0
                                                                                                                                                                                                                                                                   |      +--yes: [1] [2.0]: 2
                                                                                                                                                                                                                                                                   |      +--no:  [0] [5.0]: 5
                                                                                                                                                                                                                                                                   +--no:  cpi_9606.ENSP00000243911 > 205.0
                                                                                                                                                                                                                                                                          +--yes: [1] [17.0]: 17
                                                                                                                                                                                                                                                                          +--no:  cpi_9606.ENSP00000354859 > 218.0
                                                                                                                                                                                                                                                                                 +--yes: cpi_9606.ENSP00000316244 > 250.0
                                                                                                                                                                                                                                                                                 |      +--yes: [1] [3.0]: 4
                                                                                                                                                                                                                                                                                 |      +--no:  [0] [6.0]: 6
                                                                                                                                                                                                                                                                                 +--no:  cpi_9606.ENSP00000355778 > 0.0
                                                                                                                                                                                                                                                                                        +--yes: [0] [3.0]: 3
                                                                                                                                                                                                                                                                                        +--no:  cpi_9606.ENSP00000218721 > 205.0
                                                                                                                                                                                                                                                                                               +--yes: [0] [2.0]: 2
                                                                                                                                                                                                                                                                                               +--no:  cpi_9606.ENSP00000225992 > 0.0
                                                                                                                                                                                                                                                                                                      +--yes: [0] [2.0]: 2
                                                                                                                                                                                                                                                                                                      +--no:  cpi_9606.ENSP00000231188 > 183.0
                                                                                                                                                                                                                                                                                                             +--yes: [0] [2.0]: 2
                                                                                                                                                                                                                                                                                                             +--no:  cpi_9606.ENSP00000233242 > 210.0
                                                                                                                                                                                                                                                                                                                    +--yes: [0] [2.0]: 2
                                                                                                                                                                                                                                                                                                                    +--no:  cpi_9606.ENSP00000256999 > 0.0
                                                                                                                                                                                                                                                                                                                           +--yes: [0] [2.0]: 2
                                                                                                                                                                                                                                                                                                                           +--no:  cpi_9606.ENSP00000260227 > 0.0
                                                                                                                                                                                                                                                                                                                                  +--yes: [0] [2.0]: 2
                                                                                                                                                                                                                                                                                                                                  +--no:  cpi_9606.ENSP00000261405 > 269.0
                                                                                                                                                                                                                                                                                                                                         +--yes: [0] [2.0]: 2
                                                                                                                                                                                                                                                                                                                                         +--no:  cpi_9606.ENSP00000286758 > 0.0
                                                                                                                                                                                                                                                                                                                                                +--yes: [0] [2.0]: 2
                                                                                                                                                                                                                                                                                                                                                +--no:  cpi_9606.ENSP00000330393 > 168.0
                                                                                                                                                                                                                                                                                                                                                       +--yes: [0] [2.0]: 2
                                                                                                                                                                                                                                                                                                                                                       +--no:  cpi_9606.ENSP00000337949 > 349.0
                                                                                                                                                                                                                                                                                                                                                              +--yes: [0] [2.0]: 2
                                                                                                                                                                                                                                                                                                                                                              +--no:  cpi_9606.ENSP00000344456 > 206.0
                                                                                                                                                                                                                                                                                                                                                                     +--yes: [0] [2.0]: 2
                                                                                                                                                                                                                                                                                                                                                                     +--no:  cpi_9606.ENSP00000348459 > 0.0
                                                                                                                                                                                                                                                                                                                                                                            +--yes: [0] [2.0]: 2
                                                                                                                                                                                                                                                                                                                                                                            +--no:  cpi_9606.ENSP00000364310 > 208.0
                                                                                                                                                                                                                                                                                                                                                                                   +--yes: [0] [2.0]: 2
                                                                                                                                                                                                                                                                                                                                                                                   +--no:  cpi_9606.ENSP00000231509 > 197.0
                                                                                                                                                                                                                                                                                                                                                                                          +--yes: cpi_9606.ENSP00000231509 > 921.0
                                                                                                                                                                                                                                                                                                                                                                                          |      +--yes: [1] [12.0]: 13
                                                                                                                                                                                                                                                                                                                                                                                          |      +--no:  cpi_9606.ENSP00000325120 > 0.0
                                                                                                                                                                                                                                                                                                                                                                                          |             +--yes: [0] [5.0]: 5
                                                                                                                                                                                                                                                                                                                                                                                          |             +--no:  cpi_9606.ENSP00000316244 > 0.0
                                                                                                                                                                                                                                                                                                                                                                                          |                    +--yes: [1] [3.0]: 3
                                                                                                                                                                                                                                                                                                                                                                                          |                    +--no:  cpi_9606.ENSP00000358525 > 0.0
                                                                                                                                                                                                                                                                                                                                                                                          |                           +--yes: [1] [2.0]: 2
                                                                                                                                                                                                                                                                                                                                                                                          |                           +--no:  cpi_9606.ENSP00000312286 > 0.0
                                                                                                                                                                                                                                                                                                                                                                                          |                                  +--yes: [1] [3.0]: 4
                                                                                                                                                                                                                                                                                                                                                                                          |                                  +--no:  cpi_9606.ENSP00000231509 > 828.0
                                                                                                                                                                                                                                                                                                                                                                                          |                                         +--yes: [1] [1.0]: 2
                                                                                                                                                                                                                                                                                                                                                                                          |                                         +--no:  [0] [6.0]: 7
                                                                                                                                                                                                                                                                                                                                                                                          +--no:  cpi_9606.ENSP00000361125 > 151.0
                                                                                                                                                                                                                                                                                                                                                                                                 +--yes: cpi_9606.ENSP00000261937 > 0.0
                                                                                                                                                                                                                                                                                                                                                                                                 |      +--yes: [1] [3.0]: 3
                                                                                                                                                                                                                                                                                                                                                                                                 |      +--no:  cpi_9606.ENSP00000255380 > 0.0
                                                                                                                                                                                                                                                                                                                                                                                                 |             +--yes: [0] [2.0]: 2
                                                                                                                                                                                                                                                                                                                                                                                                 |             +--no:  cpi_9606.ENSP00000361125 > 168.0
                                                                                                                                                                                                                                                                                                                                                                                                 |                    +--yes: [1] [2.0]: 4
                                                                                                                                                                                                                                                                                                                                                                                                 |                    +--no:  [0] [2.0]: 2
                                                                                                                                                                                                                                                                                                                                                                                                 +--no:  cpi_9606.ENSP00000226444 > 0.0
                                                                                                                                                                                                                                                                                                                                                                                                        +--yes: cpi_9606.ENSP00000319170 > 0.0
                                                                                                                                                                                                                                                                                                                                                                                                        |      +--yes: [1] [2.0]: 2
                                                                                                                                                                                                                                                                                                                                                                                                        |      +--no:  [0] [3.0]: 3
                                                                                                                                                                                                                                                                                                                                                                                                        +--no:  cpi_9606.ENSP00000267549 > 182.0
                                                                                                                                                                                                                                                                                                                                                                                                               +--yes: cpi_9606.ENSP00000176183 > 186.0
                                                                                                                                                                                                                                                                                                                                                                                                               |      +--yes: [1] [2.0]: 2
                                                                                                                                                                                                                                                                                                                                                                                                               |      +--no:  [0] [3.0]: 3
                                                                                                                                                                                                                                                                                                                                                                                                               +--no:  cpi_9606.ENSP00000367959 > 176.0
                                                                                                                                                                                                                                                                                                                                                                                                                      +--yes: [1] [35.0]: 36
                                                                                                                                                                                                                                                                                                                                                                                                                      +--no:  cpi_9606.ENSP00000359793 > 171.0
                                                                                                                                                                                                                                                                                                                                                                                                                             +--yes: cpi_9606.ENSP00000276414 > 0.0
                                                                                                                                                                                                                                                                                                                                                                                                                             |      +--yes: [1] [2.0]: 2
                                                                                                                                                                                                                                                                                                                                                                                                                             |      +--no:  [0] [4.0]: 4
                                                                                                                                                                                                                                                                                                                                                                                                                             +--no:  cpi_9606.ENSP00000371985 > 272.0
                                                                                                                                                                                                                                                                                                                                                                                                                                    +--yes: [0] [2.0]: 2
                                                                                                                                                                                                                                                                                                                                                                                                                                    +--no:  cpi_9606.ENSP00000216911 > 231.0
                                                                                                                                                                                                                                                                                                                                                                                                                                           +--yes: [0] [2.0]: 3
                                                                                                                                                                                                                                                                                                                                                                                                                                           +--no:  cpi_9606.ENSP00000252321 > 189.0
                                                                                                                                                                                                                                                                                                                                                                                                                                                  +--yes: [0] [2.0]: 3
                                                                                                                                                                                                                                                                                                                                                                                                                                                  +--no:  cpi_9606.ENSP00000256442 > 225.0
                                                                                                                                                                                                                                                                                                                                                                                                                                                         +--yes: [0] [2.0]: 3
                                                                                                                                                                                                                                                                                                                                                                                                                                                         +--no:  cpi_9606.ENSP00000295897 > 918.0
                                                                                                                                                                                                                                                                                                                                                                                                                                                                +--yes: [0] [2.0]: 3
                                                                                                                                                                                                                                                                                                                                                                                                                                                                +--no:  cpi_9606.ENSP00000355155 > 175.0
                                                                                                                                                                                                                                                                                                                                                                                                                                                                       +--yes: [0] [2.0]: 3
                                                                                                                                                                                                                                                                                                                                                                                                                                                                       +--no:  cpi_9606.ENSP00000355759 > 196.0
                                                                                                                                                                                                                                                                                                                                                                                                                                                                              +--yes: [0] [2.0]: 3
                                                                                                                                                                                                                                                                                                                                                                                                                                                                              +--no:  cpi_9606.ENSP00000360372 > 265.0
                                                                                                                                                                                                                                                                                                                                                                                                                                                                                     +--yes: [0] [2.0]: 3
                                                                                                                                                                                                                                                                                                                                                                                                                                                                                     +--no:  cpi_9606.ENSP00000380318 > 0.0
                                                                                                                                                                                                                                                                                                                                                                                                                                                                                            +--yes: [0] [2.0]: 3
                                                                                                                                                                                                                                                                                                                                                                                                                                                                                            +--no:  cpi_9606.ENSP00000293897 > 0.0
                                                                                                                                                                                                                                                                                                                                                                                                                                                                                                   +--yes: cpi_9606.ENSP00000176183 > 0.0
                                                                                                                                                                                                                                                                                                                                                                                                                                                                                                   |      +--yes: [1] [2.0]: 2
                                                                                                                                                                                                                                                                                                                                                                                                                                                                                                   |      +--no:  [0] [2.0]: 2
                                                                                                                                                                                                                                                                                                                                                                                                                                                                                                   +--no:  cpi_9606.ENSP00000345344 > 156.0
                                                                                                                                                                                                                                                                                                                                                                                                                                                                                                          +--yes: cpi_9606.ENSP00000345344 > 168.0
                                                                                                                                                                                                                                                                                                                                                                                                                                                                                                          |      +--yes: [1] [2.0]: 2
                                                                                                                                                                                                                                                                                                                                                                                                                                                                                                          |      +--no:  [0] [2.0]: 2
                                                                                                                                                                                                                                                                                                                                                                                                                                                                                                          +--no:  cpi_9606.ENSP00000353679 > 0.0
                                                                                                                                                                                                                                                                                                                                                                                                                                                                                                                 +--yes: cpi_9606.ENSP00000295897 > 0.0
                                                                                                                                                                                                                                                                                                                                                                                                                                                                                                                 |      +--yes: [1] [2.0]: 2
                                                                                                                                                                                                                                                                                                                                                                                                                                                                                                                 |      +--no:  [0] [2.0]: 2
                                                                                                                                                                                                                                                                                                                                                                                                                                                                                                                 +--no:  cpi_9606.ENSP00000362353 > 0.0
                                                                                                                                                                                                                                                                                                                                                                                                                                                                                                                        +--yes: [1] [2.0]: 4
                                                                                                                                                                                                                                                                                                                                                                                                                                                                                                                        +--no:  cpi_9606.ENSP00000376776 > 0.0
                                                                                                                                                                                                                                                                                                                                                                                                                                                                                                                               +--yes: cpi_9606.ENSP00000278616 > 0.0
                                                                                                                                                                                                                                                                                                                                                                                                                                                                                                                               |      +--yes: [1] [2.0]: 2
                                                                                                                                                                                                                                                                                                                                                                                                                                                                                                                               |      +--no:  [0] [2.0]: 2
                                                                                                                                                                                                                                                                                                                                                                                                                                                                                                                               +--no:  cpi_9606.ENSP00000225275 > 178.0
                                                                                                                                                                                                                                                                                                                                                                                                                                                                                                                                      +--yes: [1] [3.0]: 5
                                                                                                                                                                                                                                                                                                                                                                                                                                                                                                                                      +--no:  cpi_9606.ENSP00000299267 > 0.0
                                                                                                                                                                                                                                                                                                                                                                                                                                                                                                                                             +--yes: cpi_9606.ENSP00000264318 > 0.0
                                                                                                                                                                                                                                                                                                                                                                                                                                                                                                                                             |      +--yes: [1] [3.0]: 3
                                                                                                                                                                                                                                                                                                                                                                                                                                                                                                                                             |      +--no:  [0] [2.0]: 2
                                                                                                                                                                                                                                                                                                                                                                                                                                                                                                                                             +--no:  [1] [246.0]: 277

Pruned Model
************

cpi_9606.ENSP00000337915 > 155.0
+--yes: cpi_9606.ENSP00000264668 > 473.0
|      +--yes: cpi_9606.ENSP00000023897 > 285.0
|      |      +--yes: [1] [2.0]: 2
|      |      +--no:  [0] [6.0]: 6
|      +--no:  cpi_9606.ENSP00000264867 > 800.0
|             +--yes: [0] [3.0]: 4
|             +--no:  cpi_9606.ENSP00000310447 > 171.0
|                    +--yes: cpi_9606.ENSP00000005178 > 0.0
|                    |      +--yes: [1] [3.0]: 3
|                    |      +--no:  [0] [4.0]: 4
|                    +--no:  cpi_9606.ENSP00000305480 > 152.0
|                           +--yes: cpi_9606.ENSP00000337450 > 0.0
|                           |      +--yes: [1] [8.0]: 8
|                           |      +--no:  cpi_9606.ENSP00000342007 > 0.0
|                           |             +--yes: [0] [4.0]: 4
|                           |             +--no:  cpi_9606.ENSP00000256119 > 167.0
|                           |                    +--yes: [0] [2.0]: 2
|                           |                    +--no:  [1] [5.0]: 5
|                           +--no:  cpi_9606.ENSP00000293230 > 177.0
|                                  +--yes: [0] [2.0]: 2
|                                  +--no:  cpi_9606.ENSP00000361076 > 150.0
|                                         +--yes: [0] [2.0]: 2
|                                         +--no:  cpi_9606.ENSP00000229319 > 279.0
|                                                +--yes: [0] [2.0]: 3
|                                                +--no:  cpi_9606.ENSP00000234389 > 298.0
|                                                       +--yes: [0] [2.0]: 3
|                                                       +--no:  cpi_9606.ENSP00000295589 > 324.0
|                                                              +--yes: cpi_9606.ENSP00000267377 > 348.0
|                                                              |      +--yes: [1] [8.0]: 8
|                                                              |      +--no:  cpi_9606.ENSP00000219833 > 800.0
|                                                              |             +--yes: [1] [2.0]: 2
|                                                              |             +--no:  [0] [4.0]: 4
|                                                              +--no:  [1] [281.0]: 291
+--no:  cpi_9606.ENSP00000263321 > 188.0
       +--yes: cpi_9606.ENSP00000326119 > 158.0
       |      +--yes: [1] [7.0]: 7
       |      +--no:  cpi_9606.ENSP00000362344 > 153.0
       |             +--yes: [1] [4.0]: 4
       |             +--no:  cpi_9606.ENSP00000407375 > 193.0
       |                    +--yes: [0] [14.0]: 14
       |                    +--no:  cpi_9606.ENSP00000265724 > 152.0
       |                           +--yes: [1] [4.0]: 4
       |                           +--no:  cpi_9606.ENSP00000318820 > 0.0
       |                                  +--yes: [1] [3.0]: 3
       |                                  +--no:  cpi_9606.ENSP00000302441 > 0.0
       |                                         +--yes: cpi_9606.ENSP00000224784 > 0.0
       |                                         |      +--yes: [0] [2.0]: 2
       |                                         |      +--no:  [1] [2.0]: 2
       |                                         +--no:  [0] [12.0]: 12
       +--no:  cpi_9606.ENSP00000255030 > 167.0
              +--yes: cpi_9606.ENSP00000303540 > 0.0
              |      +--yes: [0] [3.0]: 4
              |      +--no:  cpi_9606.ENSP00000311095 > 700.0
              |             +--yes: [0] [2.0]: 2
              |             +--no:  cpi_9606.ENSP00000356729 > 0.0
              |                    +--yes: cpi_9606.ENSP00000216341 > 0.0
              |                    |      +--yes: [1] [2.0]: 2
              |                    |      +--no:  [0] [2.0]: 2
              |                    +--no:  [1] [96.0]: 99
              +--no:  cpi_9606.ENSP00000268053 > 0.0
                     +--yes: cpi_9606.ENSP00000276414 > 171.0
                     |      +--yes: [1] [2.0]: 3
                     |      +--no:  [0] [9.0]: 9
                     +--no:  cpi_9606.ENSP00000263088 > 232.0
                            +--yes: [0] [6.0]: 6
                            +--no:  cpi_9606.ENSP00000290866 > 260.0
                                   +--yes: [1] [42.0]: 42
                                   +--no:  cpi_9606.ENSP00000288135 > 0.0
                                          +--yes: cpi_9606.ENSP00000259469 > 0.0
                                          |      +--yes: [0] [2.0]: 2
                                          |      +--no:  [1] [45.0]: 46
                                          +--no:  cpi_9606.ENSP00000340943 > 0.0
                                                 +--yes: [0] [6.0]: 6
                                                 +--no:  cpi_9606.ENSP00000298352 > 163.0
                                                        +--yes: [0] [7.0]: 8
                                                        +--no:  cpi_9606.ENSP00000228476 > 179.0
                                                               +--yes: [0] [4.0]: 4
                                                               +--no:  cpi_9606.ENSP00000287936 > 151.0
                                                                      +--yes: [1] [18.0]: 18
                                                                      +--no:  cpi_9606.ENSP00000222390 > 331.0
                                                                             +--yes: [0] [3.0]: 3
                                                                             +--no:  cpi_9606.ENSP00000260433 > 177.0
                                                                                    +--yes: cpi_9606.ENSP00000231509 > 408.0
                                                                                    |      +--yes: cpi_9606.ENSP00000000442 > 363.0
                                                                                    |      |      +--yes: [1] [3.0]: 3
                                                                                    |      |      +--no:  [0] [2.0]: 2
                                                                                    |      +--no:  [1] [29.0]: 30
                                                                                    +--no:  cpi_9606.ENSP00000363822 > 820.0
                                                                                           +--yes: [0] [6.0]: 7
                                                                                           +--no:  cpi_9606.ENSP00000329623 > 0.0
                                                                                                  +--yes: [1] [24.0]: 25
                                                                                                  +--no:  cpi_9606.ENSP00000263431 > 177.0
                                                                                                         +--yes: [0] [4.0]: 4
                                                                                                         +--no:  cpi_9606.ENSP00000357204 > 158.0
                                                                                                                +--yes: [0] [5.0]: 6
                                                                                                                +--no:  cpi_9606.ENSP00000354532 > 166.0
                                                                                                                       +--yes: cpi_9606.ENSP00000359663 > 0.0
                                                                                                                       |      +--yes: [1] [3.0]: 3
                                                                                                                       |      +--no:  [0] [7.0]: 7
                                                                                                                       +--no:  cpi_9606.ENSP00000313681 > 166.0
                                                                                                                              +--yes: [0] [3.0]: 3
                                                                                                                              +--no:  cpi_9606.ENSP00000358903 > 169.0
                                                                                                                                     +--yes: [0] [3.0]: 3
                                                                                                                                     +--no:  cpi_9606.ENSP00000387699 > 229.0
                                                                                                                                            +--yes: [0] [3.0]: 3
                                                                                                                                            +--no:  cpi_9606.ENSP00000262367 > 166.0
                                                                                                                                                   +--yes: [0] [4.0]: 5
                                                                                                                                                   +--no:  cpi_9606.ENSP00000338072 > 620.0
                                                                                                                                                          +--yes: [0] [4.0]: 5
                                                                                                                                                          +--no:  cpi_9606.ENSP00000258743 > 196.0
                                                                                                                                                                 +--yes: [1] [16.0]: 16
                                                                                                                                                                 +--no:  cpi_9606.ENSP00000387281 > 975.0
                                                                                                                                                                        +--yes: [0] [3.0]: 3
                                                                                                                                                                        +--no:  cpi_9606.ENSP00000269305 > 168.0
                                                                                                                                                                               +--yes: [1] [20.0]: 21
                                                                                                                                                                               +--no:  cpi_9606.ENSP00000368438 > 226.0
                                                                                                                                                                                      +--yes: [0] [3.0]: 3
                                                                                                                                                                                      +--no:  cpi_9606.ENSP00000378890 > 178.0
                                                                                                                                                                                             +--yes: [0] [3.0]: 3
                                                                                                                                                                                             +--no:  cpi_9606.ENSP00000445340 > 163.0
                                                                                                                                                                                                    +--yes: [0] [3.0]: 3
                                                                                                                                                                                                    +--no:  cpi_9606.ENSP00000367309 > 0.0
                                                                                                                                                                                                           +--yes: [1] [28.0]: 29
                                                                                                                                                                                                           +--no:  cpi_9606.ENSP00000354876 > 199.0
                                                                                                                                                                                                                  +--yes: [0] [3.0]: 3
                                                                                                                                                                                                                  +--no:  cpi_9606.ENSP00000308549 > 275.0
                                                                                                                                                                                                                         +--yes: [1] [22.0]: 23
                                                                                                                                                                                                                         +--no:  cpi_9606.ENSP00000257068 > 272.0
                                                                                                                                                                                                                                +--yes: [0] [3.0]: 3
                                                                                                                                                                                                                                +--no:  cpi_9606.ENSP00000264381 > 941.0
                                                                                                                                                                                                                                       +--yes: [0] [3.0]: 3
                                                                                                                                                                                                                                       +--no:  cpi_9606.ENSP00000284981 > 157.0
                                                                                                                                                                                                                                              +--yes: [0] [3.0]: 3
                                                                                                                                                                                                                                              +--no:  cpi_9606.ENSP00000315011 > 273.0
                                                                                                                                                                                                                                                     +--yes: cpi_9606.ENSP00000270474 > 180.0
                                                                                                                                                                                                                                                     |      +--yes: [1] [2.0]: 2
                                                                                                                                                                                                                                                     |      +--no:  [0] [5.0]: 5
                                                                                                                                                                                                                                                     +--no:  cpi_9606.ENSP00000243911 > 205.0
                                                                                                                                                                                                                                                            +--yes: [1] [17.0]: 17
                                                                                                                                                                                                                                                            +--no:  cpi_9606.ENSP00000354859 > 218.0
                                                                                                                                                                                                                                                                   +--yes: cpi_9606.ENSP00000316244 > 250.0
                                                                                                                                                                                                                                                                   |      +--yes: [1] [3.0]: 4
                                                                                                                                                                                                                                                                   |      +--no:  [0] [6.0]: 6
                                                                                                                                                                                                                                                                   +--no:  cpi_9606.ENSP00000355778 > 0.0
                                                                                                                                                                                                                                                                          +--yes: [0] [4.0]: 4
                                                                                                                                                                                                                                                                          +--no:  cpi_9606.ENSP00000218721 > 205.0
                                                                                                                                                                                                                                                                                 +--yes: [0] [2.0]: 2
                                                                                                                                                                                                                                                                                 +--no:  cpi_9606.ENSP00000225992 > 0.0
                                                                                                                                                                                                                                                                                        +--yes: [0] [2.0]: 2
                                                                                                                                                                                                                                                                                        +--no:  cpi_9606.ENSP00000231188 > 183.0
                                                                                                                                                                                                                                                                                               +--yes: [0] [3.0]: 3
                                                                                                                                                                                                                                                                                               +--no:  cpi_9606.ENSP00000233242 > 210.0
                                                                                                                                                                                                                                                                                                      +--yes: [0] [2.0]: 2
                                                                                                                                                                                                                                                                                                      +--no:  cpi_9606.ENSP00000260227 > 0.0
                                                                                                                                                                                                                                                                                                             +--yes: [0] [2.0]: 2
                                                                                                                                                                                                                                                                                                             +--no:  cpi_9606.ENSP00000286758 > 0.0
                                                                                                                                                                                                                                                                                                                    +--yes: [0] [2.0]: 2
                                                                                                                                                                                                                                                                                                                    +--no:  cpi_9606.ENSP00000337949 > 349.0
                                                                                                                                                                                                                                                                                                                           +--yes: [0] [2.0]: 2
                                                                                                                                                                                                                                                                                                                           +--no:  cpi_9606.ENSP00000344456 > 206.0
                                                                                                                                                                                                                                                                                                                                  +--yes: [0] [2.0]: 2
                                                                                                                                                                                                                                                                                                                                  +--no:  cpi_9606.ENSP00000348459 > 0.0
                                                                                                                                                                                                                                                                                                                                         +--yes: [0] [2.0]: 2
                                                                                                                                                                                                                                                                                                                                         +--no:  cpi_9606.ENSP00000364310 > 208.0
                                                                                                                                                                                                                                                                                                                                                +--yes: [0] [3.0]: 3
                                                                                                                                                                                                                                                                                                                                                +--no:  cpi_9606.ENSP00000231509 > 197.0
                                                                                                                                                                                                                                                                                                                                                       +--yes: cpi_9606.ENSP00000231509 > 921.0
                                                                                                                                                                                                                                                                                                                                                       |      +--yes: [1] [12.0]: 13
                                                                                                                                                                                                                                                                                                                                                       |      +--no:  cpi_9606.ENSP00000316244 > 0.0
                                                                                                                                                                                                                                                                                                                                                       |             +--yes: [1] [3.0]: 3
                                                                                                                                                                                                                                                                                                                                                       |             +--no:  cpi_9606.ENSP00000358525 > 0.0
                                                                                                                                                                                                                                                                                                                                                       |                    +--yes: [1] [2.0]: 2
                                                                                                                                                                                                                                                                                                                                                       |                    +--no:  cpi_9606.ENSP00000312286 > 0.0
                                                                                                                                                                                                                                                                                                                                                       |                           +--yes: [1] [3.0]: 4
                                                                                                                                                                                                                                                                                                                                                       |                           +--no:  [0] [13.0]: 15
                                                                                                                                                                                                                                                                                                                                                       +--no:  cpi_9606.ENSP00000361125 > 151.0
                                                                                                                                                                                                                                                                                                                                                              +--yes: cpi_9606.ENSP00000261937 > 0.0
                                                                                                                                                                                                                                                                                                                                                              |      +--yes: [1] [3.0]: 3
                                                                                                                                                                                                                                                                                                                                                              |      +--no:  [0] [9.0]: 11
                                                                                                                                                                                                                                                                                                                                                              +--no:  cpi_9606.ENSP00000226444 > 0.0
                                                                                                                                                                                                                                                                                                                                                                     +--yes: cpi_9606.ENSP00000319170 > 0.0
                                                                                                                                                                                                                                                                                                                                                                     |      +--yes: [1] [2.0]: 2
                                                                                                                                                                                                                                                                                                                                                                     |      +--no:  [0] [3.0]: 3
                                                                                                                                                                                                                                                                                                                                                                     +--no:  cpi_9606.ENSP00000267549 > 182.0
                                                                                                                                                                                                                                                                                                                                                                            +--yes: cpi_9606.ENSP00000176183 > 186.0
                                                                                                                                                                                                                                                                                                                                                                            |      +--yes: [1] [2.0]: 2
                                                                                                                                                                                                                                                                                                                                                                            |      +--no:  [0] [4.0]: 4
                                                                                                                                                                                                                                                                                                                                                                            +--no:  cpi_9606.ENSP00000367959 > 176.0
                                                                                                                                                                                                                                                                                                                                                                                   +--yes: [1] [35.0]: 36
                                                                                                                                                                                                                                                                                                                                                                                   +--no:  cpi_9606.ENSP00000359793 > 171.0
                                                                                                                                                                                                                                                                                                                                                                                          +--yes: cpi_9606.ENSP00000276414 > 0.0
                                                                                                                                                                                                                                                                                                                                                                                          |      +--yes: [1] [2.0]: 2
                                                                                                                                                                                                                                                                                                                                                                                          |      +--no:  [0] [4.0]: 4
                                                                                                                                                                                                                                                                                                                                                                                          +--no:  cpi_9606.ENSP00000371985 > 272.0
                                                                                                                                                                                                                                                                                                                                                                                                 +--yes: [0] [2.0]: 2
                                                                                                                                                                                                                                                                                                                                                                                                 +--no:  [1] [270.0]: 335

