Clus run se_C0009676_se_C0041657_se_C0002994_se_C0042571_se_C0004604_se_C0041834_se_C0085631_se_C0040822_se_C0042373_se_C0021053
********************************************************************************************************************************

Date: 3/29/26, 6:43 PM
File: train_dataset_settings.out
Attributes: 118 (input: 108, output: 10)
Missing values: No

[General]
Verbose = 1
RandomSeed = 43
ResourceInfoLoaded = No
DoNotInduce = No
LoggingProperties = logging.properties

[Data]
File = XofN_jaccard/tmp/train_dataset.arff
TestSet = XofN_jaccard/tmp/test_dataset.arff
PruneSet = None
XVal = 10
RemoveMissingTarget = No
NormalizeData = None

[Attributes]
Target = 109-118
Clustering = 109-118
Descriptive = 1-108
Key = None
Disable = None
Weights = Normalize
ClusteringWeights = 1.0
ReduceMemoryNominalAttrs = No
GIS = None

[Constraints]
Syntactic = None
MaxSize = Infinity
MaxError = 0.0
MaxDepth = Infinity

[Nominal]
MEstimate = 1.0

[Model]
MinimalWeight = 2.0
MinimalNumberExamples = 0
MinimalKnownWeight = 0.0
ParamTuneNumberFolds = 3
NominalSubsetTests = Yes
LoadFromModelFile = No

[Tree]
Heuristic = VarianceReduction
HeuristicComplexity = N2
SetDistance = GSMDistance
TupleDistance = Euclidean
TSDistance = DTW
PruningMethod = C45
FTest = 1.0
BinarySplit = Yes
ConvertToRules = No
AlternativeSplits = No
Optimize = []
MSENominal = No
SplitSampling = None
MissingClusteringAttrHandling = EstimateFromParentNode
MissingTargetAttrHandling = ParentNode
InductionOrder = DepthFirst
EntropyType = StandardEntropy
ConsiderUnlableInstancesInIGCalc = No
SpatialMatrix = Binary
SpatialMeasure = GlobalMoran
Bandwidth = 0.001
Longlat = No
NumNeightbours = 0.0
Alpha = 1.0
SplitPosition = Exact

[Multilabel]
MLCThreshold = 0.5
OptimizeThresholds = No
MultiLabelRankingMeasure = [HammingLoss]
ShowThresholds = Yes

[SemiSupervised]
SemiSupervisedMethod = PCT
StoppingCriteria = NoneAdded
UnlabeledCriteria = Threshold
ConfidenceThreshold = 0.8
ConfidenceMeasure = Variance
Iterations = 10
K = 5
UnlabeledData = 
PercentageLabeled = 5
UseWeights = No
AirbagTrials = 0
ExhaustiveSearchThresholds = [0.5,0.6,0.7,0.8,0.9,0.99]
OOBErrorCalculation = LabeledOnly
Normalization = MinMaxNormalization
Aggregation = Average
CalibrateHmcThreshold = No
PruningWhenTuning = No
InternalFolds = 5
WeightScoresFile = NO
PossibleWeights = [0.0,0.1,0.2,0.3,0.4,0.5,0.6,0.7,0.8,0.9,1.0]
IterationsSupervisionOptimisation = 0
ForceInternalXValOptimisation = No
ImputeMissingTargetValues = No
InternalFold = -1234
ProceedToMain = Yes

[Output]
ShowModels = [Default, Pruned, Others]
TrainErrors = Yes
ValidErrors = Yes
TestErrors = Yes
AllFoldModels = Yes
AllFoldErrors = No
AllFoldDatasets = No
UnknownFrequency = No
BranchFrequency = No
ShowInfo = [Count]
PrintModelAndExamples = No
WriteErrorFile = No
WriteModelFile = No
WritePerBagModelFile = Yes
WriteOOBFile = No
WritePredictions = []
GzipOutput = No
ModelIDFiles = No
WriteCurves = No
OutputPythonModel = No
PythonModelType = Object
OutputROSSubspaces = No
OutputJSONModel = No
OutputDatabaseQueries = No
OutputClowdFlowsJSON = No
ComputeSpearman = No

Run: 01
*******

Statistics
----------

FTValue (FTest): 1.0
Induction Time: 1.9400E-1 sec
Pruning Time: 1.1000E-2 sec
Prediction Time (total for ClusModel.Original): 
	0 microsecs
	0 millisecs
	0 secs
Prediction Time (average for ClusModel.Original): 0 microsecs
Model information:
     Default: Nodes = 1; Leaves = 1; Depth = 1
     Original: Nodes = 993; Leaves = 497; Depth = 32
     Pruned: Nodes = 75; Leaves = 38; Depth = 15

MultiLabelThresholds:
---------------------
Default
[5.0000E-1, 5.0000E-1, 5.0000E-1, 5.0000E-1, 5.0000E-1, 5.0000E-1, 5.0000E-1, 5.0000E-1, 5.0000E-1, 5.0000E-1]

Original
[5.0000E-1, 5.0000E-1, 5.0000E-1, 5.0000E-1, 5.0000E-1, 5.0000E-1, 5.0000E-1, 5.0000E-1, 5.0000E-1, 5.0000E-1]

Pruned
[5.0000E-1, 5.0000E-1, 5.0000E-1, 5.0000E-1, 5.0000E-1, 5.0000E-1, 5.0000E-1, 5.0000E-1, 5.0000E-1, 5.0000E-1]


Training error
--------------

Number of examples: 1180
Classification Error
   Default: 
   Attribute: se_C0009676
     REAL\PRED | 1 |    0 |
     ---------------------------
             1 | 0 |  454 |  454
             0 | 0 |  726 |  726
     ---------------------------
               | 0 | 1180 | 1180
     Accuracy: 6.152542E-1
     Cramer's coefficient: 0


   Attribute: se_C0041657
     REAL\PRED | 1 |    0 |
     ---------------------------
             1 | 0 |  439 |  439
             0 | 0 |  741 |  741
     ---------------------------
               | 0 | 1180 | 1180
     Accuracy: 6.279661E-1
     Cramer's coefficient: 0


   Attribute: se_C0002994
     REAL\PRED | 1 |    0 |
     ---------------------------
             1 | 0 |  433 |  433
             0 | 0 |  747 |  747
     ---------------------------
               | 0 | 1180 | 1180
     Accuracy: 6.330508E-1
     Cramer's coefficient: 0


   Attribute: se_C0042571
     REAL\PRED | 1 |    0 |
     ---------------------------
             1 | 0 |  416 |  416
             0 | 0 |  764 |  764
     ---------------------------
               | 0 | 1180 | 1180
     Accuracy: 6.474576E-1
     Cramer's coefficient: 0


   Attribute: se_C0004604
     REAL\PRED | 1 |    0 |
     ---------------------------
             1 | 0 |  409 |  409
             0 | 0 |  771 |  771
     ---------------------------
               | 0 | 1180 | 1180
     Accuracy: 6.533898E-1
     Cramer's coefficient: 0


   Attribute: se_C0041834
     REAL\PRED | 1 |    0 |
     ---------------------------
             1 | 0 |  392 |  392
             0 | 0 |  788 |  788
     ---------------------------
               | 0 | 1180 | 1180
     Accuracy: 6.677966E-1
     Cramer's coefficient: 0


   Attribute: se_C0085631
     REAL\PRED | 1 |    0 |
     ---------------------------
             1 | 0 |  395 |  395
             0 | 0 |  785 |  785
     ---------------------------
               | 0 | 1180 | 1180
     Accuracy: 6.652542E-1
     Cramer's coefficient: 0


   Attribute: se_C0040822
     REAL\PRED | 1 |    0 |
     ---------------------------
             1 | 0 |  385 |  385
             0 | 0 |  795 |  795
     ---------------------------
               | 0 | 1180 | 1180
     Accuracy: 6.737288E-1
     Cramer's coefficient: 0


   Attribute: se_C0042373
     REAL\PRED | 1 |    0 |
     ---------------------------
             1 | 0 |  383 |  383
             0 | 0 |  797 |  797
     ---------------------------
               | 0 | 1180 | 1180
     Accuracy: 6.754237E-1
     Cramer's coefficient: 0


   Attribute: se_C0021053
     REAL\PRED | 1 |    0 |
     ---------------------------
             1 | 0 |  362 |  362
             0 | 0 |  818 |  818
     ---------------------------
               | 0 | 1180 | 1180
     Accuracy: 6.932203E-1
     Cramer's coefficient: 0

   Original: 
   Attribute: se_C0009676
     REAL\PRED |   1 |   0 |
     ----------------------------
             1 | 426 |  28 |  454
             0 | 131 | 595 |  726
     ----------------------------
               | 557 | 623 | 1180
     Accuracy: 8.652542E-1
     Cramer's coefficient: 7.386319E-1


   Attribute: se_C0041657
     REAL\PRED |   1 |   0 |
     ----------------------------
             1 | 399 |  40 |  439
             0 | 107 | 634 |  741
     ----------------------------
               | 506 | 674 | 1180
     Accuracy: 8.754237E-1
     Cramer's coefficient: 7.466288E-1


   Attribute: se_C0002994
     REAL\PRED |   1 |   0 |
     ----------------------------
             1 | 400 |  33 |  433
             0 | 119 | 628 |  747
     ----------------------------
               | 519 | 661 | 1180
     Accuracy: 8.711864E-1
     Cramer's coefficient: 7.423147E-1


   Attribute: se_C0042571
     REAL\PRED |   1 |   0 |
     ----------------------------
             1 | 389 |  27 |  416
             0 | 117 | 647 |  764
     ----------------------------
               | 506 | 674 | 1180
     Accuracy: 8.779661E-1
     Cramer's coefficient: 7.548659E-1


   Attribute: se_C0004604
     REAL\PRED |   1 |   0 |
     ----------------------------
             1 | 380 |  29 |  409
             0 | 129 | 642 |  771
     ----------------------------
               | 509 | 671 | 1180
     Accuracy: 8.661017E-1
     Cramer's coefficient: 7.319786E-1


   Attribute: se_C0041834
     REAL\PRED |   1 |   0 |
     ----------------------------
             1 | 358 |  34 |  392
             0 | 117 | 671 |  788
     ----------------------------
               | 475 | 705 | 1180
     Accuracy: 8.720339E-1
     Cramer's coefficient: 7.345239E-1


   Attribute: se_C0085631
     REAL\PRED |   1 |   0 |
     ----------------------------
             1 | 371 |  24 |  395
             0 | 111 | 674 |  785
     ----------------------------
               | 482 | 698 | 1180
     Accuracy: 8.855932E-1
     Cramer's coefficient: 7.659449E-1


   Attribute: se_C0040822
     REAL\PRED |   1 |   0 |
     ----------------------------
             1 | 357 |  28 |  385
             0 | 103 | 692 |  795
     ----------------------------
               | 460 | 720 | 1180
     Accuracy: 8.889831E-1
     Cramer's coefficient: 7.668588E-1


   Attribute: se_C0042373
     REAL\PRED |   1 |   0 |
     ----------------------------
             1 | 350 |  33 |  383
             0 | 113 | 684 |  797
     ----------------------------
               | 463 | 717 | 1180
     Accuracy: 8.762712E-1
     Cramer's coefficient: 7.403337E-1


   Attribute: se_C0021053
     REAL\PRED |   1 |   0 |
     ----------------------------
             1 | 337 |  25 |  362
             0 | 122 | 696 |  818
     ----------------------------
               | 459 | 721 | 1180
     Accuracy: 8.754237E-1
     Cramer's coefficient: 7.395198E-1

   Pruned: 
   Attribute: se_C0009676
     REAL\PRED |   1 |   0 |
     ----------------------------
             1 | 180 | 274 |  454
             0 |  64 | 662 |  726
     ----------------------------
               | 244 | 936 | 1180
     Accuracy: 7.135593E-1
     Cramer's coefficient: 3.703968E-1


   Attribute: se_C0041657
     REAL\PRED |   1 |   0 |
     ----------------------------
             1 | 172 | 267 |  439
             0 |  89 | 652 |  741
     ----------------------------
               | 261 | 919 | 1180
     Accuracy: 6.983051E-1
     Cramer's coefficient: 3.164022E-1


   Attribute: se_C0002994
     REAL\PRED |   1 |   0 |
     ----------------------------
             1 | 152 | 281 |  433
             0 |  84 | 663 |  747
     ----------------------------
               | 236 | 944 | 1180
     Accuracy: 6.906780E-1
     Cramer's coefficient: 2.874839E-1


   Attribute: se_C0042571
     REAL\PRED |   1 |    0 |
     -----------------------------
             1 | 120 |  296 |  416
             0 |  37 |  727 |  764
     -----------------------------
               | 157 | 1023 | 1180
     Accuracy: 7.177966E-1
     Cramer's coefficient: 3.376566E-1


   Attribute: se_C0004604
     REAL\PRED |   1 |    0 |
     -----------------------------
             1 | 108 |  301 |  409
             0 |  38 |  733 |  771
     -----------------------------
               | 146 | 1034 | 1180
     Accuracy: 7.127119E-1
     Cramer's coefficient: 3.104058E-1


   Attribute: se_C0041834
     REAL\PRED |   1 |    0 |
     -----------------------------
             1 |  78 |  314 |  392
             0 |  39 |  749 |  788
     -----------------------------
               | 117 | 1063 | 1180
     Accuracy: 7.008475E-1
     Cramer's coefficient: 2.355866E-1


   Attribute: se_C0085631
     REAL\PRED |   1 |   0 |
     ----------------------------
             1 | 144 | 251 |  395
             0 |  55 | 730 |  785
     ----------------------------
               | 199 | 981 | 1180
     Accuracy: 7.406780E-1
     Cramer's coefficient: 3.711485E-1


   Attribute: se_C0040822
     REAL\PRED |   1 |   0 |
     ----------------------------
             1 | 176 | 209 |  385
             0 |  72 | 723 |  795
     ----------------------------
               | 248 | 932 | 1180
     Accuracy: 7.618644E-1
     Cramer's coefficient: 4.218374E-1


   Attribute: se_C0042373
     REAL\PRED |   1 |    0 |
     -----------------------------
             1 | 104 |  279 |  383
             0 |  36 |  761 |  797
     -----------------------------
               | 140 | 1040 | 1180
     Accuracy: 7.330508E-1
     Cramer's coefficient: 3.277697E-1


   Attribute: se_C0021053
     REAL\PRED |   1 |    0 |
     -----------------------------
             1 |  81 |  281 |  362
             0 |  34 |  784 |  818
     -----------------------------
               | 115 | 1065 | 1180
     Accuracy: 7.330508E-1
     Cramer's coefficient: 2.832936E-1

Weighted mean squared error (MSE) for Nominal Attributes (Weights [2.112,2.14,2.152,2.191,2.208,2.254,2.245,2.275,2.281,2.351])
   Default        : [1.0000E0,1.0000E0,1.0000E0,1,1,1.0000E0,1.0000E0,1.0000E0,1,1]: 1.0000E0
   Original       : [3.1773E-1,3.0531E-1,3.1617E-1,3.0414E-1,3.3397E-1,3.3171E-1,2.8478E-1,2.8208E-1,3.2053E-1,3.2643E-1]: 3.1228E-1
   Pruned         : [8.3498E-1,8.6639E-1,8.8292E-1,8.5020E-1,8.7160E-1,9.1822E-1,8.3323E-1,7.8053E-1,8.4983E-1,8.7396E-1]: 8.5619E-1
HammingLoss
   Default        : 3.4475E-1
   Original       : 1.2458E-1
   Pruned         : 2.7975E-1
RankingLoss
   Default        : 3.8352E-1
   Original       : 3.7298E-2
   Pruned         : 2.7526E-1
OneError
   Default        : 3.8475E-1
   Original       : 1.1949E-1
   Pruned         : 3.2542E-1
Coverage
   Default        : 7.8754(label cardinality: 4.0237)
   Original       : 4.8971(label cardinality: 4.0237)
   Pruned         : 7.2611(label cardinality: 4.0237)
AveragePrecision
   Default        : NaN
   Original       : NaN
   Pruned         : NaN
MLAccuracy
   Default        : 1.4322E-1
   Original       : 7.0070E-1
   Pruned         : 2.8638E-1
MLPrecision
   Default        : 1.4322E-1
   Original       : 7.4027E-1
   Pruned         : 3.5388E-1
MLRecall
   Default        : 1.4322E-1
   Original       : 8.5760E-1
   Pruned         : 3.3119E-1
MLFOneMeasure
   Default        : 1.4322E-1
   Original       : 7.6891E-1
   Pruned         : 3.2339E-1
SubsetAccuracy
   Default        : 1.4322E-1
   Original       : 3.6186E-1
   Pruned         : 1.4746E-1
MacroPrecision
   Default        : [NaN, NaN, NaN, NaN, NaN, NaN, NaN, NaN, NaN, NaN]: NaN
   Original       : [7.6481E-1, 7.8854E-1, 7.7071E-1, 7.6877E-1, 7.4656E-1, 7.5368E-1, 7.6971E-1, 7.7609E-1, 7.5594E-1, 7.3420E-1]: 7.6290E-1
   Pruned         : [7.3770E-1, 6.5900E-1, 6.4407E-1, 7.6433E-1, 7.3973E-1, 6.6667E-1, 7.2362E-1, 7.0968E-1, 7.4286E-1, 7.0435E-1]: 7.0920E-1
MacroRecall
   Default        : [0, 0, 0, 0, 0, 0, 0, 0, 0, 0]: 0
   Original       : [9.3833E-1, 9.0888E-1, 9.2379E-1, 9.3510E-1, 9.2910E-1, 9.1327E-1, 9.3924E-1, 9.2727E-1, 9.1384E-1, 9.3094E-1]: 9.2597E-1
   Pruned         : [3.9648E-1, 3.9180E-1, 3.5104E-1, 2.8846E-1, 2.6406E-1, 1.9898E-1, 3.6456E-1, 4.5714E-1, 2.7154E-1, 2.2376E-1]: 3.2078E-1
MacroFOne
   Default        : [NaN, NaN, NaN, NaN, NaN, NaN, NaN, NaN, NaN, NaN]: NaN
   Original       : [8.4273E-1, 8.4444E-1, 8.4034E-1, 8.4382E-1, 8.2789E-1, 8.2584E-1, 8.4607E-1, 8.4497E-1, 8.2742E-1, 8.2095E-1]: 8.3645E-1
   Pruned         : [5.1576E-1, 4.9143E-1, 4.5441E-1, 4.1885E-1, 3.8919E-1, 3.0648E-1, 4.8485E-1, 5.5608E-1, 3.9771E-1, 3.3962E-1]: 4.3544E-1
MicroPrecision
   Default        : NaN
   Original       : 7.6317E-1
   Pruned         : 7.0585E-1
MicroRecall
   Default        : 0
   Original       : 9.2601E-1
   Pruned         : 3.2325E-1
MicroFOne
   Default        : NaN
   Original       : 8.3674E-1
   Pruned         : 4.4343E-1
averageAUROC
   Default        : 5.000000E-1
   Original       : 9.628451E-1
   Pruned         : 6.911358E-1
averageAUPRC
   Default        : 3.447458E-1
   Original       : 9.348248E-1
   Pruned         : 5.965631E-1
weightedAUPRC
   Default        : 3.462973E-1
   Original       : 9.351509E-1
   Pruned         : 5.978741E-1
pooledAUPRC
   Default        : 3.658743E-1
   Original       : 9.355339E-1
   Pruned         : 6.055290E-1

Testing error
-------------

Number of examples: 131
Classification Error
   Default: 
   Attribute: se_C0009676
     REAL\PRED | 1 |   0 |
     -------------------------
             1 | 0 |  51 |  51
             0 | 0 |  80 |  80
     -------------------------
               | 0 | 131 | 131
     Accuracy: 6.106870E-1
     Cramer's coefficient: 0


   Attribute: se_C0041657
     REAL\PRED | 1 |   0 |
     -------------------------
             1 | 0 |  54 |  54
             0 | 0 |  77 |  77
     -------------------------
               | 0 | 131 | 131
     Accuracy: 5.877863E-1
     Cramer's coefficient: 0


   Attribute: se_C0002994
     REAL\PRED | 1 |   0 |
     -------------------------
             1 | 0 |  59 |  59
             0 | 0 |  72 |  72
     -------------------------
               | 0 | 131 | 131
     Accuracy: 5.496183E-1
     Cramer's coefficient: 0


   Attribute: se_C0042571
     REAL\PRED | 1 |   0 |
     -------------------------
             1 | 0 |  55 |  55
             0 | 0 |  76 |  76
     -------------------------
               | 0 | 131 | 131
     Accuracy: 5.801527E-1
     Cramer's coefficient: 0


   Attribute: se_C0004604
     REAL\PRED | 1 |   0 |
     -------------------------
             1 | 0 |  55 |  55
             0 | 0 |  76 |  76
     -------------------------
               | 0 | 131 | 131
     Accuracy: 5.801527E-1
     Cramer's coefficient: 0


   Attribute: se_C0041834
     REAL\PRED | 1 |   0 |
     -------------------------
             1 | 0 |  47 |  47
             0 | 0 |  84 |  84
     -------------------------
               | 0 | 131 | 131
     Accuracy: 6.412214E-1
     Cramer's coefficient: 0


   Attribute: se_C0085631
     REAL\PRED | 1 |   0 |
     -------------------------
             1 | 0 |  52 |  52
             0 | 0 |  79 |  79
     -------------------------
               | 0 | 131 | 131
     Accuracy: 6.030534E-1
     Cramer's coefficient: 0


   Attribute: se_C0040822
     REAL\PRED | 1 |   0 |
     -------------------------
             1 | 0 |  50 |  50
             0 | 0 |  81 |  81
     -------------------------
               | 0 | 131 | 131
     Accuracy: 6.183206E-1
     Cramer's coefficient: 0


   Attribute: se_C0042373
     REAL\PRED | 1 |   0 |
     -------------------------
             1 | 0 |  43 |  43
             0 | 0 |  88 |  88
     -------------------------
               | 0 | 131 | 131
     Accuracy: 6.717557E-1
     Cramer's coefficient: 0


   Attribute: se_C0021053
     REAL\PRED | 1 |   0 |
     -------------------------
             1 | 0 |  52 |  52
             0 | 0 |  79 |  79
     -------------------------
               | 0 | 131 | 131
     Accuracy: 6.030534E-1
     Cramer's coefficient: 0

   Original: 
   Attribute: se_C0009676
     REAL\PRED |  1 |  0 |
     -------------------------
             1 | 30 | 21 |  51
             0 | 37 | 43 |  80
     -------------------------
               | 67 | 64 | 131
     Accuracy: 5.572519E-1
     Cramer's coefficient: 1.226478E-1


   Attribute: se_C0041657
     REAL\PRED |  1 |  0 |
     -------------------------
             1 | 28 | 26 |  54
             0 | 28 | 49 |  77
     -------------------------
               | 56 | 75 | 131
     Accuracy: 5.877863E-1
     Cramer's coefficient: 1.541058E-1


   Attribute: se_C0002994
     REAL\PRED |  1 |  0 |
     -------------------------
             1 | 34 | 25 |  59
             0 | 25 | 47 |  72
     -------------------------
               | 59 | 72 | 131
     Accuracy: 6.183206E-1
     Cramer's coefficient: 2.290490E-1


   Attribute: se_C0042571
     REAL\PRED |  1 |  0 |
     -------------------------
             1 | 30 | 25 |  55
             0 | 26 | 50 |  76
     -------------------------
               | 56 | 75 | 131
     Accuracy: 6.106870E-1
     Cramer's coefficient: 2.028645E-1


   Attribute: se_C0004604
     REAL\PRED |  1 |  0 |
     -------------------------
             1 | 29 | 26 |  55
             0 | 25 | 51 |  76
     -------------------------
               | 54 | 77 | 131
     Accuracy: 6.106870E-1
     Cramer's coefficient: 1.988493E-1


   Attribute: se_C0041834
     REAL\PRED |  1 |  0 |
     -------------------------
             1 | 25 | 22 |  47
             0 | 25 | 59 |  84
     -------------------------
               | 50 | 81 | 131
     Accuracy: 6.412214E-1
     Cramer's coefficient: 2.313266E-1


   Attribute: se_C0085631
     REAL\PRED |  1 |  0 |
     -------------------------
             1 | 25 | 27 |  52
             0 | 21 | 58 |  79
     -------------------------
               | 46 | 85 | 131
     Accuracy: 6.335878E-1
     Cramer's coefficient: 2.203216E-1


   Attribute: se_C0040822
     REAL\PRED |  1 |  0 |
     -------------------------
             1 | 24 | 26 |  50
             0 | 26 | 55 |  81
     -------------------------
               | 50 | 81 | 131
     Accuracy: 6.030534E-1
     Cramer's coefficient: 1.590123E-1


   Attribute: se_C0042373
     REAL\PRED |  1 |  0 |
     -------------------------
             1 | 23 | 20 |  43
             0 | 32 | 56 |  88
     -------------------------
               | 55 | 76 | 131
     Accuracy: 6.030534E-1
     Cramer's coefficient: 1.629338E-1


   Attribute: se_C0021053
     REAL\PRED |  1 |  0 |
     -------------------------
             1 | 17 | 35 |  52
             0 | 23 | 56 |  79
     -------------------------
               | 40 | 91 | 131
     Accuracy: 5.572519E-1
     Cramer's coefficient: 3.801469E-2

   Pruned: 
   Attribute: se_C0009676
     REAL\PRED |  1 |  0 |
     -------------------------
             1 | 17 | 34 |  51
             0 | 15 | 65 |  80
     -------------------------
               | 32 | 99 | 131
     Accuracy: 6.259542E-1
     Cramer's coefficient: 1.654986E-1


   Attribute: se_C0041657
     REAL\PRED |  1 |   0 |
     --------------------------
             1 | 14 |  40 |  54
             0 | 12 |  65 |  77
     --------------------------
               | 26 | 105 | 131
     Accuracy: 6.030534E-1
     Cramer's coefficient: 1.276277E-1


   Attribute: se_C0002994
     REAL\PRED |  1 |   0 |
     --------------------------
             1 | 15 |  44 |  59
             0 | 13 |  59 |  72
     --------------------------
               | 28 | 103 | 131
     Accuracy: 5.648855E-1
     Cramer's coefficient: 8.942407E-2


   Attribute: se_C0042571
     REAL\PRED |  1 |   0 |
     --------------------------
             1 | 12 |  43 |  55
             0 |  6 |  70 |  76
     --------------------------
               | 18 | 113 | 131
     Accuracy: 6.259542E-1
     Cramer's coefficient: 1.995995E-1


   Attribute: se_C0004604
     REAL\PRED |  1 |   0 |
     --------------------------
             1 | 10 |  45 |  55
             0 |  9 |  67 |  76
     --------------------------
               | 19 | 112 | 131
     Accuracy: 5.877863E-1
     Cramer's coefficient: 8.885296E-2


   Attribute: se_C0041834
     REAL\PRED |  1 |   0 |
     --------------------------
             1 | 11 |  36 |  47
             0 |  9 |  75 |  84
     --------------------------
               | 20 | 111 | 131
     Accuracy: 6.564885E-1
     Cramer's coefficient: 1.692282E-1


   Attribute: se_C0085631
     REAL\PRED |  1 |   0 |
     --------------------------
             1 | 15 |  37 |  52
             0 | 13 |  66 |  79
     --------------------------
               | 28 | 103 | 131
     Accuracy: 6.183206E-1
     Cramer's coefficient: 1.478785E-1


   Attribute: se_C0040822
     REAL\PRED |  1 |  0 |
     -------------------------
             1 | 16 | 34 |  50
             0 | 16 | 65 |  81
     -------------------------
               | 32 | 99 | 131
     Accuracy: 6.183206E-1
     Cramer's coefficient: 1.384719E-1


   Attribute: se_C0042373
     REAL\PRED |  1 |   0 |
     --------------------------
             1 |  4 |  39 |  43
             0 | 13 |  75 |  88
     --------------------------
               | 17 | 114 | 131
     Accuracy: 6.030534E-1
     Cramer's coefficient: 7.643951E-2


   Attribute: se_C0021053
     REAL\PRED |  1 |   0 |
     --------------------------
             1 |  8 |  44 |  52
             0 |  9 |  70 |  79
     --------------------------
               | 17 | 114 | 131
     Accuracy: 5.954198E-1
     Cramer's coefficient: 5.812350E-2

Weighted mean squared error (MSE) for Nominal Attributes (Weights [2.112,2.14,2.152,2.191,2.208,2.254,2.245,2.275,2.281,2.351])
   Default        : [1.0044,1.044,1.0956,1.087,1.0992,1.0402,1.0923,1.0876,1.0059,1.1638]: 1.072
   Original       : [1.4471,1.2289,1.3608,1.4178,1.448,1.3647,1.4721,1.3748,1.2857,1.6953]: 1.4095
   Pruned         : [1.1074,1.0457,1.0856,1.1147,1.1292,1.0464,1.0853,1.1828,1.1242,1.2078]: 1.1129
HammingLoss
   Default        : 3.9542E-1
   Original       : 3.9771E-1
   Pruned         : 3.9008E-1
RankingLoss
   Default        : 3.7347E-1
   Original       : 3.2899E-1
   Pruned         : 3.5575E-1
OneError
   Default        : 3.8931E-1
   Original       : 5.1908E-1
   Pruned         : 3.9695E-1
Coverage
   Default        : 8.1667(label cardinality: 4.5439)
   Original       : 8.9737(label cardinality: 4.5439)
   Pruned         : 8.1579(label cardinality: 4.5439)
AveragePrecision
   Default        : NaN
   Original       : NaN
   Pruned         : NaN
MLAccuracy
   Default        : 1.2977E-1
   Original       : 2.9614E-1
   Pruned         : 2.3519E-1
MLPrecision
   Default        : 1.2977E-1
   Original       : 4.4106E-1
   Pruned         : 2.7413E-1
MLRecall
   Default        : 1.2977E-1
   Original       : 4.4778E-1
   Pruned         : 3.0241E-1
MLFOneMeasure
   Default        : 1.2977E-1
   Original       : 3.8138E-1
   Pruned         : 2.6108E-1
SubsetAccuracy
   Default        : 1.2977E-1
   Original       : 5.3435E-2
   Pruned         : 1.4504E-1
MacroPrecision
   Default        : [NaN, NaN, NaN, NaN, NaN, NaN, NaN, NaN, NaN, NaN]: NaN
   Original       : [4.4776E-1, 5.0000E-1, 5.7627E-1, 5.3571E-1, 5.3704E-1, 5.0000E-1, 5.4348E-1, 4.8000E-1, 4.1818E-1, 4.2500E-1]: 4.9634E-1
   Pruned         : [5.3125E-1, 5.3846E-1, 5.3571E-1, 6.6667E-1, 5.2632E-1, 5.5000E-1, 5.3571E-1, 5.0000E-1, 2.3529E-1, 4.7059E-1]: 5.0900E-1
MacroRecall
   Default        : [0, 0, 0, 0, 0, 0, 0, 0, 0, 0]: 0
   Original       : [5.8824E-1, 5.1852E-1, 5.7627E-1, 5.4545E-1, 5.2727E-1, 5.3191E-1, 4.8077E-1, 4.8000E-1, 5.3488E-1, 3.2692E-1]: 5.1102E-1
   Pruned         : [3.3333E-1, 2.5926E-1, 2.5424E-1, 2.1818E-1, 1.8182E-1, 2.3404E-1, 2.8846E-1, 3.2000E-1, 9.3023E-2, 1.5385E-1]: 2.3362E-1
MacroFOne
   Default        : [NaN, NaN, NaN, NaN, NaN, NaN, NaN, NaN, NaN, NaN]: NaN
   Original       : [5.0847E-1, 5.0909E-1, 5.7627E-1, 5.4054E-1, 5.3211E-1, 5.1546E-1, 5.1020E-1, 4.8000E-1, 4.6939E-1, 3.6957E-1]: 5.0111E-1
   Pruned         : [4.0964E-1, 3.5000E-1, 3.4483E-1, 3.2877E-1, 2.7027E-1, 3.2836E-1, 3.7500E-1, 3.9024E-1, 1.3333E-1, 2.3188E-1]: 3.1623E-1
MicroPrecision
   Default        : NaN
   Original       : 4.9719E-1
   Pruned         : 5.1477E-1
MicroRecall
   Default        : 0
   Original       : 5.1158E-1
   Pruned         : 2.3552E-1
MicroFOne
   Default        : NaN
   Original       : 5.0428E-1
   Pruned         : 3.2318E-1
averageAUROC
   Default        : 5.000000E-1
   Original       : 6.095940E-1
   Pruned         : 5.756279E-1
averageAUPRC
   Default        : 3.954198E-1
   Original       : 5.000482E-1
   Pruned         : 4.844146E-1
weightedAUPRC
   Default        : 3.980960E-1
   Original       : 5.030328E-1
   Pruned         : 4.885966E-1
pooledAUPRC
   Default        : 4.060957E-1
   Original       : 5.006158E-1
   Pruned         : 4.795360E-1

Default Model
*************

[0,0,0,0,0,0,0,0,0,0] [726.0,741.0,747.0,764.0,771.0,788.0,785.0,795.0,797.0,818.0]: 1180

Original Model
**************

f_656_f_613_f_285_f_14_f_255 > 3.0
+--yes: f_20_f_19_f_18_f_286_f_352 > 4.0
|      +--yes: f_33_f_293_f_353_f_368_f_349 > 3.0
|      |      +--yes: f_129_f_489_f_475_f_473_f_511 > 1.0
|      |      |      +--yes: f_143_f_146_f_145_f_256_f_358 > 0.0
|      |      |      |      +--yes: f_571_f_339_f_567_f_662_f_663 > 1.0
|      |      |      |      |      +--yes: f_186_f_185_f_179_f_660_f_678 > 1.0
|      |      |      |      |      |      +--yes: [1,1,1,1,1,0,1,1,1,1] [2.0,2.0,2.0,2.0,2.0,3.0,2.0,2.0,3.0,3.0]: 3
|      |      |      |      |      |      +--no:  [1,0,1,0,0,1,0,0,0,0] [2.0,3.0,2.0,2.0,3.0,2.0,3.0,3.0,3.0,3.0]: 3
|      |      |      |      |      +--no:  f_12_f_2_f_11_f_582_f_679 > 2.0
|      |      |      |      |             +--yes: f_612_f_559_f_461_f_497_f_543 > 2.0
|      |      |      |      |             |      +--yes: [0,0,1,0,0,1,1,0,1,1] [2.0,2.0,2.0,2.0,2.0,2.0,2.0,2.0,1.0,1.0]: 2
|      |      |      |      |             |      +--no:  f_346_f_366_f_405_f_614_f_341 > 2.0
|      |      |      |      |             |             +--yes: f_638_f_548_f_574_f_655_f_641 > 0.0
|      |      |      |      |             |             |      +--yes: f_308_f_406_f_617_f_637_f_680 > 3.0
|      |      |      |      |             |             |      |      +--yes: [0,0,1,0,0,0,0,0,0,0] [2.0,2.0,1.0,2.0,2.0,2.0,2.0,2.0,2.0,2.0]: 2
|      |      |      |      |             |             |      |      +--no:  [0,0,0,0,0,0,0,0,0,0] [4.0,4.0,4.0,4.0,4.0,4.0,4.0,4.0,4.0,4.0]: 4
|      |      |      |      |             |             |      +--no:  [0,0,1,0,0,1,0,0,0,0] [2.0,2.0,2.0,2.0,2.0,1.0,2.0,2.0,2.0,2.0]: 2
|      |      |      |      |             |             +--no:  f_181_f_180_f_628_f_549_f_464 > 3.0
|      |      |      |      |             |                    +--yes: [0,0,0,0,0,1,0,0,1,1] [2.0,2.0,2.0,2.0,2.0,2.0,2.0,2.0,2.0,2.0]: 2
|      |      |      |      |             |                    +--no:  f_638_f_548_f_574_f_655_f_641 > 0.0
|      |      |      |      |             |                           +--yes: f_308_f_406_f_617_f_637_f_680 > 2.0
|      |      |      |      |             |                           |      +--yes: [1,0,1,0,0,0,1,0,0,1] [1.0,2.0,2.0,2.0,2.0,2.0,1.0,2.0,2.0,2.0]: 2
|      |      |      |      |             |                           |      +--no:  [0,0,1,0,0,0,0,0,0,0] [2.0,2.0,1.0,2.0,2.0,2.0,2.0,2.0,2.0,2.0]: 2
|      |      |      |      |             |                           +--no:  f_685_f_694_f_17_f_22_f_687 > 0.0
|      |      |      |      |             |                                  +--yes: [0,0,0,0,1,1,1,0,1,1] [2.0,2.0,2.0,2.0,1.0,1.0,2.0,2.0,1.0,1.0]: 2
|      |      |      |      |             |                                  +--no:  [1,0,0,0,0,0,1,0,0,0] [2.0,2.0,3.0,3.0,3.0,2.0,3.0,2.0,3.0,3.0]: 3
|      |      |      |      |             +--no:  f_516_f_434_f_446_f_556_f_490 > 3.0
|      |      |      |      |                    +--yes: [0,0,0,0,0,0,1,0,0,0] [3.0,2.0,3.0,3.0,3.0,3.0,2.0,3.0,3.0,3.0]: 3
|      |      |      |      |                    +--no:  [1,1,0,1,1,0,1,1,0,0] [2.0,2.0,2.0,1.0,1.0,2.0,2.0,1.0,2.0,2.0]: 2
|      |      |      |      +--no:  [1,1,1,1,1,0,1,1,0,1] [2.0,1.0,2.0,1.0,1.0,2.0,2.0,1.0,2.0,2.0]: 2
|      |      |      +--no:  f_374_f_1_f_10_f_283_f_284 > 4.0
|      |      |             +--yes: f_241_f_244_f_243_f_258_f_386 > 3.0
|      |      |             |      +--yes: f_308_f_406_f_617_f_637_f_680 > 4.0
|      |      |             |      |      +--yes: f_150_f_153_f_152_f_157_f_160 > 3.0
|      |      |             |      |      |      +--yes: f_193_f_199_f_206_f_200_f_207 > 1.0
|      |      |             |      |      |      |      +--yes: [0,0,1,1,0,1,0,0,1,0] [3.0,3.0,2.0,2.0,3.0,3.0,3.0,3.0,3.0,2.0]: 3
|      |      |             |      |      |      |      +--no:  [0,1,1,1,1,1,0,0,1,1] [2.0,2.0,2.0,1.0,2.0,2.0,2.0,2.0,2.0,1.0]: 2
|      |      |             |      |      |      +--no:  f_667_f_590_f_382_f_651_f_606 > 3.0
|      |      |             |      |      |             +--yes: [0,0,0,0,0,0,0,0,0,0] [3.0,3.0,2.0,2.0,2.0,3.0,3.0,3.0,2.0,3.0]: 3
|      |      |             |      |      |             +--no:  [0,1,0,0,0,1,0,0,1,0] [2.0,2.0,2.0,2.0,2.0,1.0,2.0,2.0,1.0,2.0]: 2
|      |      |             |      |      +--no:  [0,1,1,1,1,1,1,1,1,1] [2.0,1.0,1.0,2.0,1.0,2.0,1.0,1.0,1.0,2.0]: 2
|      |      |             |      +--no:  f_193_f_199_f_206_f_200_f_207 > 3.0
|      |      |             |             +--yes: f_413_f_35_f_159_f_167_f_166 > 2.0
|      |      |             |             |      +--yes: [1,1,0,0,0,1,1,0,1,1] [1.0,1.0,2.0,2.0,2.0,1.0,1.0,2.0,1.0,1.0]: 2
|      |      |             |             |      +--no:  f_639_f_681_f_690_f_701_f_700 > 0.0
|      |      |             |             |             +--yes: [1,1,1,0,1,1,1,1,0,1] [2.0,2.0,2.0,2.0,2.0,2.0,1.0,2.0,2.0,2.0]: 2
|      |      |             |             |             +--no:  [1,1,1,0,1,1,1,1,1,1] [1.0,2.0,2.0,2.0,2.0,2.0,1.0,1.0,1.0,2.0]: 2
|      |      |             |             +--no:  f_408_f_736_f_799_f_820_f_757 > 0.0
|      |      |             |                    +--yes: [0,1,1,1,1,0,1,1,0,1] [2.0,2.0,3.0,2.0,2.0,3.0,2.0,3.0,2.0,2.0]: 3
|      |      |             |                    +--no:  f_213_f_216_f_215_f_131_f_132 > 1.0
|      |      |             |                           +--yes: f_335_f_712_f_697_f_696_f_688 > 1.0
|      |      |             |                           |      +--yes: [1,1,1,1,0,1,1,1,1,1] [1.0,2.0,1.0,2.0,2.0,2.0,1.0,2.0,2.0,1.0]: 2
|      |      |             |                           |      +--no:  [1,1,1,0,1,1,1,0,1,1] [1.0,1.0,1.0,2.0,1.0,1.0,1.0,2.0,1.0,2.0]: 2
|      |      |             |                           +--no:  f_599_f_640_f_524_f_441_f_416 > 3.0
|      |      |             |                                  +--yes: f_193_f_199_f_206_f_200_f_207 > 1.0
|      |      |             |                                  |      +--yes: [0,0,0,0,1,0,0,0,1,1] [3.0,2.0,3.0,3.0,3.0,2.0,2.0,3.0,3.0,2.0]: 3
|      |      |             |                                  |      +--no:  f_821_f_758_f_377_f_600_f_665 > 1.0
|      |      |             |                                  |             +--yes: [0,0,1,0,1,0,0,0,0,1] [2.0,2.0,2.0,3.0,2.0,3.0,3.0,3.0,2.0,3.0]: 3
|      |      |             |                                  |             +--no:  f_391_f_540_f_365_f_345_f_390 > 4.0
|      |      |             |                                  |                    +--yes: f_257_f_384_f_552_f_520_f_470 > 4.0
|      |      |             |                                  |                    |      +--yes: f_193_f_199_f_206_f_200_f_207 > 0.0
|      |      |             |                                  |                    |      |      +--yes: [1,0,0,0,0,0,0,0,1,1] [2.0,3.0,2.0,3.0,3.0,3.0,2.0,3.0,2.0,2.0]: 3
|      |      |             |                                  |                    |      |      +--no:  [0,0,0,0,0,0,0,0,0,0] [3.0,2.0,3.0,3.0,3.0,3.0,3.0,3.0,2.0,3.0]: 3
|      |      |             |                                  |                    |      +--no:  f_346_f_366_f_405_f_614_f_341 > 2.0
|      |      |             |                                  |                    |             +--yes: [0,1,0,0,1,1,0,0,1,1] [2.0,1.0,2.0,2.0,1.0,1.0,2.0,2.0,2.0,2.0]: 2
|      |      |             |                                  |                    |             +--no:  [0,0,0,0,1,0,0,0,1,1] [2.0,2.0,2.0,2.0,1.0,2.0,2.0,2.0,2.0,2.0]: 2
|      |      |             |                                  |                    +--no:  f_338_f_340_f_592_f_683_f_351 > 4.0
|      |      |             |                                  |                           +--yes: [0,0,0,0,0,0,0,0,0,0] [3.0,3.0,2.0,3.0,3.0,3.0,3.0,3.0,3.0,3.0]: 3
|      |      |             |                                  |                           +--no:  [0,1,0,0,0,0,0,0,0,0] [2.0,2.0,2.0,2.0,2.0,2.0,2.0,2.0,2.0,2.0]: 2
|      |      |             |                                  +--no:  [0,0,1,1,0,1,0,0,0,0] [3.0,3.0,2.0,2.0,2.0,2.0,3.0,3.0,3.0,2.0]: 3
|      |      |             +--no:  f_611_f_569_f_16_f_418_f_453 > 3.0
|      |      |                    +--yes: [0,0,0,1,0,0,0,1,0,1] [2.0,2.0,2.0,1.0,2.0,2.0,2.0,1.0,2.0,1.0]: 2
|      |      |                    +--no:  [0,0,0,0,0,0,0,0,0,0] [3.0,3.0,3.0,3.0,3.0,3.0,3.0,3.0,2.0,3.0]: 3
|      |      +--no:  f_193_f_199_f_206_f_200_f_207 > 2.0
|      |             +--yes: f_597_f_356_f_677_f_584_f_578 > 4.0
|      |             |      +--yes: f_251_f_250_f_187_f_188_f_577 > 1.0
|      |             |      |      +--yes: [1,1,0,1,1,1,1,1,1,1] [2.0,2.0,2.0,2.0,2.0,2.0,2.0,2.0,2.0,2.0]: 2
|      |             |      |      +--no:  f_566_f_659_f_615_f_15_f_178 > 2.0
|      |             |      |             +--yes: f_776_f_711_f_334_f_242_f_860 > 0.0
|      |             |      |             |      +--yes: f_451_f_645_f_439_f_646_f_536 > 4.0
|      |             |      |             |      |      +--yes: [1,0,1,0,1,1,0,0,1,1] [2.0,3.0,2.0,3.0,2.0,2.0,2.0,2.0,2.0,3.0]: 3
|      |             |      |             |      |      +--no:  f_451_f_645_f_439_f_646_f_536 > 0.0
|      |             |      |             |      |             +--yes: [0,0,0,1,1,0,1,0,1,0] [2.0,2.0,2.0,1.0,2.0,2.0,1.0,2.0,1.0,2.0]: 2
|      |             |      |             |      |             +--no:  [0,0,1,1,1,1,0,0,1,1] [2.0,2.0,1.0,2.0,1.0,1.0,2.0,2.0,1.0,1.0]: 2
|      |             |      |             |      +--no:  f_374_f_1_f_10_f_283_f_284 > 4.0
|      |             |      |             |             +--yes: [0,0,1,1,1,1,0,0,0,0] [2.0,2.0,1.0,2.0,1.0,2.0,2.0,2.0,2.0,2.0]: 2
|      |             |      |             |             +--no:  [0,0,0,1,1,1,0,0,0,0] [2.0,2.0,2.0,2.0,2.0,1.0,2.0,2.0,2.0,2.0]: 2
|      |             |      |             +--no:  [1,1,1,1,1,0,1,1,1,0] [1.0,2.0,2.0,1.0,1.0,2.0,2.0,1.0,1.0,2.0]: 2
|      |             |      +--no:  f_800_f_737_f_437_f_585_f_657 > 3.0
|      |             |             +--yes: [1,0,0,1,0,0,1,1,0,0] [1.0,2.0,2.0,2.0,2.0,2.0,1.0,1.0,2.0,2.0]: 2
|      |             |             +--no:  f_682_f_702_f_691_f_703_f_695 > 0.0
|      |             |                    +--yes: f_535_f_579_f_684_f_692_f_704 > 2.0
|      |             |                    |      +--yes: f_192_f_248_f_818_f_797_f_249 > 2.0
|      |             |                    |      |      +--yes: f_450_f_487_f_519_f_596_f_504 > 0.0
|      |             |                    |      |      |      +--yes: [0,0,0,0,0,1,0,0,0,1] [3.0,3.0,3.0,2.0,3.0,2.0,3.0,3.0,3.0,2.0]: 3
|      |             |                    |      |      |      +--no:  f_308_f_406_f_617_f_637_f_680 > 3.0
|      |             |                    |      |      |             +--yes: [0,0,1,0,1,1,0,0,0,0] [2.0,2.0,1.0,2.0,2.0,1.0,2.0,2.0,2.0,2.0]: 2
|      |             |                    |      |      |             +--no:  [0,0,0,0,1,1,0,0,1,1] [2.0,2.0,2.0,2.0,2.0,2.0,2.0,2.0,1.0,1.0]: 2
|      |             |                    |      |      +--no:  [0,0,1,0,0,1,0,0,0,1] [2.0,2.0,2.0,2.0,2.0,1.0,2.0,2.0,2.0,2.0]: 2
|      |             |                    |      +--no:  f_3_f_13_f_21_f_581_f_642 > 2.0
|      |             |                    |             +--yes: [0,0,0,0,0,1,0,0,1,1] [2.0,2.0,2.0,2.0,2.0,2.0,2.0,2.0,2.0,2.0]: 2
|      |             |                    |             +--no:  [0,0,0,0,0,1,0,0,1,0] [3.0,3.0,2.0,3.0,3.0,3.0,3.0,3.0,2.0,2.0]: 3
|      |             |                    +--no:  [0,0,0,0,0,0,1,0,0,0] [2.0,2.0,2.0,2.0,2.0,2.0,1.0,2.0,2.0,2.0]: 2
|      |             +--no:  f_588_f_749_f_812_f_826_f_763 > 2.0
|      |                    +--yes: f_3_f_13_f_21_f_581_f_642 > 2.0
|      |                    |      +--yes: [1,1,1,1,1,0,0,1,1,1] [2.0,2.0,1.0,2.0,2.0,2.0,2.0,2.0,2.0,1.0]: 2
|      |                    |      +--no:  [1,1,1,1,1,1,1,1,1,1] [3.0,3.0,3.0,3.0,3.0,3.0,3.0,3.0,2.0,2.0]: 3
|      |                    +--no:  f_261_f_385_f_399_f_527_f_400 > 3.0
|      |                           +--yes: f_413_f_35_f_159_f_167_f_166 > 1.0
|      |                           |      +--yes: f_335_f_712_f_697_f_696_f_688 > 4.0
|      |                           |      |      +--yes: f_192_f_248_f_818_f_797_f_249 > 0.0
|      |                           |      |      |      +--yes: [1,0,1,1,1,1,0,1,1,1] [1.0,2.0,1.0,1.0,2.0,1.0,2.0,1.0,2.0,1.0]: 2
|      |                           |      |      |      +--no:  [0,1,0,1,1,0,0,0,1,1] [2.0,2.0,3.0,2.0,3.0,2.0,3.0,2.0,3.0,3.0]: 3
|      |                           |      |      +--no:  [1,0,0,0,1,1,1,1,1,1] [1.0,2.0,2.0,2.0,2.0,1.0,1.0,1.0,2.0,1.0]: 2
|      |                           |      +--no:  f_571_f_339_f_567_f_662_f_663 > 1.0
|      |                           |             +--yes: [1,1,1,1,1,0,0,0,1,1] [2.0,3.0,3.0,3.0,3.0,2.0,3.0,2.0,3.0,3.0]: 3
|      |                           |             +--no:  [1,1,0,1,1,1,1,1,1,1] [2.0,2.0,2.0,2.0,1.0,1.0,2.0,1.0,2.0,1.0]: 2
|      |                           +--no:  f_300_f_515_f_517_f_422_f_467 > 3.0
|      |                                  +--yes: f_593_f_387_f_482_f_506_f_472 > 2.0
|      |                                  |      +--yes: f_335_f_712_f_697_f_696_f_688 > 0.0
|      |                                  |      |      +--yes: [0,1,1,1,1,1,0,0,1,1] [2.0,1.0,2.0,2.0,2.0,1.0,2.0,2.0,1.0,1.0]: 2
|      |                                  |      |      +--no:  [0,1,1,0,0,1,0,1,1,1] [2.0,2.0,1.0,2.0,2.0,1.0,2.0,1.0,2.0,2.0]: 2
|      |                                  |      +--no:  f_571_f_339_f_567_f_662_f_663 > 2.0
|      |                                  |             +--yes: [1,1,1,1,1,1,1,1,1,1] [2.0,2.0,2.0,2.0,2.0,1.0,1.0,2.0,2.0,2.0]: 2
|      |                                  |             +--no:  [1,1,0,1,1,1,1,1,1,1] [2.0,2.0,3.0,3.0,3.0,3.0,3.0,3.0,3.0,3.0]: 3
|      |                                  +--no:  f_227_f_230_f_229_f_631_f_544 > 1.0
|      |                                         +--yes: f_3_f_13_f_21_f_581_f_642 > 3.0
|      |                                         |      +--yes: [1,0,0,0,1,1,0,0,1,1] [3.0,2.0,3.0,2.0,3.0,3.0,3.0,2.0,3.0,3.0]: 3
|      |                                         |      +--no:  f_346_f_366_f_405_f_614_f_341 > 1.0
|      |                                         |             +--yes: f_620_f_632_f_565_f_476_f_381 > 3.0
|      |                                         |             |      +--yes: f_181_f_180_f_628_f_549_f_464 > 2.0
|      |                                         |             |      |      +--yes: [0,0,0,0,0,0,1,1,1,0] [2.0,2.0,2.0,2.0,2.0,2.0,2.0,2.0,2.0,2.0]: 2
|      |                                         |             |      |      +--no:  f_335_f_712_f_697_f_696_f_688 > 4.0
|      |                                         |             |      |             +--yes: [1,1,0,0,0,1,1,1,0,0] [2.0,2.0,2.0,2.0,2.0,2.0,2.0,2.0,2.0,2.0]: 3
|      |                                         |             |      |             +--no:  [1,1,0,1,1,0,1,1,1,1] [2.0,2.0,2.0,3.0,2.0,3.0,3.0,2.0,3.0,3.0]: 3
|      |                                         |             |      +--no:  f_186_f_185_f_179_f_660_f_678 > 3.0
|      |                                         |             |             +--yes: [1,1,1,1,0,1,1,0,1,1] [1.0,2.0,2.0,2.0,2.0,2.0,1.0,2.0,2.0,1.0]: 2
|      |                                         |             |             +--no:  [1,1,1,1,1,1,1,1,1,1] [2.0,2.0,2.0,2.0,1.0,2.0,2.0,2.0,1.0,2.0]: 2
|      |                                         |             +--no:  f_143_f_146_f_145_f_256_f_358 > 0.0
|      |                                         |                    +--yes: [0,1,1,1,0,0,0,1,0,0] [2.0,2.0,1.0,1.0,2.0,2.0,2.0,1.0,2.0,2.0]: 2
|      |                                         |                    +--no:  [1,1,1,1,1,0,1,1,0,0] [2.0,2.0,1.0,1.0,2.0,2.0,2.0,2.0,2.0,2.0]: 2
|      |                                         +--no:  f_46_f_298_f_350_f_47_f_785 > 3.0
|      |                                                +--yes: f_308_f_406_f_617_f_637_f_680 > 3.0
|      |                                                |      +--yes: f_682_f_702_f_691_f_703_f_695 > 1.0
|      |                                                |      |      +--yes: [1,1,1,0,0,1,0,1,0,0] [1.0,2.0,2.0,2.0,2.0,2.0,2.0,2.0,2.0,2.0]: 2
|      |                                                |      |      +--no:  [1,0,1,0,0,1,1,1,0,0] [2.0,2.0,2.0,3.0,2.0,2.0,3.0,2.0,3.0,3.0]: 3
|      |                                                |      +--no:  [1,1,1,1,1,1,1,1,1,1] [4.0,4.0,3.0,3.0,4.0,3.0,4.0,3.0,3.0,3.0]: 4
|      |                                                +--no:  f_192_f_248_f_818_f_797_f_249 > 2.0
|      |                                                       +--yes: f_451_f_645_f_439_f_646_f_536 > 4.0
|      |                                                       |      +--yes: [0,1,1,1,1,0,0,0,0,0] [3.0,3.0,3.0,2.0,2.0,3.0,3.0,3.0,2.0,2.0]: 3
|      |                                                       |      +--no:  f_639_f_681_f_690_f_701_f_700 > 4.0
|      |                                                       |             +--yes: f_682_f_702_f_691_f_703_f_695 > 0.0
|      |                                                       |             |      +--yes: [1,0,0,0,0,0,0,0,0,1] [2.0,2.0,2.0,2.0,2.0,2.0,2.0,2.0,2.0,1.0]: 2
|      |                                                       |             |      +--no:  [1,1,0,0,1,0,1,1,1,1] [2.0,1.0,2.0,2.0,1.0,2.0,1.0,1.0,1.0,1.0]: 2
|      |                                                       |             +--no:  f_667_f_590_f_382_f_651_f_606 > 4.0
|      |                                                       |                    +--yes: f_639_f_681_f_690_f_701_f_700 > 3.0
|      |                                                       |                    |      +--yes: [0,0,1,0,0,0,0,0,0,0] [3.0,3.0,3.0,3.0,3.0,3.0,3.0,3.0,3.0,2.0]: 3
|      |                                                       |                    |      +--no:  [1,0,1,0,1,1,0,0,1,1] [1.0,2.0,2.0,2.0,2.0,1.0,2.0,2.0,1.0,1.0]: 2
|      |                                                       |                    +--no:  f_699_f_798_f_735_f_777_f_714 > 4.0
|      |                                                       |                           +--yes: [0,0,1,0,0,0,0,0,0,0] [2.0,3.0,3.0,2.0,3.0,2.0,3.0,3.0,3.0,3.0]: 3
|      |                                                       |                           +--no:  f_699_f_798_f_735_f_777_f_714 > 0.0
|      |                                                       |                                  +--yes: f_338_f_340_f_592_f_683_f_351 > 3.0
|      |                                                       |                                  |      +--yes: [0,0,0,0,0,0,0,0,0,0] [3.0,3.0,3.0,3.0,3.0,3.0,3.0,3.0,3.0,3.0]: 3
|      |                                                       |                                  |      +--no:  [0,1,0,0,0,0,0,0,0,0] [2.0,1.0,2.0,2.0,2.0,2.0,2.0,2.0,2.0,2.0]: 2
|      |                                                       |                                  +--no:  [1,0,0,1,1,0,0,0,0,0] [1.0,2.0,2.0,1.0,1.0,2.0,2.0,2.0,2.0,2.0]: 2
|      |                                                       +--no:  f_821_f_758_f_377_f_600_f_665 > 0.0
|      |                                                              +--yes: f_698_f_689_f_573_f_619_f_498 > 0.0
|      |                                                              |      +--yes: f_698_f_689_f_573_f_619_f_498 > 4.0
|      |                                                              |      |      +--yes: f_643_f_393_f_299_f_392_f_528 > 3.0
|      |                                                              |      |      |      +--yes: f_612_f_559_f_461_f_497_f_543 > 0.0
|      |                                                              |      |      |      |      +--yes: f_566_f_659_f_615_f_15_f_178 > 4.0
|      |                                                              |      |      |      |      |      +--yes: [0,0,0,0,0,0,0,0,0,0] [3.0,3.0,3.0,2.0,2.0,2.0,3.0,3.0,3.0,3.0]: 3
|      |                                                              |      |      |      |      |      +--no:  [0,0,1,0,1,0,1,1,0,1] [2.0,2.0,2.0,2.0,2.0,2.0,1.0,1.0,2.0,1.0]: 2
|      |                                                              |      |      |      |      +--no:  f_3_f_13_f_21_f_581_f_642 > 0.0
|      |                                                              |      |      |      |             +--yes: [1,1,0,1,1,0,0,1,1,0] [2.0,1.0,2.0,1.0,1.0,2.0,2.0,1.0,1.0,2.0]: 2
|      |                                                              |      |      |      |             +--no:  [1,1,0,1,0,1,1,1,1,1] [2.0,1.0,2.0,1.0,2.0,2.0,1.0,1.0,2.0,1.0]: 2
|      |                                                              |      |      |      +--no:  f_667_f_590_f_382_f_651_f_606 > 3.0
|      |                                                              |      |      |             +--yes: [1,1,0,1,1,0,0,0,1,1] [1.0,1.0,2.0,1.0,1.0,2.0,2.0,2.0,2.0,2.0]: 2
|      |                                                              |      |      |             +--no:  f_346_f_366_f_405_f_614_f_341 > 3.0
|      |                                                              |      |      |                    +--yes: [0,0,1,0,0,1,0,0,1,1] [3.0,3.0,3.0,3.0,3.0,2.0,3.0,3.0,3.0,2.0]: 3
|      |                                                              |      |      |                    +--no:  f_308_f_406_f_617_f_637_f_680 > 2.0
|      |                                                              |      |      |                           +--yes: [1,1,1,1,0,1,0,0,0,0] [1.0,1.0,2.0,1.0,2.0,1.0,2.0,2.0,2.0,2.0]: 2
|      |                                                              |      |      |                           +--no:  [0,0,1,0,0,0,0,0,0,1] [3.0,2.0,2.0,2.0,3.0,2.0,3.0,3.0,3.0,3.0]: 3
|      |                                                              |      |      +--no:  f_566_f_659_f_615_f_15_f_178 > 4.0
|      |                                                              |      |             +--yes: f_672_f_553_f_671_f_493_f_623 > 0.0
|      |                                                              |      |             |      +--yes: f_3_f_13_f_21_f_581_f_642 > 0.0
|      |                                                              |      |             |      |      +--yes: [1,1,1,1,0,1,0,0,1,1] [1.0,2.0,1.0,1.0,2.0,1.0,2.0,2.0,2.0,2.0]: 2
|      |                                                              |      |             |      |      +--no:  [1,1,0,1,0,0,1,1,0,0] [1.0,2.0,2.0,2.0,2.0,2.0,1.0,1.0,2.0,2.0]: 2
|      |                                                              |      |             |      +--no:  f_335_f_712_f_697_f_696_f_688 > 2.0
|      |                                                              |      |             |             +--yes: f_186_f_185_f_179_f_660_f_678 > 1.0
|      |                                                              |      |             |             |      +--yes: [1,1,1,1,1,0,1,0,1,1] [1.0,2.0,2.0,2.0,2.0,2.0,1.0,2.0,2.0,2.0]: 2
|      |                                                              |      |             |             |      +--no:  [1,1,1,1,1,1,1,1,1,0] [2.0,2.0,2.0,2.0,2.0,2.0,1.0,1.0,1.0,2.0]: 2
|      |                                                              |      |             |             +--no:  f_643_f_393_f_299_f_392_f_528 > 2.0
|      |                                                              |      |             |                    +--yes: [0,1,1,1,1,0,0,0,0,0] [3.0,3.0,3.0,2.0,3.0,3.0,3.0,3.0,2.0,3.0]: 3
|      |                                                              |      |             |                    +--no:  [1,1,0,1,1,0,0,1,0,0] [3.0,3.0,2.0,2.0,3.0,3.0,2.0,3.0,2.0,3.0]: 3
|      |                                                              |      |             +--no:  f_686_f_693_f_705_f_432_f_537 > 0.0
|      |                                                              |      |                    +--yes: f_571_f_339_f_567_f_662_f_663 > 2.0
|      |                                                              |      |                    |      +--yes: [0,0,0,0,0,0,0,0,1,1] [3.0,2.0,2.0,3.0,3.0,3.0,3.0,3.0,2.0,2.0]: 3
|      |                                                              |      |                    |      +--no:  f_33_f_293_f_353_f_368_f_349 > 0.0
|      |                                                              |      |                    |             +--yes: [1,0,1,1,0,0,0,0,0,0] [3.0,2.0,3.0,2.0,3.0,2.0,3.0,2.0,2.0,3.0]: 3
|      |                                                              |      |                    |             +--no:  f_638_f_548_f_574_f_655_f_641 > 0.0
|      |                                                              |      |                    |                    +--yes: f_672_f_553_f_671_f_493_f_623 > 0.0
|      |                                                              |      |                    |                    |      +--yes: [1,1,1,0,1,0,1,0,0,1] [1.0,1.0,2.0,2.0,2.0,2.0,2.0,2.0,2.0,2.0]: 2
|      |                                                              |      |                    |                    |      +--no:  [0,1,1,1,1,0,1,1,0,1] [2.0,1.0,2.0,2.0,2.0,2.0,2.0,2.0,2.0,1.0]: 2
|      |                                                              |      |                    |                    +--no:  f_580_f_624_f_673_f_523_f_538 > 2.0
|      |                                                              |      |                    |                           +--yes: [0,1,1,1,1,0,0,1,1,1] [2.0,2.0,1.0,1.0,2.0,2.0,2.0,1.0,2.0,2.0]: 2
|      |                                                              |      |                    |                           +--no:  [1,1,1,1,1,1,0,1,1,1] [3.0,3.0,3.0,3.0,2.0,2.0,2.0,3.0,2.0,2.0]: 3
|      |                                                              |      |                    +--no:  f_181_f_180_f_628_f_549_f_464 > 3.0
|      |                                                              |      |                           +--yes: f_251_f_250_f_187_f_188_f_577 > 1.0
|      |                                                              |      |                           |      +--yes: f_335_f_712_f_697_f_696_f_688 > 1.0
|      |                                                              |      |                           |      |      +--yes: [1,0,0,0,1,0,0,0,1,0] [1.0,2.0,2.0,2.0,1.0,2.0,2.0,2.0,2.0,2.0]: 2
|      |                                                              |      |                           |      |      +--no:  [0,1,0,0,1,1,0,0,0,0] [2.0,1.0,2.0,2.0,1.0,1.0,2.0,2.0,2.0,2.0]: 2
|      |                                                              |      |                           |      +--no:  f_3_f_13_f_21_f_581_f_642 > 1.0
|      |                                                              |      |                           |             +--yes: [1,1,1,0,1,0,1,0,1,1] [1.0,2.0,2.0,2.0,2.0,2.0,1.0,2.0,2.0,2.0]: 2
|      |                                                              |      |                           |             +--no:  [1,1,1,1,1,0,0,1,1,1] [1.0,2.0,2.0,2.0,1.0,2.0,2.0,1.0,2.0,1.0]: 2
|      |                                                              |      |                           +--no:  f_335_f_712_f_697_f_696_f_688 > 1.0
|      |                                                              |      |                                  +--yes: f_639_f_681_f_690_f_701_f_700 > 0.0
|      |                                                              |      |                                  |      +--yes: [0,0,1,0,0,0,0,0,0,1] [2.0,3.0,3.0,3.0,3.0,3.0,3.0,2.0,3.0,2.0]: 3
|      |                                                              |      |                                  |      +--no:  f_186_f_185_f_179_f_660_f_678 > 2.0
|      |                                                              |      |                                  |             +--yes: f_346_f_366_f_405_f_614_f_341 > 0.0
|      |                                                              |      |                                  |             |      +--yes: [0,1,1,0,0,0,0,0,0,0] [2.0,1.0,1.0,2.0,2.0,2.0,2.0,2.0,2.0,2.0]: 2
|      |                                                              |      |                                  |             |      +--no:  [0,1,0,1,0,0,0,0,0,0] [2.0,2.0,2.0,1.0,2.0,2.0,2.0,2.0,2.0,2.0]: 2
|      |                                                              |      |                                  |             +--no:  [0,0,1,0,1,0,0,0,0,0] [2.0,2.0,1.0,2.0,1.0,2.0,2.0,2.0,2.0,2.0]: 2
|      |                                                              |      |                                  +--no:  [1,1,0,1,0,0,1,1,0,0] [2.0,1.0,2.0,1.0,2.0,2.0,2.0,1.0,2.0,2.0]: 2
|      |                                                              |      +--no:  f_181_f_180_f_628_f_549_f_464 > 3.0
|      |                                                              |             +--yes: f_821_f_758_f_377_f_600_f_665 > 2.0
|      |                                                              |             |      +--yes: f_12_f_2_f_11_f_582_f_679 > 4.0
|      |                                                              |             |      |      +--yes: f_308_f_406_f_617_f_637_f_680 > 0.0
|      |                                                              |             |      |      |      +--yes: [1,0,0,0,0,1,1,0,1,1] [3.0,2.0,3.0,2.0,2.0,3.0,2.0,2.0,2.0,2.0]: 3
|      |                                                              |             |      |      |      +--no:  [0,0,1,1,1,1,0,0,1,0] [2.0,2.0,1.0,1.0,1.0,2.0,2.0,2.0,1.0,2.0]: 2
|      |                                                              |             |      |      +--no:  [1,0,0,1,1,0,0,1,1,0] [2.0,2.0,2.0,2.0,2.0,2.0,2.0,2.0,1.0,2.0]: 2
|      |                                                              |             |      +--no:  f_287_f_23_f_24_f_363_f_364 > 0.0
|      |                                                              |             |             +--yes: [1,0,0,0,1,0,1,0,0,0] [2.0,2.0,2.0,2.0,1.0,2.0,2.0,2.0,2.0,2.0]: 2
|      |                                                              |             |             +--no:  f_346_f_366_f_405_f_614_f_341 > 3.0
|      |                                                              |             |                    +--yes: f_338_f_340_f_592_f_683_f_351 > 2.0
|      |                                                              |             |                    |      +--yes: [1,1,1,0,1,0,1,1,0,0] [1.0,1.0,2.0,2.0,2.0,2.0,1.0,1.0,2.0,2.0]: 2
|      |                                                              |             |                    |      +--no:  [0,0,1,0,1,0,0,0,0,1] [2.0,2.0,2.0,2.0,2.0,2.0,2.0,2.0,2.0,2.0]: 2
|      |                                                              |             |                    +--no:  f_308_f_406_f_617_f_637_f_680 > 0.0
|      |                                                              |             |                           +--yes: [0,0,0,0,1,0,0,0,0,0] [2.0,2.0,2.0,2.0,1.0,2.0,2.0,2.0,2.0,2.0]: 2
|      |                                                              |             |                           +--no:  [0,1,1,1,1,0,0,0,0,0] [2.0,1.0,1.0,1.0,2.0,2.0,2.0,2.0,2.0,2.0]: 2
|      |                                                              |             +--no:  f_346_f_366_f_405_f_614_f_341 > 3.0
|      |                                                              |                    +--yes: [0,0,1,0,1,1,1,0,1,1] [2.0,2.0,1.0,2.0,1.0,1.0,1.0,2.0,1.0,1.0]: 2
|      |                                                              |                    +--no:  f_654_f_560_f_375_f_636_f_674 > 1.0
|      |                                                              |                           +--yes: f_374_f_1_f_10_f_283_f_284 > 4.0
|      |                                                              |                           |      +--yes: [0,1,0,0,0,0,0,0,0,0] [3.0,2.0,3.0,3.0,2.0,3.0,3.0,3.0,3.0,3.0]: 3
|      |                                                              |                           |      +--no:  [0,1,0,0,0,1,0,0,0,0] [2.0,3.0,3.0,3.0,3.0,2.0,3.0,3.0,3.0,3.0]: 3
|      |                                                              |                           +--no:  [0,0,0,0,0,0,0,0,0,0] [4.0,4.0,4.0,4.0,4.0,4.0,4.0,4.0,4.0,4.0]: 4
|      |                                                              +--no:  f_638_f_548_f_574_f_655_f_641 > 0.0
|      |                                                                     +--yes: f_602_f_357_f_431_f_396_f_403 > 0.0
|      |                                                                     |      +--yes: f_698_f_689_f_573_f_619_f_498 > 0.0
|      |                                                                     |      |      +--yes: f_672_f_553_f_671_f_493_f_623 > 2.0
|      |                                                                     |      |      |      +--yes: [0,1,0,1,1,0,0,1,0,1] [2.0,1.0,2.0,1.0,1.0,2.0,2.0,1.0,2.0,1.0]: 2
|      |                                                                     |      |      |      +--no:  f_115_f_116_f_118_f_551_f_827 > 0.0
|      |                                                                     |      |      |             +--yes: [1,1,1,0,1,1,0,0,0,1] [1.0,1.0,1.0,2.0,1.0,2.0,2.0,2.0,2.0,1.0]: 2
|      |                                                                     |      |      |             +--no:  f_776_f_711_f_334_f_242_f_860 > 0.0
|      |                                                                     |      |      |                    +--yes: [0,1,1,1,1,1,0,1,1,1] [2.0,1.0,2.0,1.0,2.0,2.0,2.0,1.0,2.0,2.0]: 2
|      |                                                                     |      |      |                    +--no:  f_685_f_694_f_17_f_22_f_687 > 1.0
|      |                                                                     |      |      |                           +--yes: [1,0,1,1,1,1,0,1,1,1] [2.0,2.0,1.0,1.0,2.0,2.0,2.0,2.0,2.0,2.0]: 2
|      |                                                                     |      |      |                           +--no:  f_638_f_548_f_574_f_655_f_641 > 2.0
|      |                                                                     |      |      |                                  +--yes: [1,1,1,1,1,1,0,1,1,1] [2.0,2.0,2.0,1.0,2.0,2.0,2.0,2.0,2.0,2.0]: 2
|      |                                                                     |      |      |                                  +--no:  [1,1,1,0,1,1,1,1,1,1] [3.0,3.0,2.0,2.0,3.0,2.0,3.0,3.0,3.0,3.0]: 3
|      |                                                                     |      |      +--no:  f_391_f_540_f_365_f_345_f_390 > 4.0
|      |                                                                     |      |             +--yes: [1,0,1,1,0,0,1,1,1,0] [1.0,2.0,1.0,2.0,2.0,2.0,1.0,1.0,1.0,2.0]: 2
|      |                                                                     |      |             +--no:  f_186_f_185_f_179_f_660_f_678 > 0.0
|      |                                                                     |      |                    +--yes: [0,1,0,0,0,0,0,0,0,0] [2.0,1.0,2.0,2.0,2.0,2.0,2.0,2.0,2.0,2.0]: 2
|      |                                                                     |      |                    +--no:  [0,0,0,1,0,0,0,0,0,1] [2.0,2.0,2.0,2.0,2.0,2.0,2.0,2.0,2.0,1.0]: 2
|      |                                                                     |      +--no:  f_181_f_180_f_628_f_549_f_464 > 3.0
|      |                                                                     |             +--yes: [0,0,0,0,0,1,0,0,1,1] [3.0,2.0,2.0,3.0,3.0,3.0,3.0,3.0,3.0,3.0]: 3
|      |                                                                     |             +--no:  f_698_f_689_f_573_f_619_f_498 > 4.0
|      |                                                                     |                    +--yes: f_195_f_202_f_622_f_719_f_782 > 0.0
|      |                                                                     |                    |      +--yes: [0,0,0,0,0,0,0,0,0,0] [2.0,3.0,3.0,3.0,2.0,3.0,2.0,3.0,2.0,3.0]: 3
|      |                                                                     |                    |      +--no:  f_143_f_146_f_145_f_256_f_358 > 2.0
|      |                                                                     |                    |             +--yes: [0,0,0,0,0,0,0,0,1,0] [3.0,2.0,3.0,2.0,2.0,3.0,3.0,3.0,2.0,3.0]: 3
|      |                                                                     |                    |             +--no:  f_620_f_632_f_565_f_476_f_381 > 3.0
|      |                                                                     |                    |                    +--yes: f_186_f_185_f_179_f_660_f_678 > 3.0
|      |                                                                     |                    |                    |      +--yes: [0,1,1,1,1,0,0,0,1,0] [2.0,2.0,2.0,2.0,1.0,2.0,2.0,2.0,1.0,2.0]: 2
|      |                                                                     |                    |                    |      +--no:  [1,1,1,1,1,1,1,0,1,0] [2.0,3.0,3.0,2.0,2.0,3.0,2.0,2.0,3.0,2.0]: 3
|      |                                                                     |                    |                    +--no:  f_391_f_540_f_365_f_345_f_390 > 4.0
|      |                                                                     |                    |                           +--yes: [1,1,1,1,1,0,1,1,1,0] [2.0,2.0,2.0,2.0,1.0,2.0,2.0,2.0,1.0,2.0]: 2
|      |                                                                     |                    |                           +--no:  f_3_f_13_f_21_f_581_f_642 > 0.0
|      |                                                                     |                    |                                  +--yes: [1,0,1,0,1,1,0,1,0,1] [1.0,2.0,2.0,2.0,1.0,1.0,2.0,2.0,2.0,1.0]: 2
|      |                                                                     |                    |                                  +--no:  [1,1,1,0,0,0,1,0,0,0] [1.0,1.0,1.0,2.0,2.0,2.0,1.0,2.0,2.0,2.0]: 2
|      |                                                                     |                    +--no:  f_195_f_202_f_622_f_719_f_782 > 0.0
|      |                                                                     |                           +--yes: [1,0,0,0,0,1,0,0,1,1] [1.0,2.0,2.0,2.0,2.0,2.0,2.0,2.0,1.0,1.0]: 2
|      |                                                                     |                           +--no:  f_682_f_702_f_691_f_703_f_695 > 0.0
|      |                                                                     |                                  +--yes: f_452_f_380_f_440_f_443_f_420 > 3.0
|      |                                                                     |                                  |      +--yes: f_186_f_185_f_179_f_660_f_678 > 2.0
|      |                                                                     |                                  |      |      +--yes: [0,0,0,0,1,0,1,0,0,0] [3.0,3.0,2.0,3.0,2.0,3.0,3.0,2.0,3.0,3.0]: 3
|      |                                                                     |                                  |      |      +--no:  [1,1,1,1,1,0,1,0,0,1] [1.0,1.0,2.0,2.0,1.0,2.0,2.0,2.0,2.0,1.0]: 2
|      |                                                                     |                                  |      +--no:  f_12_f_2_f_11_f_582_f_679 > 3.0
|      |                                                                     |                                  |             +--yes: f_374_f_1_f_10_f_283_f_284 > 4.0
|      |                                                                     |                                  |             |      +--yes: [0,0,0,1,1,0,0,1,0,0] [2.0,2.0,2.0,1.0,1.0,2.0,2.0,1.0,2.0,2.0]: 2
|      |                                                                     |                                  |             |      +--no:  [0,0,0,0,0,0,0,1,0,0] [2.0,2.0,2.0,2.0,2.0,2.0,2.0,1.0,2.0,2.0]: 2
|      |                                                                     |                                  |             +--no:  [0,0,0,1,0,0,1,0,0,0] [2.0,2.0,2.0,1.0,2.0,2.0,2.0,2.0,2.0,2.0]: 2
|      |                                                                     |                                  +--no:  f_452_f_380_f_440_f_443_f_420 > 2.0
|      |                                                                     |                                         +--yes: [0,0,0,0,0,1,0,0,0,0] [2.0,2.0,2.0,2.0,2.0,1.0,2.0,2.0,2.0,2.0]: 2
|      |                                                                     |                                         +--no:  [0,0,1,1,1,1,0,0,1,1] [2.0,2.0,1.0,2.0,1.0,2.0,2.0,2.0,2.0,1.0]: 2
|      |                                                                     +--no:  f_143_f_146_f_145_f_256_f_358 > 0.0
|      |                                                                            +--yes: f_438_f_378_f_379_f_484_f_389 > 3.0
|      |                                                                            |      +--yes: f_308_f_406_f_617_f_637_f_680 > 1.0
|      |                                                                            |      |      +--yes: [1,0,0,1,1,0,1,1,1,1] [2.0,2.0,2.0,2.0,2.0,2.0,2.0,2.0,2.0,1.0]: 2
|      |                                                                            |      |      +--no:  [1,0,1,0,1,0,1,1,0,1] [1.0,2.0,1.0,2.0,1.0,2.0,2.0,2.0,2.0,1.0]: 2
|      |                                                                            |      +--no:  f_186_f_185_f_179_f_660_f_678 > 4.0
|      |                                                                            |             +--yes: [1,1,1,1,0,0,1,1,0,0] [3.0,3.0,3.0,2.0,3.0,2.0,2.0,3.0,3.0,3.0]: 3
|      |                                                                            |             +--no:  f_308_f_406_f_617_f_637_f_680 > 2.0
|      |                                                                            |                    +--yes: [1,1,1,1,1,1,1,1,1,0] [2.0,2.0,2.0,2.0,2.0,2.0,1.0,2.0,1.0,2.0]: 2
|      |                                                                            |                    +--no:  [1,1,1,1,1,1,1,1,1,1] [4.0,4.0,4.0,4.0,4.0,3.0,4.0,3.0,4.0,4.0]: 4
|      |                                                                            +--no:  f_346_f_366_f_405_f_614_f_341 > 2.0
|      |                                                                                   +--yes: f_566_f_659_f_615_f_15_f_178 > 1.0
|      |                                                                                   |      +--yes: [0,1,1,1,1,0,1,1,1,1] [2.0,3.0,3.0,3.0,2.0,3.0,2.0,3.0,3.0,3.0]: 3
|      |                                                                                   |      +--no:  [1,1,1,1,1,1,0,1,1,1] [1.0,1.0,2.0,2.0,2.0,1.0,2.0,1.0,1.0,1.0]: 2
|      |                                                                                   +--no:  f_12_f_2_f_11_f_582_f_679 > 4.0
|      |                                                                                          +--yes: [0,0,1,0,0,0,1,1,0,1] [2.0,2.0,1.0,2.0,2.0,2.0,1.0,1.0,2.0,1.0]: 2
|      |                                                                                          +--no:  [0,1,1,0,0,1,0,1,1,1] [2.0,1.0,1.0,2.0,2.0,2.0,2.0,1.0,2.0,1.0]: 2
|      +--no:  f_241_f_244_f_243_f_258_f_386 > 0.0
|             +--yes: f_713_f_734_f_755_f_756_f_819 > 0.0
|             |      +--yes: f_20_f_19_f_18_f_286_f_352 > 3.0
|             |      |      +--yes: f_593_f_387_f_482_f_506_f_472 > 4.0
|             |      |      |      +--yes: f_566_f_659_f_615_f_15_f_178 > 2.0
|             |      |      |      |      +--yes: [0,0,0,0,0,0,0,0,0,0] [3.0,3.0,3.0,3.0,2.0,3.0,3.0,3.0,3.0,3.0]: 3
|             |      |      |      |      +--no:  [1,1,0,1,1,0,0,0,0,0] [2.0,1.0,2.0,1.0,1.0,2.0,2.0,2.0,2.0,2.0]: 2
|             |      |      |      +--no:  f_462_f_605_f_337_f_839_f_861 > 0.0
|             |      |      |             +--yes: f_227_f_230_f_229_f_631_f_544 > 0.0
|             |      |      |             |      +--yes: f_639_f_681_f_690_f_701_f_700 > 2.0
|             |      |      |             |      |      +--yes: [1,0,0,0,1,0,1,1,1,0] [1.0,2.0,2.0,2.0,1.0,2.0,1.0,2.0,1.0,2.0]: 2
|             |      |      |             |      |      +--no:  [1,1,1,1,1,1,1,1,1,1] [2.0,2.0,1.0,2.0,2.0,2.0,2.0,2.0,1.0,1.0]: 2
|             |      |      |             |      +--no:  f_391_f_540_f_365_f_345_f_390 > 1.0
|             |      |      |             |             +--yes: f_779_f_716_f_707_f_546_f_502 > 2.0
|             |      |      |             |             |      +--yes: [0,0,1,0,0,0,1,1,0,1] [2.0,2.0,1.0,2.0,2.0,2.0,1.0,1.0,2.0,1.0]: 2
|             |      |      |             |             |      +--no:  f_308_f_406_f_617_f_637_f_680 > 2.0
|             |      |      |             |             |             +--yes: [0,0,0,0,0,0,0,0,0,0] [2.0,2.0,2.0,2.0,2.0,2.0,2.0,2.0,2.0,2.0]: 2
|             |      |      |             |             |             +--no:  [0,0,0,1,1,0,0,0,0,0] [2.0,2.0,2.0,1.0,1.0,2.0,2.0,2.0,2.0,2.0]: 2
|             |      |      |             |             +--no:  [1,1,1,1,0,0,1,1,0,1] [1.0,1.0,2.0,1.0,2.0,2.0,1.0,2.0,2.0,1.0]: 2
|             |      |      |             +--no:  f_391_f_540_f_365_f_345_f_390 > 4.0
|             |      |      |                    +--yes: f_452_f_380_f_440_f_443_f_420 > 3.0
|             |      |      |                    |      +--yes: [0,1,1,1,1,0,0,0,1,0] [3.0,2.0,3.0,3.0,2.0,2.0,3.0,2.0,2.0,2.0]: 3
|             |      |      |                    |      +--no:  f_3_f_13_f_21_f_581_f_642 > 0.0
|             |      |      |                    |             +--yes: [1,0,1,1,1,1,1,1,0,0] [1.0,2.0,1.0,1.0,2.0,1.0,1.0,2.0,2.0,2.0]: 2
|             |      |      |                    |             +--no:  f_346_f_366_f_405_f_614_f_341 > 3.0
|             |      |      |                    |                    +--yes: f_667_f_590_f_382_f_651_f_606 > 3.0
|             |      |      |                    |                    |      +--yes: [1,1,0,1,1,1,1,1,1,1] [3.0,3.0,2.0,3.0,2.0,2.0,3.0,3.0,2.0,2.0]: 3
|             |      |      |                    |                    |      +--no:  [1,1,1,1,1,0,0,0,1,1] [2.0,1.0,2.0,1.0,1.0,2.0,2.0,2.0,2.0,1.0]: 2
|             |      |      |                    |                    +--no:  [1,1,1,1,1,1,1,1,1,1] [5.0,5.0,5.0,5.0,5.0,5.0,5.0,5.0,5.0,5.0]: 5
|             |      |      |                    +--no:  [0,0,0,1,0,0,0,1,0,0] [2.0,2.0,3.0,2.0,3.0,3.0,3.0,2.0,2.0,2.0]: 3
|             |      |      +--no:  f_611_f_569_f_16_f_418_f_453 > 4.0
|             |      |             +--yes: f_192_f_248_f_818_f_797_f_249 > 1.0
|             |      |             |      +--yes: [1,0,0,1,1,1,0,0,1,1] [1.0,2.0,2.0,1.0,1.0,1.0,2.0,2.0,2.0,1.0]: 2
|             |      |             |      +--no:  [1,1,1,1,1,1,0,1,1,1] [3.0,3.0,2.0,3.0,3.0,3.0,2.0,3.0,3.0,2.0]: 3
|             |      |             +--no:  f_654_f_560_f_375_f_636_f_674 > 0.0
|             |      |                    +--yes: [1,1,1,1,1,1,1,1,0,0] [2.0,2.0,2.0,2.0,1.0,2.0,2.0,2.0,2.0,2.0]: 2
|             |      |                    +--no:  f_338_f_340_f_592_f_683_f_351 > 4.0
|             |      |                           +--yes: [1,1,0,1,1,0,1,1,1,0] [3.0,3.0,3.0,3.0,2.0,2.0,3.0,3.0,2.0,2.0]: 3
|             |      |                           +--no:  [1,1,1,1,1,1,1,1,1,1] [3.0,4.0,3.0,4.0,3.0,3.0,4.0,4.0,4.0,4.0]: 4
|             |      +--no:  f_129_f_489_f_475_f_473_f_511 > 0.0
|             |             +--yes: f_438_f_378_f_379_f_484_f_389 > 3.0
|             |             |      +--yes: [1,1,1,1,0,1,0,1,1,1] [2.0,1.0,1.0,1.0,2.0,1.0,2.0,1.0,1.0,1.0]: 2
|             |             |      +--no:  f_308_f_406_f_617_f_637_f_680 > 1.0
|             |             |             +--yes: [1,1,1,1,1,0,1,1,1,1] [2.0,1.0,2.0,2.0,2.0,2.0,2.0,2.0,1.0,2.0]: 2
|             |             |             +--no:  [1,1,1,1,1,1,1,1,1,1] [3.0,3.0,2.0,3.0,3.0,3.0,3.0,3.0,3.0,2.0]: 3
|             |             +--no:  f_195_f_202_f_622_f_719_f_782 > 1.0
|             |                    +--yes: [1,1,1,1,0,1,1,1,0,1] [3.0,3.0,3.0,3.0,2.0,2.0,3.0,3.0,2.0,2.0]: 3
|             |                    +--no:  f_451_f_645_f_439_f_646_f_536 > 4.0
|             |                           +--yes: f_647_f_650_f_494_f_488_f_164 > 2.0
|             |                           |      +--yes: f_338_f_340_f_592_f_683_f_351 > 2.0
|             |                           |      |      +--yes: [1,0,1,0,1,1,1,1,0,1] [1.0,2.0,2.0,2.0,2.0,1.0,1.0,1.0,2.0,2.0]: 2
|             |                           |      |      +--no:  f_308_f_406_f_617_f_637_f_680 > 0.0
|             |                           |      |             +--yes: [0,0,1,0,0,0,1,0,0,0] [2.0,2.0,1.0,2.0,2.0,2.0,2.0,2.0,2.0,2.0]: 2
|             |                           |      |             +--no:  [0,0,0,0,0,0,1,1,0,1] [2.0,2.0,2.0,2.0,2.0,2.0,2.0,1.0,2.0,1.0]: 2
|             |                           |      +--no:  f_682_f_702_f_691_f_703_f_695 > 0.0
|             |                           |             +--yes: [1,1,1,1,1,1,1,1,0,0] [2.0,1.0,2.0,2.0,2.0,1.0,2.0,2.0,2.0,2.0]: 2
|             |                           |             +--no:  [1,1,1,1,1,1,1,1,1,1] [1.0,1.0,1.0,2.0,1.0,1.0,2.0,2.0,2.0,1.0]: 2
|             |                           +--no:  f_593_f_387_f_482_f_506_f_472 > 3.0
|             |                                  +--yes: f_647_f_650_f_494_f_488_f_164 > 0.0
|             |                                  |      +--yes: f_602_f_357_f_431_f_396_f_403 > 2.0
|             |                                  |      |      +--yes: f_12_f_2_f_11_f_582_f_679 > 2.0
|             |                                  |      |      |      +--yes: f_597_f_356_f_677_f_584_f_578 > 3.0
|             |                                  |      |      |      |      +--yes: f_800_f_737_f_437_f_585_f_657 > 3.0
|             |                                  |      |      |      |      |      +--yes: [0,0,1,0,0,0,0,0,0,0] [2.0,2.0,2.0,2.0,2.0,2.0,2.0,2.0,2.0,2.0]: 2
|             |                                  |      |      |      |      |      +--no:  [0,0,0,0,0,0,0,0,0,0] [2.0,3.0,3.0,3.0,3.0,3.0,3.0,2.0,3.0,3.0]: 3
|             |                                  |      |      |      |      +--no:  [0,0,0,1,0,0,0,0,0,1] [2.0,2.0,2.0,1.0,2.0,2.0,2.0,2.0,2.0,2.0]: 2
|             |                                  |      |      |      +--no:  [0,0,1,0,0,1,0,0,0,0] [2.0,3.0,2.0,3.0,3.0,2.0,3.0,3.0,3.0,3.0]: 3
|             |                                  |      |      +--no:  [0,0,0,0,1,1,0,0,1,0] [2.0,2.0,2.0,2.0,1.0,2.0,2.0,2.0,1.0,2.0]: 2
|             |                                  |      +--no:  f_150_f_153_f_152_f_157_f_160 > 1.0
|             |                                  |             +--yes: f_335_f_712_f_697_f_696_f_688 > 3.0
|             |                                  |             |      +--yes: f_12_f_2_f_11_f_582_f_679 > 4.0
|             |                                  |             |      |      +--yes: [0,1,1,0,0,1,1,1,1,1] [2.0,2.0,1.0,2.0,2.0,2.0,1.0,1.0,2.0,2.0]: 2
|             |                                  |             |      |      +--no:  [0,0,0,0,0,1,0,0,1,1] [2.0,2.0,2.0,2.0,2.0,1.0,2.0,2.0,1.0,1.0]: 2
|             |                                  |             |      +--no:  f_374_f_1_f_10_f_283_f_284 > 4.0
|             |                                  |             |             +--yes: [0,0,1,1,1,1,0,0,1,1] [2.0,2.0,2.0,1.0,2.0,2.0,2.0,2.0,2.0,2.0]: 2
|             |                                  |             |             +--no:  [1,0,0,0,1,1,1,1,1,1] [1.0,2.0,2.0,2.0,2.0,2.0,1.0,1.0,2.0,2.0]: 2
|             |                                  |             +--no:  f_346_f_366_f_405_f_614_f_341 > 0.0
|             |                                  |                    +--yes: f_451_f_645_f_439_f_646_f_536 > 3.0
|             |                                  |                    |      +--yes: [0,0,0,1,1,0,1,0,1,1] [3.0,2.0,2.0,2.0,2.0,2.0,2.0,3.0,3.0,2.0]: 3
|             |                                  |                    |      +--no:  f_643_f_393_f_299_f_392_f_528 > 4.0
|             |                                  |                    |             +--yes: f_346_f_366_f_405_f_614_f_341 > 2.0
|             |                                  |                    |             |      +--yes: [0,1,0,0,0,0,0,0,0,0] [2.0,1.0,2.0,2.0,2.0,2.0,2.0,2.0,2.0,2.0]: 2
|             |                                  |                    |             |      +--no:  [0,1,1,1,0,0,1,0,0,0] [2.0,1.0,1.0,2.0,2.0,2.0,1.0,2.0,2.0,2.0]: 2
|             |                                  |                    |             +--no:  f_516_f_434_f_446_f_556_f_490 > 4.0
|             |                                  |                    |                    +--yes: f_833_f_770_f_750_f_813_f_788 > 0.0
|             |                                  |                    |                    |      +--yes: [0,0,0,0,0,0,0,0,0,0] [3.0,3.0,2.0,3.0,2.0,3.0,3.0,3.0,2.0,3.0]: 3
|             |                                  |                    |                    |      +--no:  f_20_f_19_f_18_f_286_f_352 > 3.0
|             |                                  |                    |                    |             +--yes: [1,1,0,0,0,0,0,1,1,0] [1.0,1.0,2.0,2.0,2.0,2.0,2.0,1.0,2.0,2.0]: 2
|             |                                  |                    |                    |             +--no:  [0,0,0,0,0,0,0,0,1,0] [3.0,3.0,3.0,3.0,3.0,3.0,3.0,3.0,3.0,3.0]: 3
|             |                                  |                    |                    +--no:  [0,0,0,0,1,0,1,1,0,1] [2.0,2.0,2.0,2.0,1.0,2.0,1.0,1.0,2.0,1.0]: 2
|             |                                  |                    +--no:  f_143_f_146_f_145_f_256_f_358 > 2.0
|             |                                  |                           +--yes: f_643_f_393_f_299_f_392_f_528 > 2.0
|             |                                  |                           |      +--yes: [0,1,0,0,0,1,0,0,1,0] [3.0,2.0,3.0,3.0,3.0,3.0,3.0,3.0,3.0,2.0]: 3
|             |                                  |                           |      +--no:  [0,1,1,0,1,1,1,0,1,1] [2.0,1.0,1.0,2.0,2.0,2.0,1.0,2.0,2.0,2.0]: 2
|             |                                  |                           +--no:  f_20_f_19_f_18_f_286_f_352 > 0.0
|             |                                  |                                  +--yes: [1,0,1,0,0,1,1,1,1,1] [1.0,2.0,2.0,2.0,2.0,2.0,1.0,1.0,1.0,2.0]: 2
|             |                                  |                                  +--no:  [1,0,1,0,0,0,1,0,0,0] [1.0,2.0,1.0,2.0,2.0,2.0,1.0,2.0,2.0,2.0]: 2
|             |                                  +--no:  f_450_f_487_f_519_f_596_f_504 > 0.0
|             |                                         +--yes: f_335_f_712_f_697_f_696_f_688 > 1.0
|             |                                         |      +--yes: [0,0,1,1,1,0,1,1,1,1] [3.0,2.0,3.0,3.0,3.0,3.0,2.0,2.0,3.0,2.0]: 3
|             |                                         |      +--no:  [1,1,0,1,1,0,1,1,0,0] [3.0,3.0,3.0,2.0,3.0,3.0,2.0,2.0,2.0,2.0]: 3
|             |                                         +--no:  f_458_f_459_f_414_f_457_f_465 > 0.0
|             |                                                +--yes: [1,1,1,1,1,1,1,0,0,0] [1.0,2.0,2.0,2.0,2.0,2.0,1.0,2.0,2.0,2.0]: 2
|             |                                                +--no:  f_452_f_380_f_440_f_443_f_420 > 3.0
|             |                                                       +--yes: [1,1,1,1,1,0,1,1,1,1] [1.0,1.0,1.0,1.0,2.0,2.0,1.0,1.0,1.0,1.0]: 2
|             |                                                       +--no:  f_287_f_23_f_24_f_363_f_364 > 0.0
|             |                                                              +--yes: [0,1,1,0,0,0,1,1,0,0] [2.0,2.0,1.0,2.0,2.0,2.0,1.0,1.0,2.0,2.0]: 2
|             |                                                              +--no:  f_3_f_13_f_21_f_581_f_642 > 0.0
|             |                                                                     +--yes: [0,0,1,0,0,0,0,0,0,0] [3.0,3.0,2.0,3.0,2.0,3.0,3.0,3.0,2.0,2.0]: 3
|             |                                                                     +--no:  f_374_f_1_f_10_f_283_f_284 > 4.0
|             |                                                                            +--yes: [0,0,0,0,0,0,0,0,0,0] [3.0,3.0,3.0,3.0,3.0,3.0,3.0,3.0,3.0,3.0]: 3
|             |                                                                            +--no:  [0,0,1,0,0,0,0,0,0,0] [2.0,2.0,1.0,2.0,2.0,2.0,2.0,2.0,2.0,2.0]: 2
|             +--no:  f_213_f_216_f_215_f_131_f_132 > 0.0
|                    +--yes: f_391_f_540_f_365_f_345_f_390 > 2.0
|                    |      +--yes: f_535_f_579_f_684_f_692_f_704 > 0.0
|                    |      |      +--yes: f_12_f_2_f_11_f_582_f_679 > 4.0
|                    |      |      |      +--yes: f_186_f_185_f_179_f_660_f_678 > 4.0
|                    |      |      |      |      +--yes: f_638_f_548_f_574_f_655_f_641 > 4.0
|                    |      |      |      |      |      +--yes: [1,1,1,0,1,0,0,0,1,1] [1.0,2.0,1.0,2.0,1.0,2.0,2.0,2.0,2.0,1.0]: 2
|                    |      |      |      |      |      +--no:  f_308_f_406_f_617_f_637_f_680 > 0.0
|                    |      |      |      |      |             +--yes: [1,0,1,0,1,1,0,0,1,1] [1.0,2.0,1.0,2.0,2.0,2.0,2.0,2.0,1.0,2.0]: 2
|                    |      |      |      |      |             +--no:  [1,0,0,1,1,1,1,0,1,0] [2.0,2.0,2.0,1.0,1.0,1.0,1.0,2.0,1.0,2.0]: 2
|                    |      |      |      |      +--no:  f_192_f_248_f_818_f_797_f_249 > 0.0
|                    |      |      |      |             +--yes: [0,0,0,0,0,0,0,0,0,0] [3.0,2.0,3.0,3.0,3.0,3.0,3.0,3.0,3.0,3.0]: 3
|                    |      |      |      |             +--no:  [1,0,0,1,0,0,1,0,0,1] [1.0,2.0,2.0,1.0,2.0,2.0,1.0,2.0,2.0,1.0]: 2
|                    |      |      |      +--no:  [1,0,0,0,0,0,1,1,0,0] [3.0,3.0,3.0,2.0,3.0,2.0,2.0,3.0,3.0,3.0]: 3
|                    |      |      +--no:  f_34_f_421_f_480_f_508_f_474 > 0.0
|                    |      |             +--yes: [1,0,0,0,0,0,0,0,0,0] [1.0,2.0,2.0,2.0,2.0,2.0,2.0,2.0,2.0,2.0]: 2
|                    |      |             +--no:  f_412_f_507_f_586_f_658_f_500 > 0.0
|                    |      |                    +--yes: [1,1,1,1,1,0,1,1,1,1] [3.0,2.0,3.0,2.0,2.0,2.0,3.0,3.0,2.0,3.0]: 3
|                    |      |                    +--no:  f_213_f_216_f_215_f_131_f_132 > 1.0
|                    |      |                           +--yes: f_643_f_393_f_299_f_392_f_528 > 0.0
|                    |      |                           |      +--yes: f_643_f_393_f_299_f_392_f_528 > 2.0
|                    |      |                           |      |      +--yes: [1,0,0,0,1,0,1,1,1,1] [2.0,2.0,2.0,2.0,1.0,2.0,1.0,2.0,1.0,1.0]: 2
|                    |      |                           |      |      +--no:  [0,0,0,1,0,1,0,0,0,0] [2.0,2.0,2.0,1.0,2.0,1.0,2.0,2.0,2.0,2.0]: 2
|                    |      |                           |      +--no:  f_143_f_146_f_145_f_256_f_358 > 0.0
|                    |      |                           |             +--yes: [1,1,1,1,1,0,1,1,1,1] [1.0,2.0,1.0,1.0,1.0,2.0,2.0,2.0,2.0,1.0]: 2
|                    |      |                           |             +--no:  [1,1,0,1,1,0,1,1,1,1] [3.0,3.0,3.0,2.0,2.0,2.0,3.0,3.0,3.0,3.0]: 3
|                    |      |                           +--no:  f_251_f_250_f_187_f_188_f_577 > 1.0
|                    |      |                                  +--yes: [0,1,1,0,0,1,1,0,0,1] [2.0,1.0,2.0,2.0,2.0,1.0,2.0,2.0,2.0,1.0]: 2
|                    |      |                                  +--no:  f_800_f_737_f_437_f_585_f_657 > 1.0
|                    |      |                                         +--yes: f_654_f_560_f_375_f_636_f_674 > 4.0
|                    |      |                                         |      +--yes: [1,1,0,1,0,1,1,1,0,1] [2.0,1.0,2.0,2.0,2.0,2.0,2.0,2.0,2.0,1.0]: 2
|                    |      |                                         |      +--no:  f_38_f_815_f_752_f_759_f_822 > 0.0
|                    |      |                                         |             +--yes: f_374_f_1_f_10_f_283_f_284 > 4.0
|                    |      |                                         |             |      +--yes: [1,1,1,0,0,1,1,1,0,1] [2.0,1.0,1.0,2.0,2.0,1.0,2.0,1.0,2.0,1.0]: 2
|                    |      |                                         |             |      +--no:  [1,0,1,1,1,1,1,1,0,1] [2.0,2.0,1.0,2.0,1.0,1.0,2.0,2.0,2.0,1.0]: 2
|                    |      |                                         |             +--no:  f_37_f_294_f_342_f_550_f_591 > 0.0
|                    |      |                                         |                    +--yes: f_20_f_19_f_18_f_286_f_352 > 3.0
|                    |      |                                         |                    |      +--yes: [1,1,0,1,1,0,1,1,0,0] [1.0,2.0,2.0,2.0,1.0,2.0,2.0,2.0,2.0,2.0]: 2
|                    |      |                                         |                    |      +--no:  f_20_f_19_f_18_f_286_f_352 > 0.0
|                    |      |                                         |                    |             +--yes: [1,1,0,1,1,1,1,0,1,0] [2.0,2.0,2.0,1.0,1.0,1.0,2.0,2.0,1.0,2.0]: 2
|                    |      |                                         |                    |             +--no:  [1,1,1,1,1,0,1,1,1,0] [2.0,2.0,1.0,1.0,2.0,2.0,2.0,2.0,1.0,2.0]: 2
|                    |      |                                         |                    +--no:  [1,0,0,0,0,0,1,1,0,0] [3.0,2.0,2.0,2.0,3.0,3.0,3.0,3.0,3.0,3.0]: 3
|                    |      |                                         +--no:  f_713_f_734_f_755_f_756_f_819 > 0.0
|                    |      |                                                +--yes: f_643_f_393_f_299_f_392_f_528 > 0.0
|                    |      |                                                |      +--yes: [1,1,0,0,0,0,1,1,0,0] [3.0,2.0,3.0,3.0,3.0,3.0,3.0,3.0,3.0,3.0]: 3
|                    |      |                                                |      +--no:  f_338_f_340_f_592_f_683_f_351 > 1.0
|                    |      |                                                |             +--yes: [1,1,0,1,0,0,1,1,1,0] [2.0,2.0,2.0,1.0,2.0,2.0,2.0,2.0,1.0,2.0]: 2
|                    |      |                                                |             +--no:  [1,1,1,1,0,0,1,1,0,0] [2.0,2.0,1.0,1.0,2.0,2.0,2.0,2.0,2.0,2.0]: 2
|                    |      |                                                +--no:  [1,1,0,0,0,0,0,0,0,0] [2.0,1.0,2.0,2.0,2.0,2.0,2.0,2.0,2.0,2.0]: 2
|                    |      +--no:  f_308_f_406_f_617_f_637_f_680 > 0.0
|                    |             +--yes: [1,1,1,1,0,1,1,1,1,1] [1.0,1.0,2.0,2.0,2.0,1.0,1.0,2.0,2.0,1.0]: 2
|                    |             +--no:  [1,1,1,1,1,1,1,1,1,1] [2.0,2.0,2.0,2.0,2.0,1.0,2.0,2.0,2.0,2.0]: 2
|                    +--no:  f_259_f_530_f_555_f_576_f_442 > 0.0
|                           +--yes: f_300_f_515_f_517_f_422_f_467 > 2.0
|                           |      +--yes: f_143_f_146_f_145_f_256_f_358 > 2.0
|                           |      |      +--yes: f_776_f_711_f_334_f_242_f_860 > 0.0
|                           |      |      |      +--yes: f_20_f_19_f_18_f_286_f_352 > 2.0
|                           |      |      |      |      +--yes: [0,1,1,1,1,1,1,1,1,1] [2.0,2.0,2.0,2.0,1.0,1.0,1.0,1.0,2.0,2.0]: 2
|                           |      |      |      |      +--no:  [1,1,1,1,1,0,0,0,1,1] [1.0,1.0,2.0,2.0,2.0,2.0,2.0,2.0,2.0,1.0]: 2
|                           |      |      |      +--no:  f_374_f_1_f_10_f_283_f_284 > 4.0
|                           |      |      |             +--yes: [0,0,0,0,0,0,0,0,0,0] [3.0,3.0,3.0,3.0,2.0,3.0,3.0,2.0,2.0,3.0]: 3
|                           |      |      |             +--no:  [0,1,0,1,1,0,1,1,1,1] [2.0,1.0,2.0,2.0,2.0,2.0,1.0,1.0,1.0,1.0]: 2
|                           |      |      +--no:  [1,1,1,1,1,1,1,1,1,0] [3.0,3.0,3.0,2.0,3.0,2.0,2.0,3.0,2.0,2.0]: 3
|                           |      +--no:  f_620_f_632_f_565_f_476_f_381 > 1.0
|                           |             +--yes: f_12_f_2_f_11_f_582_f_679 > 4.0
|                           |             |      +--yes: f_672_f_553_f_671_f_493_f_623 > 0.0
|                           |             |      |      +--yes: [0,1,1,1,0,1,1,1,1,1] [2.0,1.0,2.0,1.0,2.0,2.0,1.0,1.0,2.0,2.0]: 2
|                           |             |      |      +--no:  f_143_f_146_f_145_f_256_f_358 > 2.0
|                           |             |      |             +--yes: [0,0,1,1,1,1,0,0,1,1] [2.0,2.0,2.0,1.0,2.0,1.0,2.0,2.0,1.0,2.0]: 2
|                           |             |      |             +--no:  f_346_f_366_f_405_f_614_f_341 > 4.0
|                           |             |      |                    +--yes: [0,1,0,1,1,1,1,0,0,0] [2.0,1.0,2.0,2.0,1.0,2.0,1.0,2.0,2.0,2.0]: 2
|                           |             |      |                    +--no:  [0,0,0,0,1,0,0,0,1,0] [2.0,2.0,2.0,2.0,1.0,2.0,2.0,2.0,1.0,2.0]: 2
|                           |             |      +--no:  f_37_f_294_f_342_f_550_f_591 > 0.0
|                           |             |             +--yes: [0,0,1,1,1,0,0,1,0,1] [2.0,2.0,2.0,2.0,2.0,2.0,2.0,1.0,2.0,1.0]: 2
|                           |             |             +--no:  f_452_f_380_f_440_f_443_f_420 > 0.0
|                           |             |                    +--yes: [1,1,1,1,0,0,1,1,0,0] [2.0,2.0,2.0,3.0,2.0,3.0,2.0,2.0,3.0,3.0]: 3
|                           |             |                    +--no:  [1,1,1,1,0,1,0,1,1,1] [3.0,3.0,3.0,3.0,3.0,2.0,2.0,2.0,2.0,3.0]: 3
|                           |             +--no:  f_301_f_395_f_514_f_454_f_558 > 4.0
|                           |                    +--yes: [1,0,1,1,1,0,0,0,1,1] [2.0,2.0,3.0,3.0,2.0,2.0,3.0,2.0,2.0,3.0]: 3
|                           |                    +--no:  f_535_f_579_f_684_f_692_f_704 > 2.0
|                           |                           +--yes: f_143_f_146_f_145_f_256_f_358 > 2.0
|                           |                           |      +--yes: f_374_f_1_f_10_f_283_f_284 > 4.0
|                           |                           |      |      +--yes: [1,1,0,0,1,0,1,1,0,0] [1.0,1.0,2.0,2.0,1.0,2.0,1.0,1.0,2.0,2.0]: 2
|                           |                           |      |      +--no:  [1,1,1,1,0,0,1,1,0,0] [3.0,3.0,3.0,3.0,2.0,2.0,3.0,3.0,3.0,3.0]: 3
|                           |                           |      +--no:  f_821_f_758_f_377_f_600_f_665 > 2.0
|                           |                           |             +--yes: [0,0,0,1,1,0,0,0,0,0] [2.0,3.0,3.0,2.0,3.0,2.0,3.0,3.0,2.0,2.0]: 3
|                           |                           |             +--no:  f_346_f_366_f_405_f_614_f_341 > 1.0
|                           |                           |                    +--yes: [0,0,0,0,0,1,0,0,0,0] [2.0,2.0,2.0,2.0,2.0,1.0,2.0,2.0,2.0,2.0]: 2
|                           |                           |                    +--no:  f_12_f_2_f_11_f_582_f_679 > 3.0
|                           |                           |                           +--yes: [1,1,1,1,0,0,0,0,0,1] [1.0,2.0,2.0,1.0,2.0,2.0,2.0,2.0,2.0,1.0]: 2
|                           |                           |                           +--no:  [0,1,1,1,0,1,0,0,1,0] [2.0,1.0,2.0,2.0,2.0,2.0,2.0,2.0,1.0,2.0]: 2
|                           |                           +--no:  f_343_f_361_f_609_f_771_f_834 > 0.0
|                           |                                  +--yes: [1,0,0,1,1,0,0,1,1,0] [1.0,2.0,2.0,1.0,2.0,2.0,2.0,2.0,1.0,2.0]: 2
|                           |                                  +--no:  f_335_f_712_f_697_f_696_f_688 > 4.0
|                           |                                         +--yes: [1,0,0,1,0,0,1,1,1,0] [2.0,2.0,2.0,1.0,2.0,2.0,2.0,1.0,1.0,2.0]: 2
|                           |                                         +--no:  f_438_f_378_f_379_f_484_f_389 > 0.0
|                           |                                                +--yes: f_186_f_185_f_179_f_660_f_678 > 0.0
|                           |                                                |      +--yes: f_38_f_815_f_752_f_759_f_822 > 0.0
|                           |                                                |      |      +--yes: f_607_f_633_f_545_f_376_f_449 > 2.0
|                           |                                                |      |      |      +--yes: [0,0,0,0,0,1,0,0,0,0] [3.0,3.0,3.0,3.0,3.0,3.0,3.0,3.0,3.0,3.0]: 3
|                           |                                                |      |      |      +--no:  [0,0,0,0,0,0,0,0,0,0] [2.0,2.0,2.0,2.0,2.0,2.0,2.0,2.0,2.0,2.0]: 2
|                           |                                                |      |      +--no:  f_308_f_406_f_617_f_637_f_680 > 1.0
|                           |                                                |      |             +--yes: [0,0,0,0,1,0,0,0,1,0] [2.0,2.0,2.0,2.0,1.0,2.0,2.0,2.0,1.0,2.0]: 2
|                           |                                                |      |             +--no:  f_12_f_2_f_11_f_582_f_679 > 3.0
|                           |                                                |      |                    +--yes: [0,0,0,0,0,0,0,0,0,1] [2.0,2.0,2.0,2.0,2.0,2.0,2.0,2.0,2.0,1.0]: 2
|                           |                                                |      |                    +--no:  f_445_f_372_f_435_f_373_f_491 > 0.0
|                           |                                                |      |                           +--yes: [0,0,0,1,0,0,0,0,0,0] [2.0,2.0,2.0,1.0,2.0,2.0,2.0,2.0,2.0,2.0]: 2
|                           |                                                |      |                           +--no:  [0,0,0,0,0,0,0,0,0,0] [5.0,5.0,5.0,5.0,5.0,5.0,5.0,5.0,5.0,5.0]: 5
|                           |                                                |      +--no:  [1,0,0,1,1,1,1,0,1,0] [1.0,2.0,2.0,1.0,1.0,1.0,1.0,2.0,1.0,2.0]: 2
|                           |                                                +--no:  f_143_f_146_f_145_f_256_f_358 > 2.0
|                           |                                                       +--yes: [1,1,1,1,1,1,1,1,0,1] [2.0,1.0,1.0,1.0,2.0,1.0,1.0,1.0,2.0,1.0]: 2
|                           |                                                       +--no:  f_643_f_393_f_299_f_392_f_528 > 4.0
|                           |                                                              +--yes: [0,0,1,0,0,0,0,0,0,1] [2.0,2.0,3.0,3.0,3.0,3.0,3.0,3.0,3.0,2.0]: 3
|                           |                                                              +--no:  f_417_f_427_f_428_f_214_f_194 > 0.0
|                           |                                                                     +--yes: [1,0,1,1,1,1,0,0,1,1] [1.0,2.0,1.0,2.0,1.0,1.0,2.0,2.0,1.0,1.0]: 2
|                           |                                                                     +--no:  f_821_f_758_f_377_f_600_f_665 > 2.0
|                           |                                                                            +--yes: f_186_f_185_f_179_f_660_f_678 > 4.0
|                           |                                                                            |      +--yes: [0,0,1,0,0,0,0,0,0,0] [2.0,2.0,1.0,2.0,2.0,2.0,2.0,2.0,2.0,2.0]: 2
|                           |                                                                            |      +--no:  [1,0,1,0,1,0,1,1,1,1] [2.0,2.0,1.0,2.0,1.0,2.0,1.0,2.0,2.0,2.0]: 2
|                           |                                                                            +--no:  f_181_f_180_f_628_f_549_f_464 > 3.0
|                           |                                                                                   +--yes: f_346_f_366_f_405_f_614_f_341 > 3.0
|                           |                                                                                   |      +--yes: [1,0,0,1,0,0,1,1,0,0] [1.0,2.0,2.0,1.0,2.0,2.0,1.0,1.0,2.0,2.0]: 2
|                           |                                                                                   |      +--no:  f_186_f_185_f_179_f_660_f_678 > 2.0
|                           |                                                                                   |             +--yes: [0,0,0,0,0,0,0,1,0,0] [2.0,2.0,2.0,2.0,2.0,2.0,2.0,1.0,2.0,2.0]: 2
|                           |                                                                                   |             +--no:  f_374_f_1_f_10_f_283_f_284 > 3.0
|                           |                                                                                   |                    +--yes: [0,0,0,0,0,0,1,0,0,0] [2.0,2.0,2.0,2.0,2.0,2.0,1.0,2.0,2.0,2.0]: 2
|                           |                                                                                   |                    +--no:  [0,0,0,0,0,0,0,0,0,0] [2.0,2.0,2.0,2.0,2.0,2.0,2.0,2.0,2.0,2.0]: 2
|                           |                                                                                   +--no:  f_20_f_19_f_18_f_286_f_352 > 0.0
|                           |                                                                                          +--yes: [1,0,1,0,1,1,0,0,0,0] [1.0,2.0,1.0,2.0,1.0,1.0,2.0,2.0,2.0,2.0]: 2
|                           |                                                                                          +--no:  [0,0,0,0,0,1,0,0,0,0] [2.0,2.0,2.0,2.0,2.0,2.0,2.0,2.0,2.0,2.0]: 2
|                           +--no:  f_3_f_13_f_21_f_581_f_642 > 1.0
|                                  +--yes: f_391_f_540_f_365_f_345_f_390 > 4.0
|                                  |      +--yes: f_308_f_406_f_617_f_637_f_680 > 2.0
|                                  |      |      +--yes: [1,0,1,1,1,0,1,1,0,0] [3.0,2.0,3.0,3.0,3.0,2.0,3.0,3.0,3.0,3.0]: 3
|                                  |      |      +--no:  [1,1,1,0,0,1,1,1,0,0] [2.0,1.0,2.0,2.0,2.0,1.0,2.0,2.0,2.0,2.0]: 2
|                                  |      +--no:  [1,1,0,1,0,1,0,1,0,1] [3.0,3.0,2.0,3.0,3.0,2.0,2.0,3.0,2.0,3.0]: 3
|                                  +--no:  f_335_f_712_f_697_f_696_f_688 > 1.0
|                                         +--yes: f_801_f_738_f_729_f_792_f_722 > 0.0
|                                         |      +--yes: [1,1,1,1,1,1,1,1,1,1] [2.0,3.0,2.0,3.0,2.0,2.0,3.0,3.0,3.0,3.0]: 3
|                                         |      +--no:  f_643_f_393_f_299_f_392_f_528 > 3.0
|                                         |             +--yes: f_451_f_645_f_439_f_646_f_536 > 0.0
|                                         |             |      +--yes: f_20_f_19_f_18_f_286_f_352 > 3.0
|                                         |             |      |      +--yes: f_335_f_712_f_697_f_696_f_688 > 4.0
|                                         |             |      |      |      +--yes: [0,0,1,0,1,0,0,1,0,1] [2.0,2.0,1.0,2.0,2.0,2.0,2.0,1.0,2.0,1.0]: 2
|                                         |             |      |      |      +--no:  f_571_f_339_f_567_f_662_f_663 > 3.0
|                                         |             |      |      |             +--yes: [1,1,0,1,0,0,0,0,0,0] [1.0,2.0,2.0,1.0,2.0,2.0,2.0,2.0,2.0,2.0]: 2
|                                         |             |      |      |             +--no:  f_597_f_356_f_677_f_584_f_578 > 4.0
|                                         |             |      |      |                    +--yes: f_656_f_613_f_285_f_14_f_255 > 4.0
|                                         |             |      |      |                    |      +--yes: [0,0,0,0,0,0,0,0,0,0] [3.0,3.0,3.0,3.0,3.0,3.0,3.0,3.0,3.0,3.0]: 3
|                                         |             |      |      |                    |      +--no:  [1,0,0,1,0,0,0,1,0,0] [1.0,2.0,2.0,1.0,2.0,2.0,2.0,1.0,2.0,2.0]: 2
|                                         |             |      |      |                    +--no:  f_308_f_406_f_617_f_637_f_680 > 1.0
|                                         |             |      |      |                           +--yes: [0,0,0,0,0,1,0,0,1,0] [2.0,2.0,2.0,2.0,2.0,1.0,2.0,2.0,1.0,2.0]: 2
|                                         |             |      |      |                           +--no:  [0,0,1,0,0,0,0,0,0,0] [2.0,2.0,2.0,3.0,3.0,2.0,3.0,3.0,3.0,3.0]: 3
|                                         |             |      |      +--no:  f_335_f_712_f_697_f_696_f_688 > 2.0
|                                         |             |      |             +--yes: [0,1,0,0,0,1,1,1,1,0] [2.0,1.0,2.0,2.0,2.0,1.0,1.0,1.0,1.0,2.0]: 2
|                                         |             |      |             +--no:  [1,1,1,0,1,1,1,1,1,1] [1.0,2.0,2.0,2.0,2.0,2.0,2.0,2.0,1.0,1.0]: 2
|                                         |             |      +--no:  f_452_f_380_f_440_f_443_f_420 > 2.0
|                                         |             |             +--yes: [1,1,1,1,1,1,1,1,1,1] [2.0,2.0,2.0,2.0,1.0,1.0,1.0,2.0,1.0,1.0]: 2
|                                         |             |             +--no:  f_338_f_340_f_592_f_683_f_351 > 3.0
|                                         |             |                    +--yes: f_186_f_185_f_179_f_660_f_678 > 3.0
|                                         |             |                    |      +--yes: f_20_f_19_f_18_f_286_f_352 > 0.0
|                                         |             |                    |      |      +--yes: [0,0,0,0,0,0,0,0,0,0] [3.0,3.0,3.0,3.0,3.0,3.0,3.0,3.0,3.0,3.0]: 3
|                                         |             |                    |      |      +--no:  [0,0,0,1,0,0,1,0,1,1] [2.0,2.0,2.0,1.0,2.0,2.0,1.0,2.0,1.0,1.0]: 2
|                                         |             |                    |      +--no:  f_516_f_434_f_446_f_556_f_490 > 4.0
|                                         |             |                    |             +--yes: f_20_f_19_f_18_f_286_f_352 > 3.0
|                                         |             |                    |             |      +--yes: [0,1,0,1,1,0,0,1,1,0] [3.0,2.0,2.0,3.0,2.0,3.0,2.0,2.0,2.0,2.0]: 3
|                                         |             |                    |             |      +--no:  [1,0,0,1,0,0,1,1,0,0] [1.0,2.0,2.0,1.0,2.0,2.0,2.0,2.0,2.0,2.0]: 2
|                                         |             |                    |             +--no:  [0,1,0,0,0,0,0,1,0,0] [3.0,2.0,3.0,3.0,3.0,3.0,3.0,3.0,3.0,3.0]: 3
|                                         |             |                    +--no:  f_571_f_339_f_567_f_662_f_663 > 3.0
|                                         |             |                           +--yes: f_338_f_340_f_592_f_683_f_351 > 2.0
|                                         |             |                           |      +--yes: [1,1,0,1,0,1,0,0,1,1] [2.0,2.0,3.0,2.0,3.0,2.0,2.0,2.0,2.0,2.0]: 3
|                                         |             |                           |      +--no:  [1,1,0,0,0,0,0,0,0,0] [1.0,1.0,2.0,2.0,2.0,2.0,2.0,2.0,2.0,2.0]: 2
|                                         |             |                           +--no:  f_20_f_19_f_18_f_286_f_352 > 3.0
|                                         |             |                                  +--yes: [1,1,0,1,0,0,1,1,1,1] [1.0,2.0,2.0,1.0,2.0,2.0,2.0,2.0,2.0,2.0]: 2
|                                         |             |                                  +--no:  [1,1,0,1,1,0,1,1,1,0] [2.0,3.0,2.0,2.0,2.0,3.0,3.0,3.0,2.0,3.0]: 3
|                                         |             +--no:  f_566_f_659_f_615_f_15_f_178 > 3.0
|                                         |                    +--yes: f_335_f_712_f_697_f_696_f_688 > 3.0
|                                         |                    |      +--yes: f_257_f_384_f_552_f_520_f_470 > 4.0
|                                         |                    |      |      +--yes: f_143_f_146_f_145_f_256_f_358 > 0.0
|                                         |                    |      |      |      +--yes: [0,0,0,0,0,0,1,0,0,0] [2.0,2.0,2.0,2.0,2.0,2.0,1.0,2.0,2.0,2.0]: 2
|                                         |                    |      |      |      +--no:  f_335_f_712_f_697_f_696_f_688 > 4.0
|                                         |                    |      |      |             +--yes: [1,0,1,0,0,0,0,0,1,1] [2.0,2.0,1.0,2.0,2.0,2.0,2.0,2.0,1.0,1.0]: 2
|                                         |                    |      |      |             +--no:  [1,0,0,0,0,0,0,0,0,0] [2.0,2.0,2.0,2.0,2.0,2.0,2.0,2.0,2.0,2.0]: 2
|                                         |                    |      |      +--no:  [1,0,0,0,0,1,1,0,0,0] [1.0,2.0,2.0,2.0,2.0,2.0,1.0,2.0,2.0,2.0]: 2
|                                         |                    |      +--no:  f_308_f_406_f_617_f_637_f_680 > 1.0
|                                         |                    |             +--yes: [0,0,0,0,0,0,1,1,0,0] [2.0,2.0,2.0,2.0,2.0,2.0,1.0,2.0,2.0,2.0]: 2
|                                         |                    |             +--no:  [1,1,0,1,1,0,1,1,1,0] [1.0,2.0,2.0,2.0,1.0,2.0,1.0,2.0,1.0,2.0]: 2
|                                         |                    +--no:  f_656_f_613_f_285_f_14_f_255 > 4.0
|                                         |                           +--yes: f_335_f_712_f_697_f_696_f_688 > 3.0
|                                         |                           |      +--yes: f_713_f_734_f_755_f_756_f_819 > 2.0
|                                         |                           |      |      +--yes: [1,0,1,1,1,0,0,0,0,0] [3.0,2.0,2.0,2.0,2.0,3.0,3.0,3.0,3.0,3.0]: 3
|                                         |                           |      |      +--no:  f_346_f_366_f_405_f_614_f_341 > 0.0
|                                         |                           |      |             +--yes: f_20_f_19_f_18_f_286_f_352 > 3.0
|                                         |                           |      |             |      +--yes: f_776_f_711_f_334_f_242_f_860 > 0.0
|                                         |                           |      |             |      |      +--yes: [1,1,0,1,1,1,1,1,0,0] [2.0,2.0,2.0,2.0,1.0,2.0,2.0,2.0,2.0,2.0]: 2
|                                         |                           |      |             |      |      +--no:  [1,0,0,1,0,0,1,1,1,1] [2.0,2.0,2.0,1.0,2.0,2.0,2.0,2.0,2.0,1.0]: 2
|                                         |                           |      |             |      +--no:  f_193_f_199_f_206_f_200_f_207 > 0.0
|                                         |                           |      |             |             +--yes: [1,0,0,0,0,0,1,0,0,1] [2.0,2.0,2.0,2.0,2.0,2.0,2.0,2.0,2.0,1.0]: 2
|                                         |                           |      |             |             +--no:  [1,0,0,1,0,0,1,1,0,0] [3.0,2.0,3.0,2.0,3.0,3.0,3.0,2.0,3.0,3.0]: 3
|                                         |                           |      |             +--no:  [1,0,0,0,0,1,0,0,0,0] [1.0,2.0,2.0,2.0,2.0,1.0,2.0,2.0,2.0,2.0]: 2
|                                         |                           |      +--no:  f_779_f_716_f_707_f_546_f_502 > 0.0
|                                         |                           |             +--yes: [1,1,1,1,0,1,1,1,1,1] [3.0,2.0,2.0,2.0,2.0,2.0,3.0,3.0,2.0,2.0]: 3
|                                         |                           |             +--no:  f_12_f_2_f_11_f_582_f_679 > 4.0
|                                         |                           |                    +--yes: [0,0,0,0,0,0,1,1,0,0] [3.0,2.0,2.0,3.0,3.0,2.0,3.0,2.0,3.0,3.0]: 3
|                                         |                           |                    +--no:  [1,1,0,0,1,1,1,1,0,0] [2.0,2.0,2.0,2.0,2.0,3.0,3.0,3.0,2.0,3.0]: 3
|                                         |                           +--no:  f_516_f_434_f_446_f_556_f_490 > 4.0
|                                         |                                  +--yes: f_257_f_384_f_552_f_520_f_470 > 4.0
|                                         |                                  |      +--yes: f_335_f_712_f_697_f_696_f_688 > 4.0
|                                         |                                  |      |      +--yes: [1,1,0,1,1,0,0,0,0,1] [1.0,2.0,2.0,1.0,1.0,2.0,2.0,2.0,2.0,1.0]: 2
|                                         |                                  |      |      +--no:  [1,1,0,1,1,1,1,1,0,1] [2.0,2.0,2.0,2.0,1.0,1.0,2.0,2.0,2.0,1.0]: 2
|                                         |                                  |      +--no:  f_20_f_19_f_18_f_286_f_352 > 3.0
|                                         |                                  |             +--yes: f_452_f_380_f_440_f_443_f_420 > 2.0
|                                         |                                  |             |      +--yes: [1,1,1,1,1,1,1,1,1,0] [2.0,2.0,1.0,1.0,2.0,2.0,2.0,1.0,2.0,2.0]: 2
|                                         |                                  |             |      +--no:  [1,1,1,1,1,1,1,1,0,0] [2.0,2.0,2.0,2.0,1.0,2.0,2.0,1.0,2.0,2.0]: 2
|                                         |                                  |             +--no:  [1,1,1,1,1,0,1,1,1,1] [2.0,2.0,2.0,2.0,1.0,2.0,2.0,2.0,2.0,2.0]: 2
|                                         |                                  +--no:  [1,0,1,0,1,1,0,0,0,1] [1.0,2.0,1.0,2.0,1.0,2.0,2.0,2.0,2.0,1.0]: 2
|                                         +--no:  f_780_f_831_f_768_f_726_f_789 > 2.0
|                                                +--yes: f_374_f_1_f_10_f_283_f_284 > 4.0
|                                                |      +--yes: [0,0,0,1,0,0,1,0,0,0] [3.0,2.0,3.0,3.0,2.0,3.0,3.0,3.0,3.0,3.0]: 3
|                                                |      +--no:  [1,1,1,1,1,1,1,1,0,0] [1.0,1.0,1.0,2.0,1.0,2.0,2.0,1.0,2.0,2.0]: 2
|                                                +--no:  f_251_f_250_f_187_f_188_f_577 > 3.0
|                                                       +--yes: f_374_f_1_f_10_f_283_f_284 > 4.0
|                                                       |      +--yes: [0,0,1,0,0,1,1,1,0,0] [2.0,2.0,2.0,2.0,2.0,2.0,2.0,2.0,2.0,2.0]: 2
|                                                       |      +--no:  [1,1,1,0,0,1,1,1,0,0] [2.0,1.0,2.0,2.0,2.0,1.0,2.0,1.0,2.0,2.0]: 2
|                                                       +--no:  f_3_f_13_f_21_f_581_f_642 > 0.0
|                                                              +--yes: [1,1,0,0,0,1,1,0,1,1] [1.0,2.0,2.0,2.0,2.0,2.0,1.0,2.0,1.0,2.0]: 2
|                                                              +--no:  f_391_f_540_f_365_f_345_f_390 > 3.0
|                                                                     +--yes: f_38_f_815_f_752_f_759_f_822 > 0.0
|                                                                     |      +--yes: f_516_f_434_f_446_f_556_f_490 > 4.0
|                                                                     |      |      +--yes: [1,1,1,0,1,1,1,1,1,0] [1.0,2.0,2.0,2.0,1.0,2.0,2.0,2.0,1.0,2.0]: 2
|                                                                     |      |      +--no:  [1,0,1,1,0,1,1,0,1,1] [1.0,2.0,1.0,1.0,2.0,2.0,1.0,2.0,2.0,1.0]: 2
|                                                                     |      +--no:  f_611_f_569_f_16_f_418_f_453 > 1.0
|                                                                     |             +--yes: f_186_f_185_f_179_f_660_f_678 > 3.0
|                                                                     |             |      +--yes: [1,1,0,0,0,0,1,1,0,0] [3.0,3.0,3.0,2.0,3.0,2.0,2.0,3.0,3.0,3.0]: 3
|                                                                     |             |      +--no:  f_800_f_737_f_437_f_585_f_657 > 1.0
|                                                                     |             |             +--yes: [1,1,0,0,1,0,0,1,0,0] [1.0,2.0,2.0,2.0,1.0,2.0,2.0,1.0,2.0,2.0]: 2
|                                                                     |             |             +--no:  [1,0,0,0,0,0,0,0,0,0] [2.0,3.0,2.0,3.0,3.0,3.0,2.0,3.0,3.0,3.0]: 3
|                                                                     |             +--no:  f_143_f_146_f_145_f_256_f_358 > 0.0
|                                                                     |                    +--yes: [1,0,1,0,0,1,0,0,0,0] [3.0,2.0,2.0,2.0,3.0,2.0,2.0,3.0,3.0,3.0]: 3
|                                                                     |                    +--no:  f_779_f_716_f_707_f_546_f_502 > 2.0
|                                                                     |                           +--yes: [0,1,1,0,0,0,1,1,0,0] [3.0,2.0,2.0,3.0,3.0,2.0,2.0,2.0,3.0,3.0]: 3
|                                                                     |                           +--no:  f_20_f_19_f_18_f_286_f_352 > 0.0
|                                                                     |                                  +--yes: f_391_f_540_f_365_f_345_f_390 > 4.0
|                                                                     |                                  |      +--yes: f_308_f_406_f_617_f_637_f_680 > 0.0
|                                                                     |                                  |      |      +--yes: [0,0,0,0,0,0,0,0,0,0] [5.0,5.0,5.0,5.0,5.0,5.0,5.0,5.0,5.0,5.0]: 5
|                                                                     |                                  |      |      +--no:  [0,0,0,0,0,1,0,0,1,0] [2.0,2.0,2.0,2.0,2.0,1.0,2.0,2.0,1.0,2.0]: 2
|                                                                     |                                  |      +--no:  f_338_f_340_f_592_f_683_f_351 > 3.0
|                                                                     |                                  |             +--yes: [1,1,0,0,0,0,1,1,0,0] [1.0,2.0,2.0,2.0,2.0,2.0,1.0,1.0,2.0,2.0]: 2
|                                                                     |                                  |             +--no:  f_308_f_406_f_617_f_637_f_680 > 0.0
|                                                                     |                                  |                    +--yes: [0,1,0,0,0,0,0,0,0,0] [2.0,1.0,2.0,2.0,2.0,2.0,2.0,2.0,2.0,2.0]: 2
|                                                                     |                                  |                    +--no:  [0,0,0,0,0,1,0,0,0,0] [2.0,2.0,2.0,2.0,2.0,1.0,2.0,2.0,2.0,2.0]: 2
|                                                                     |                                  +--no:  [0,1,1,0,0,0,0,1,0,1] [2.0,1.0,2.0,2.0,2.0,2.0,2.0,1.0,2.0,1.0]: 2
|                                                                     +--no:  f_451_f_645_f_439_f_646_f_536 > 0.0
|                                                                            +--yes: [0,0,0,0,0,0,1,0,1,1] [2.0,3.0,2.0,3.0,3.0,2.0,2.0,2.0,2.0,3.0]: 3
|                                                                            +--no:  f_20_f_19_f_18_f_286_f_352 > 0.0
|                                                                                   +--yes: [0,0,0,0,0,1,0,0,0,0] [2.0,2.0,2.0,2.0,2.0,1.0,2.0,2.0,2.0,2.0]: 2
|                                                                                   +--no:  [0,0,0,0,1,1,0,0,0,1] [2.0,2.0,2.0,2.0,1.0,2.0,2.0,2.0,2.0,1.0]: 2
+--no:  f_259_f_530_f_555_f_576_f_442 > 1.0
       +--yes: f_713_f_734_f_755_f_756_f_819 > 0.0
       |      +--yes: f_186_f_185_f_179_f_660_f_678 > 3.0
       |      |      +--yes: [0,0,1,1,0,1,1,1,1,1] [2.0,2.0,1.0,1.0,2.0,1.0,1.0,2.0,1.0,1.0]: 2
       |      |      +--no:  f_391_f_540_f_365_f_345_f_390 > 0.0
       |      |             +--yes: [1,1,1,1,1,0,1,1,1,1] [1.0,2.0,1.0,2.0,2.0,2.0,2.0,1.0,2.0,1.0]: 2
       |      |             +--no:  [1,1,0,1,0,0,1,1,1,1] [2.0,1.0,2.0,2.0,2.0,2.0,2.0,2.0,1.0,2.0]: 2
       |      +--no:  f_308_f_406_f_617_f_637_f_680 > 4.0
       |             +--yes: f_639_f_681_f_690_f_701_f_700 > 1.0
       |             |      +--yes: [1,1,0,0,1,1,1,1,1,1] [1.0,1.0,2.0,2.0,2.0,1.0,1.0,1.0,2.0,2.0]: 2
       |             |      +--no:  [1,1,0,1,1,0,0,1,0,0] [2.0,3.0,3.0,3.0,3.0,3.0,2.0,3.0,3.0,3.0]: 3
       |             +--no:  f_643_f_393_f_299_f_392_f_528 > 2.0
       |                    +--yes: f_518_f_394_f_398_f_522_f_510 > 3.0
       |                    |      +--yes: [1,1,1,1,0,0,1,1,0,1] [1.0,1.0,1.0,1.0,2.0,2.0,2.0,2.0,2.0,1.0]: 2
       |                    |      +--no:  f_654_f_560_f_375_f_636_f_674 > 0.0
       |                    |             +--yes: [1,0,0,1,0,0,0,0,0,0] [2.0,3.0,2.0,3.0,3.0,3.0,3.0,3.0,3.0,3.0]: 3
       |                    |             +--no:  [0,0,0,1,1,0,1,0,1,0] [2.0,2.0,2.0,1.0,1.0,2.0,1.0,2.0,1.0,2.0]: 2
       |                    +--no:  f_571_f_339_f_567_f_662_f_663 > 0.0
       |                           +--yes: [0,0,1,0,1,0,0,0,0,1] [2.0,2.0,1.0,2.0,1.0,2.0,2.0,2.0,2.0,1.0]: 2
       |                           +--no:  f_12_f_2_f_11_f_582_f_679 > 3.0
       |                                  +--yes: [1,1,1,1,1,1,0,1,0,0] [2.0,2.0,2.0,2.0,1.0,1.0,2.0,2.0,2.0,2.0]: 2
       |                                  +--no:  [1,1,1,0,1,1,1,0,0,1] [2.0,1.0,1.0,2.0,2.0,2.0,1.0,2.0,2.0,1.0]: 2
       +--no:  f_12_f_2_f_11_f_582_f_679 > 4.0
              +--yes: f_638_f_548_f_574_f_655_f_641 > 0.0
              |      +--yes: f_227_f_230_f_229_f_631_f_544 > 1.0
              |      |      +--yes: f_3_f_13_f_21_f_581_f_642 > 1.0
              |      |      |      +--yes: [1,1,0,1,1,0,1,0,1,1] [2.0,1.0,2.0,1.0,1.0,2.0,1.0,2.0,1.0,1.0]: 2
              |      |      |      +--no:  [1,1,1,0,1,0,1,1,1,0] [2.0,2.0,1.0,2.0,2.0,2.0,2.0,2.0,1.0,2.0]: 2
              |      |      +--no:  f_391_f_540_f_365_f_345_f_390 > 2.0
              |      |             +--yes: f_3_f_13_f_21_f_581_f_642 > 2.0
              |      |             |      +--yes: f_611_f_569_f_16_f_418_f_453 > 0.0
              |      |             |      |      +--yes: [0,0,1,1,0,0,0,0,0,0] [2.0,2.0,2.0,2.0,2.0,2.0,2.0,2.0,2.0,2.0]: 2
              |      |             |      |      +--no:  [0,0,1,0,0,0,0,0,0,0] [2.0,2.0,1.0,2.0,2.0,2.0,2.0,2.0,2.0,2.0]: 2
              |      |             |      +--no:  f_667_f_590_f_382_f_651_f_606 > 0.0
              |      |             |             +--yes: [0,0,1,1,1,1,0,1,1,0] [2.0,2.0,1.0,1.0,2.0,1.0,2.0,1.0,1.0,2.0]: 2
              |      |             |             +--no:  f_20_f_19_f_18_f_286_f_352 > 3.0
              |      |             |                    +--yes: [1,0,0,1,0,1,1,1,0,0] [1.0,2.0,2.0,2.0,2.0,1.0,1.0,1.0,2.0,2.0]: 2
              |      |             |                    +--no:  [1,0,0,1,0,0,1,1,0,0] [2.0,2.0,2.0,1.0,2.0,2.0,2.0,2.0,2.0,2.0]: 2
              |      |             +--no:  f_698_f_689_f_573_f_619_f_498 > 2.0
              |      |                    +--yes: f_667_f_590_f_382_f_651_f_606 > 4.0
              |      |                    |      +--yes: f_516_f_434_f_446_f_556_f_490 > 4.0
              |      |                    |      |      +--yes: f_20_f_19_f_18_f_286_f_352 > 4.0
              |      |                    |      |      |      +--yes: f_686_f_693_f_705_f_432_f_537 > 1.0
              |      |                    |      |      |      |      +--yes: [0,0,0,0,0,0,0,0,1,1] [4.0,4.0,4.0,4.0,4.0,4.0,4.0,4.0,2.0,2.0]: 4
              |      |                    |      |      |      |      +--no:  [0,0,1,0,1,0,0,0,1,1] [2.0,2.0,1.0,2.0,1.0,2.0,2.0,2.0,2.0,2.0]: 2
              |      |                    |      |      |      +--no:  f_571_f_339_f_567_f_662_f_663 > 1.0
              |      |                    |      |      |             +--yes: [0,0,1,1,1,0,0,0,1,1] [2.0,2.0,2.0,2.0,2.0,2.0,2.0,2.0,2.0,2.0]: 3
              |      |                    |      |      |             +--no:  [0,0,1,0,0,0,0,0,0,0] [3.0,3.0,3.0,3.0,3.0,3.0,3.0,3.0,3.0,2.0]: 3
              |      |                    |      |      +--no:  [1,1,0,1,1,0,1,1,0,0] [3.0,2.0,3.0,2.0,2.0,3.0,2.0,2.0,2.0,2.0]: 3
              |      |                    |      +--no:  f_666_f_594_f_604_f_626_f_589 > 0.0
              |      |                    |             +--yes: f_686_f_693_f_705_f_432_f_537 > 2.0
              |      |                    |             |      +--yes: f_335_f_712_f_697_f_696_f_688 > 4.0
              |      |                    |             |      |      +--yes: [1,0,1,0,1,1,0,0,0,0] [2.0,3.0,2.0,2.0,2.0,2.0,3.0,2.0,3.0,3.0]: 3
              |      |                    |             |      |      +--no:  [0,0,1,1,1,1,0,0,1,1] [2.0,2.0,1.0,2.0,2.0,2.0,2.0,2.0,2.0,1.0]: 2
              |      |                    |             |      +--no:  f_667_f_590_f_382_f_651_f_606 > 3.0
              |      |                    |             |             +--yes: f_335_f_712_f_697_f_696_f_688 > 4.0
              |      |                    |             |             |      +--yes: [0,0,1,0,0,1,0,0,0,1] [2.0,2.0,1.0,2.0,2.0,2.0,2.0,2.0,2.0,1.0]: 2
              |      |                    |             |             |      +--no:  [0,0,1,1,1,1,0,0,1,1] [2.0,2.0,1.0,1.0,2.0,2.0,2.0,2.0,2.0,2.0]: 2
              |      |                    |             |             +--no:  f_186_f_185_f_179_f_660_f_678 > 4.0
              |      |                    |             |                    +--yes: f_374_f_1_f_10_f_283_f_284 > 4.0
              |      |                    |             |                    |      +--yes: f_713_f_734_f_755_f_756_f_819 > 2.0
              |      |                    |             |                    |      |      +--yes: [0,1,1,0,1,1,0,0,1,0] [2.0,2.0,2.0,2.0,1.0,2.0,2.0,2.0,1.0,2.0]: 2
              |      |                    |             |                    |      |      +--no:  [0,1,1,0,1,0,0,0,0,0] [2.0,1.0,1.0,2.0,2.0,2.0,2.0,2.0,2.0,2.0]: 2
              |      |                    |             |                    |      +--no:  [0,1,0,0,0,0,0,0,1,0] [2.0,1.0,2.0,2.0,2.0,2.0,2.0,2.0,2.0,2.0]: 2
              |      |                    |             |                    +--no:  f_639_f_681_f_690_f_701_f_700 > 2.0
              |      |                    |             |                           +--yes: [0,0,0,0,0,1,0,0,0,0] [3.0,3.0,2.0,3.0,3.0,2.0,3.0,3.0,3.0,2.0]: 3
              |      |                    |             |                           +--no:  [0,0,0,0,0,0,0,0,0,0] [3.0,3.0,3.0,3.0,2.0,3.0,3.0,3.0,3.0,3.0]: 3
              |      |                    |             +--no:  f_143_f_146_f_145_f_256_f_358 > 0.0
              |      |                    |                    +--yes: f_335_f_712_f_697_f_696_f_688 > 4.0
              |      |                    |                    |      +--yes: f_430_f_333_f_708_f_710_f_709 > 4.0
              |      |                    |                    |      |      +--yes: [0,1,1,0,1,0,0,0,1,1] [3.0,2.0,2.0,2.0,3.0,2.0,3.0,3.0,2.0,2.0]: 3
              |      |                    |                    |      |      +--no:  [0,1,1,1,1,1,0,0,0,0] [2.0,2.0,1.0,1.0,2.0,1.0,2.0,2.0,2.0,2.0]: 2
              |      |                    |                    |      +--no:  [0,1,0,0,1,0,0,1,1,1] [2.0,1.0,2.0,2.0,2.0,2.0,2.0,1.0,2.0,2.0]: 2
              |      |                    |                    +--no:  [1,1,1,1,1,1,1,1,1,0] [2.0,1.0,1.0,2.0,1.0,1.0,1.0,1.0,1.0,2.0]: 2
              |      |                    +--no:  f_639_f_681_f_690_f_701_f_700 > 1.0
              |      |                           +--yes: [1,1,1,1,1,0,0,0,1,1] [1.0,2.0,2.0,1.0,2.0,2.0,2.0,2.0,2.0,1.0]: 2
              |      |                           +--no:  [1,0,1,1,0,0,0,1,0,0] [2.0,2.0,3.0,3.0,2.0,2.0,3.0,2.0,3.0,3.0]: 3
              |      +--no:  f_462_f_605_f_337_f_839_f_861 > 3.0
              |             +--yes: f_343_f_361_f_609_f_771_f_834 > 0.0
              |             |      +--yes: f_346_f_366_f_405_f_614_f_341 > 3.0
              |             |      |      +--yes: [0,0,0,0,0,1,0,0,0,0] [4.0,4.0,4.0,4.0,4.0,3.0,4.0,4.0,4.0,4.0]: 4
              |             |      |      +--no:  f_287_f_23_f_24_f_363_f_364 > 0.0
              |             |      |             +--yes: [0,0,0,0,0,1,0,0,0,1] [2.0,2.0,2.0,2.0,2.0,2.0,2.0,2.0,2.0,1.0]: 2
              |             |      |             +--no:  [0,0,1,0,1,1,0,0,0,1] [2.0,2.0,1.0,2.0,1.0,1.0,2.0,2.0,2.0,1.0]: 2
              |             |      +--no:  f_33_f_293_f_353_f_368_f_349 > 0.0
              |             |             +--yes: [0,0,1,0,1,1,1,0,0,1] [2.0,2.0,2.0,2.0,1.0,2.0,2.0,2.0,2.0,2.0]: 2
              |             |             +--no:  f_287_f_23_f_24_f_363_f_364 > 0.0
              |             |                    +--yes: f_287_f_23_f_24_f_363_f_364 > 2.0
              |             |                    |      +--yes: f_346_f_366_f_405_f_614_f_341 > 3.0
              |             |                    |      |      +--yes: [0,0,0,1,1,1,0,0,0,0] [2.0,2.0,2.0,1.0,1.0,1.0,2.0,2.0,2.0,2.0]: 2
              |             |                    |      |      +--no:  [0,0,0,0,0,0,0,0,0,0] [2.0,2.0,2.0,2.0,2.0,2.0,2.0,2.0,2.0,2.0]: 2
              |             |                    |      +--no:  f_672_f_553_f_671_f_493_f_623 > 2.0
              |             |                    |             +--yes: f_3_f_13_f_21_f_581_f_642 > 0.0
              |             |                    |             |      +--yes: [0,1,1,1,1,1,0,0,1,0] [2.0,1.0,2.0,2.0,1.0,2.0,2.0,2.0,1.0,2.0]: 2
              |             |                    |             |      +--no:  [0,1,1,1,0,1,0,0,1,0] [2.0,1.0,1.0,1.0,2.0,1.0,2.0,2.0,1.0,2.0]: 2
              |             |                    |             +--no:  [0,0,0,1,0,1,0,0,0,0] [3.0,3.0,3.0,2.0,3.0,2.0,3.0,3.0,3.0,3.0]: 3
              |             |                    +--no:  f_186_f_185_f_179_f_660_f_678 > 4.0
              |             |                           +--yes: f_639_f_681_f_690_f_701_f_700 > 0.0
              |             |                           |      +--yes: f_367_f_347_f_610_f_661_f_563 > 0.0
              |             |                           |      |      +--yes: [0,0,0,0,0,0,0,0,0,0] [2.0,2.0,2.0,2.0,2.0,2.0,2.0,2.0,2.0,2.0]: 3
              |             |                           |      |      +--no:  f_346_f_366_f_405_f_614_f_341 > 3.0
              |             |                           |      |             +--yes: [1,1,1,1,0,1,0,0,0,0] [1.0,1.0,2.0,2.0,2.0,2.0,2.0,2.0,2.0,2.0]: 2
              |             |                           |      |             +--no:  f_672_f_553_f_671_f_493_f_623 > 2.0
              |             |                           |      |                    +--yes: [0,0,1,1,0,1,1,0,0,0] [3.0,2.0,3.0,2.0,2.0,2.0,3.0,3.0,2.0,2.0]: 3
              |             |                           |      |                    +--no:  [0,1,1,1,0,1,0,0,0,1] [2.0,1.0,2.0,2.0,2.0,2.0,2.0,2.0,2.0,1.0]: 2
              |             |                           |      +--no:  [0,1,1,0,1,1,0,0,1,1] [2.0,2.0,2.0,2.0,2.0,3.0,2.0,2.0,2.0,2.0]: 3
              |             |                           +--no:  [0,0,0,0,0,0,0,0,0,0] [2.0,2.0,3.0,3.0,3.0,3.0,2.0,3.0,2.0,2.0]: 3
              |             +--no:  f_308_f_406_f_617_f_637_f_680 > 0.0
              |                    +--yes: f_643_f_393_f_299_f_392_f_528 > 0.0
              |                    |      +--yes: [0,0,1,1,1,0,0,0,1,1] [2.0,2.0,1.0,1.0,2.0,2.0,2.0,2.0,1.0,1.0]: 2
              |                    |      +--no:  f_845_f_635_f_773_f_526_f_529 > 0.0
              |                    |             +--yes: [0,0,0,0,1,0,0,0,0,0] [3.0,3.0,3.0,3.0,3.0,2.0,3.0,3.0,3.0,3.0]: 3
              |                    |             +--no:  f_346_f_366_f_405_f_614_f_341 > 0.0
              |                    |                    +--yes: f_535_f_579_f_684_f_692_f_704 > 3.0
              |                    |                    |      +--yes: f_3_f_13_f_21_f_581_f_642 > 2.0
              |                    |                    |      |      +--yes: [0,1,0,0,0,1,0,1,0,0] [2.0,1.0,2.0,2.0,2.0,2.0,2.0,1.0,2.0,2.0]: 2
              |                    |                    |      |      +--no:  f_672_f_553_f_671_f_493_f_623 > 2.0
              |                    |                    |      |             +--yes: [0,0,0,0,0,1,0,0,0,0] [4.0,4.0,4.0,4.0,4.0,2.0,4.0,4.0,4.0,4.0]: 4
              |                    |                    |      |             +--no:  f_346_f_366_f_405_f_614_f_341 > 1.0
              |                    |                    |      |                    +--yes: f_20_f_19_f_18_f_286_f_352 > 4.0
              |                    |                    |      |                    |      +--yes: [1,0,0,0,0,0,0,0,0,0] [1.0,2.0,2.0,2.0,2.0,2.0,2.0,2.0,2.0,2.0]: 2
              |                    |                    |      |                    |      +--no:  [0,0,0,0,0,0,0,0,0,0] [2.0,2.0,2.0,2.0,2.0,2.0,2.0,2.0,2.0,2.0]: 2
              |                    |                    |      |                    +--no:  [0,0,0,0,0,0,0,0,1,0] [2.0,2.0,2.0,2.0,2.0,2.0,2.0,2.0,1.0,2.0]: 2
              |                    |                    |      +--no:  f_192_f_248_f_818_f_797_f_249 > 0.0
              |                    |                    |             +--yes: f_462_f_605_f_337_f_839_f_861 > 0.0
              |                    |                    |             |      +--yes: [1,0,0,0,0,0,0,0,0,1] [1.0,2.0,2.0,2.0,2.0,2.0,2.0,2.0,2.0,1.0]: 2
              |                    |                    |             |      +--no:  [0,0,1,0,0,1,1,0,0,1] [2.0,2.0,2.0,2.0,2.0,1.0,1.0,2.0,2.0,2.0]: 2
              |                    |                    |             +--no:  [0,0,0,0,0,0,0,0,0,0] [3.0,3.0,2.0,3.0,3.0,3.0,3.0,3.0,3.0,3.0]: 3
              |                    |                    +--no:  [1,1,0,0,1,1,1,1,1,0] [1.0,1.0,2.0,2.0,1.0,1.0,1.0,1.0,1.0,2.0]: 2
              |                    +--no:  [1,0,0,0,1,1,0,0,0,1] [2.0,2.0,2.0,2.0,2.0,2.0,3.0,2.0,2.0,3.0]: 3
              +--no:  f_776_f_711_f_334_f_242_f_860 > 0.0
                     +--yes: f_143_f_146_f_145_f_256_f_358 > 0.0
                     |      +--yes: [0,0,0,0,0,0,0,0,0,0] [3.0,2.0,3.0,3.0,3.0,2.0,3.0,2.0,3.0,3.0]: 3
                     |      +--no:  f_580_f_624_f_673_f_523_f_538 > 0.0
                     |             +--yes: f_12_f_2_f_11_f_582_f_679 > 3.0
                     |             |      +--yes: [1,1,1,0,0,0,1,0,0,0] [4.0,4.0,4.0,4.0,4.0,4.0,4.0,4.0,4.0,4.0]: 4
                     |             |      +--no:  [0,0,0,0,0,1,1,0,0,0] [2.0,2.0,2.0,2.0,2.0,1.0,2.0,2.0,2.0,2.0]: 2
                     |             +--no:  f_335_f_712_f_697_f_696_f_688 > 2.0
                     |                    +--yes: f_338_f_340_f_592_f_683_f_351 > 3.0
                     |                    |      +--yes: [1,1,0,1,0,0,1,1,1,0] [3.0,3.0,3.0,2.0,2.0,3.0,3.0,3.0,2.0,2.0]: 3
                     |                    |      +--no:  f_186_f_185_f_179_f_660_f_678 > 3.0
                     |                    |             +--yes: [1,1,1,1,0,0,1,1,1,0] [2.0,2.0,2.0,2.0,2.0,2.0,1.0,2.0,1.0,2.0]: 2
                     |                    |             +--no:  [1,1,1,1,1,1,1,1,0,1] [2.0,2.0,2.0,2.0,1.0,2.0,2.0,2.0,2.0,2.0]: 2
                     |                    +--no:  [0,1,1,1,0,0,0,0,0,0] [2.0,3.0,2.0,2.0,2.0,3.0,2.0,3.0,2.0,2.0]: 3
                     +--no:  f_150_f_153_f_152_f_157_f_160 > 0.0
                            +--yes: f_241_f_244_f_243_f_258_f_386 > 0.0
                            |      +--yes: [1,1,1,1,1,1,1,1,1,1] [1.0,2.0,1.0,2.0,2.0,2.0,1.0,2.0,2.0,2.0]: 2
                            |      +--no:  f_3_f_13_f_21_f_581_f_642 > 0.0
                            |             +--yes: [0,1,0,0,1,0,0,0,0,0] [2.0,1.0,2.0,2.0,1.0,2.0,2.0,2.0,2.0,2.0]: 2
                            |             +--no:  [1,1,0,1,1,0,1,1,0,0] [2.0,2.0,2.0,2.0,2.0,2.0,2.0,2.0,2.0,2.0]: 2
                            +--no:  f_412_f_507_f_586_f_658_f_500 > 1.0
                                   +--yes: f_33_f_293_f_353_f_368_f_349 > 4.0
                                   |      +--yes: [1,1,1,1,1,0,1,1,1,1] [2.0,2.0,2.0,1.0,2.0,2.0,2.0,1.0,1.0,1.0]: 2
                                   |      +--no:  f_33_f_293_f_353_f_368_f_349 > 3.0
                                   |             +--yes: [1,1,1,1,1,1,0,0,0,0] [1.0,1.0,1.0,2.0,2.0,1.0,2.0,2.0,2.0,2.0]: 2
                                   |             +--no:  [0,0,1,1,0,1,0,1,0,0] [2.0,2.0,1.0,2.0,2.0,2.0,2.0,1.0,2.0,2.0]: 2
                                   +--no:  f_451_f_645_f_439_f_646_f_536 > 4.0
                                          +--yes: [1,1,1,1,1,1,1,1,1,1] [1.0,2.0,1.0,1.0,1.0,2.0,1.0,1.0,2.0,2.0]: 2
                                          +--no:  f_335_f_712_f_697_f_696_f_688 > 1.0
                                                 +--yes: f_20_f_19_f_18_f_286_f_352 > 3.0
                                                 |      +--yes: f_251_f_250_f_187_f_188_f_577 > 0.0
                                                 |      |      +--yes: [0,1,0,0,0,1,0,1,1,1] [2.0,2.0,2.0,2.0,2.0,2.0,2.0,1.0,2.0,2.0]: 2
                                                 |      |      +--no:  f_346_f_366_f_405_f_614_f_341 > 3.0
                                                 |      |             +--yes: [0,0,0,1,0,1,0,0,0,0] [2.0,3.0,2.0,3.0,3.0,2.0,3.0,3.0,3.0,3.0]: 3
                                                 |      |             +--no:  f_699_f_798_f_735_f_777_f_714 > 1.0
                                                 |      |                    +--yes: f_3_f_13_f_21_f_581_f_642 > 0.0
                                                 |      |                    |      +--yes: [1,1,1,1,0,0,0,0,0,0] [2.0,2.0,1.0,1.0,2.0,2.0,2.0,2.0,2.0,2.0]: 2
                                                 |      |                    |      +--no:  f_571_f_339_f_567_f_662_f_663 > 0.0
                                                 |      |                    |             +--yes: f_346_f_366_f_405_f_614_f_341 > 1.0
                                                 |      |                    |             |      +--yes: [0,0,0,0,1,0,0,0,0,0] [3.0,3.0,3.0,3.0,2.0,3.0,3.0,3.0,2.0,3.0]: 3
                                                 |      |                    |             |      +--no:  [1,1,1,0,1,0,1,1,1,0] [1.0,1.0,1.0,2.0,1.0,2.0,1.0,1.0,1.0,2.0]: 2
                                                 |      |                    |             +--no:  f_20_f_19_f_18_f_286_f_352 > 4.0
                                                 |      |                    |                    +--yes: [0,0,0,0,0,0,0,0,0,0] [2.0,3.0,2.0,3.0,3.0,3.0,2.0,2.0,3.0,3.0]: 3
                                                 |      |                    |                    +--no:  [1,0,1,0,0,0,0,1,0,0] [2.0,2.0,1.0,2.0,2.0,2.0,2.0,2.0,2.0,2.0]: 2
                                                 |      |                    +--no:  f_308_f_406_f_617_f_637_f_680 > 2.0
                                                 |      |                           +--yes: f_346_f_366_f_405_f_614_f_341 > 0.0
                                                 |      |                           |      +--yes: [0,0,0,0,0,1,0,0,0,0] [4.0,4.0,4.0,4.0,4.0,2.0,4.0,4.0,4.0,4.0]: 4
                                                 |      |                           |      +--no:  [0,1,0,0,0,0,0,0,0,0] [3.0,2.0,3.0,3.0,3.0,2.0,3.0,3.0,3.0,3.0]: 3
                                                 |      |                           +--no:  f_186_f_185_f_179_f_660_f_678 > 3.0
                                                 |      |                                  +--yes: [0,0,0,0,0,0,0,0,1,1] [3.0,2.0,3.0,3.0,3.0,3.0,3.0,3.0,2.0,2.0]: 3
                                                 |      |                                  +--no:  [1,0,0,0,0,0,1,1,1,0] [1.0,2.0,2.0,2.0,2.0,2.0,1.0,1.0,1.0,2.0]: 2
                                                 |      +--no:  f_37_f_294_f_342_f_550_f_591 > 0.0
                                                 |             +--yes: [1,1,0,1,0,0,1,1,1,1] [2.0,1.0,2.0,2.0,2.0,2.0,1.0,2.0,1.0,1.0]: 2
                                                 |             +--no:  f_667_f_590_f_382_f_651_f_606 > 1.0
                                                 |                    +--yes: [1,1,1,0,0,1,1,1,0,0] [2.0,2.0,1.0,2.0,2.0,1.0,1.0,2.0,2.0,2.0]: 2
                                                 |                    +--no:  f_338_f_340_f_592_f_683_f_351 > 4.0
                                                 |                           +--yes: [1,1,0,0,0,0,1,1,0,0] [3.0,2.0,2.0,3.0,3.0,3.0,3.0,3.0,2.0,3.0]: 3
                                                 |                           +--no:  [0,0,0,0,0,0,1,1,0,0] [2.0,3.0,3.0,3.0,3.0,3.0,3.0,3.0,2.0,3.0]: 3
                                                 +--no:  f_682_f_702_f_691_f_703_f_695 > 0.0
                                                        +--yes: f_682_f_702_f_691_f_703_f_695 > 1.0
                                                        |      +--yes: f_643_f_393_f_299_f_392_f_528 > 2.0
                                                        |      |      +--yes: f_300_f_515_f_517_f_422_f_467 > 0.0
                                                        |      |      |      +--yes: [1,1,1,1,1,1,0,1,0,0] [2.0,1.0,1.0,1.0,1.0,2.0,2.0,1.0,2.0,2.0]: 2
                                                        |      |      |      +--no:  f_3_f_13_f_21_f_581_f_642 > 2.0
                                                        |      |      |             +--yes: [1,0,1,0,1,1,0,0,1,1] [1.0,2.0,1.0,2.0,1.0,2.0,2.0,2.0,1.0,1.0]: 2
                                                        |      |      |             +--no:  f_12_f_2_f_11_f_582_f_679 > 1.0
                                                        |      |      |                    +--yes: f_287_f_23_f_24_f_363_f_364 > 0.0
                                                        |      |      |                    |      +--yes: [1,0,0,0,0,1,0,0,0,0] [1.0,2.0,2.0,2.0,2.0,1.0,2.0,2.0,2.0,2.0]: 2
                                                        |      |      |                    |      +--no:  f_20_f_19_f_18_f_286_f_352 > 4.0
                                                        |      |      |                    |             +--yes: [0,0,0,0,1,0,0,0,0,0] [2.0,2.0,2.0,2.0,1.0,2.0,2.0,2.0,2.0,2.0]: 2
                                                        |      |      |                    |             +--no:  [0,0,0,0,0,0,0,0,0,0] [2.0,2.0,2.0,2.0,2.0,2.0,2.0,2.0,2.0,2.0]: 2
                                                        |      |      |                    +--no:  f_338_f_340_f_592_f_683_f_351 > 4.0
                                                        |      |      |                           +--yes: [0,0,0,0,1,0,0,0,1,0] [2.0,2.0,2.0,2.0,1.0,2.0,2.0,2.0,1.0,2.0]: 2
                                                        |      |      |                           +--no:  [0,0,0,0,0,1,0,0,0,0] [3.0,3.0,3.0,2.0,3.0,3.0,3.0,3.0,2.0,3.0]: 3
                                                        |      |      +--no:  [1,1,0,0,1,1,0,0,1,1] [2.0,1.0,2.0,2.0,2.0,2.0,2.0,2.0,2.0,2.0]: 2
                                                        |      +--no:  f_12_f_2_f_11_f_582_f_679 > 1.0
                                                        |             +--yes: [1,1,1,1,1,1,1,1,1,1] [2.0,2.0,2.0,2.0,2.0,1.0,1.0,2.0,2.0,2.0]: 2
                                                        |             +--no:  f_391_f_540_f_365_f_345_f_390 > 2.0
                                                        |                    +--yes: [0,0,0,1,1,0,0,0,1,0] [2.0,2.0,2.0,1.0,1.0,2.0,2.0,2.0,1.0,2.0]: 2
                                                        |                    +--no:  [0,0,1,1,0,0,0,0,0,0] [2.0,3.0,3.0,2.0,2.0,2.0,2.0,2.0,3.0,3.0]: 3
                                                        +--no:  f_20_f_19_f_18_f_286_f_352 > 4.0
                                                               +--yes: f_346_f_366_f_405_f_614_f_341 > 3.0
                                                               |      +--yes: f_639_f_681_f_690_f_701_f_700 > 2.0
                                                               |      |      +--yes: [0,0,0,0,0,0,1,0,0,0] [2.0,2.0,3.0,3.0,3.0,3.0,2.0,3.0,3.0,3.0]: 3
                                                               |      |      +--no:  f_186_f_185_f_179_f_660_f_678 > 0.0
                                                               |      |             +--yes: [0,1,0,0,0,0,0,0,0,0] [3.0,2.0,3.0,2.0,2.0,3.0,3.0,3.0,3.0,3.0]: 3
                                                               |      |             +--no:  f_452_f_380_f_440_f_443_f_420 > 0.0
                                                               |      |                    +--yes: [0,0,0,0,0,0,0,0,0,0] [4.0,4.0,4.0,4.0,4.0,4.0,4.0,4.0,4.0,4.0]: 4
                                                               |      |                    +--no:  [0,0,1,0,0,0,0,0,0,0] [3.0,2.0,2.0,3.0,2.0,3.0,3.0,3.0,3.0,3.0]: 3
                                                               |      +--no:  f_452_f_380_f_440_f_443_f_420 > 0.0
                                                               |             +--yes: f_3_f_13_f_21_f_581_f_642 > 0.0
                                                               |             |      +--yes: f_430_f_333_f_708_f_710_f_709 > 0.0
                                                               |             |      |      +--yes: [1,0,1,1,0,0,0,0,0,0] [2.0,2.0,2.0,2.0,3.0,3.0,2.0,3.0,3.0,3.0]: 3
                                                               |             |      |      +--no:  [0,1,0,0,1,0,1,0,0,0] [2.0,3.0,2.0,3.0,2.0,2.0,2.0,2.0,3.0,3.0]: 3
                                                               |             |      +--no:  f_698_f_689_f_573_f_619_f_498 > 0.0
                                                               |             |             +--yes: [0,0,0,0,0,1,0,0,1,1] [2.0,2.0,2.0,2.0,2.0,2.0,2.0,2.0,1.0,1.0]: 2
                                                               |             |             +--no:  f_26_f_27_f_31_f_292_f_30 > 0.0
                                                               |             |                    +--yes: [1,1,0,0,0,1,0,0,0,0] [1.0,1.0,2.0,2.0,2.0,2.0,2.0,2.0,2.0,2.0]: 2
                                                               |             |                    +--no:  [0,0,0,0,0,0,0,0,0,0] [2.0,3.0,3.0,3.0,2.0,3.0,3.0,3.0,3.0,3.0]: 3
                                                               |             +--no:  f_374_f_1_f_10_f_283_f_284 > 3.0
                                                               |                    +--yes: [1,0,0,0,1,1,0,0,0,0] [2.0,3.0,2.0,2.0,2.0,2.0,2.0,3.0,2.0,2.0]: 3
                                                               |                    +--no:  [1,1,1,1,1,1,1,0,1,1] [2.0,2.0,2.0,1.0,1.0,2.0,2.0,2.0,2.0,2.0]: 2
                                                               +--no:  f_143_f_146_f_145_f_256_f_358 > 2.0
                                                                      +--yes: f_374_f_1_f_10_f_283_f_284 > 4.0
                                                                      |      +--yes: [1,0,0,1,0,0,0,0,0,0] [1.0,2.0,2.0,2.0,2.0,2.0,2.0,2.0,2.0,2.0]: 2
                                                                      |      +--no:  [1,0,0,1,0,0,1,1,0,0] [2.0,2.0,2.0,1.0,2.0,2.0,1.0,1.0,2.0,2.0]: 2
                                                                      +--no:  f_25_f_486_f_496_f_644_f_477 > 0.0
                                                                             +--yes: f_37_f_294_f_342_f_550_f_591 > 0.0
                                                                             |      +--yes: [0,0,0,0,0,0,1,0,0,0] [2.0,2.0,2.0,2.0,2.0,2.0,1.0,2.0,2.0,2.0]: 2
                                                                             |      +--no:  [1,1,0,0,1,0,1,0,1,1] [1.0,2.0,2.0,2.0,1.0,2.0,1.0,2.0,2.0,2.0]: 2
                                                                             +--no:  f_413_f_35_f_159_f_167_f_166 > 0.0
                                                                                    +--yes: f_374_f_1_f_10_f_283_f_284 > 2.0
                                                                                    |      +--yes: [0,0,0,0,0,0,1,0,1,0] [2.0,2.0,2.0,2.0,2.0,2.0,2.0,2.0,1.0,2.0]: 2
                                                                                    |      +--no:  [1,0,0,0,1,1,1,1,0,1] [2.0,2.0,2.0,2.0,1.0,2.0,1.0,1.0,2.0,1.0]: 2
                                                                                    +--no:  f_686_f_693_f_705_f_432_f_537 > 0.0
                                                                                           +--yes: f_346_f_366_f_405_f_614_f_341 > 2.0
                                                                                           |      +--yes: [0,0,0,0,0,1,0,0,0,0] [3.0,3.0,3.0,3.0,3.0,3.0,3.0,3.0,3.0,3.0]: 3
                                                                                           |      +--no:  [1,1,0,1,1,0,1,1,1,1] [1.0,1.0,2.0,1.0,2.0,2.0,1.0,1.0,2.0,2.0]: 2
                                                                                           +--no:  f_450_f_487_f_519_f_596_f_504 > 2.0
                                                                                                  +--yes: [0,0,0,0,0,0,0,0,0,1] [3.0,2.0,2.0,2.0,2.0,2.0,3.0,2.0,2.0,2.0]: 3
                                                                                                  +--no:  f_343_f_361_f_609_f_771_f_834 > 2.0
                                                                                                         +--yes: f_643_f_393_f_299_f_392_f_528 > 4.0
                                                                                                         |      +--yes: [1,0,0,0,1,1,1,1,0,0] [1.0,2.0,2.0,2.0,1.0,1.0,1.0,1.0,2.0,2.0]: 2
                                                                                                         |      +--no:  [1,0,0,1,0,1,1,1,0,0] [1.0,2.0,2.0,1.0,2.0,1.0,1.0,1.0,2.0,2.0]: 2
                                                                                                         +--no:  f_516_f_434_f_446_f_556_f_490 > 4.0
                                                                                                                +--yes: f_639_f_681_f_690_f_701_f_700 > 0.0
                                                                                                                |      +--yes: [1,0,0,0,0,1,0,0,0,0] [1.0,2.0,2.0,2.0,2.0,2.0,2.0,2.0,2.0,2.0]: 2
                                                                                                                |      +--no:  f_643_f_393_f_299_f_392_f_528 > 2.0
                                                                                                                |             +--yes: [0,0,0,0,0,1,0,0,0,0] [3.0,3.0,3.0,3.0,3.0,2.0,3.0,3.0,3.0,3.0]: 3
                                                                                                                |             +--no:  f_12_f_2_f_11_f_582_f_679 > 2.0
                                                                                                                |                    +--yes: [0,0,0,0,0,0,0,0,0,0] [5.0,5.0,5.0,5.0,5.0,5.0,5.0,5.0,5.0,5.0]: 5
                                                                                                                |                    +--no:  [0,0,0,0,0,1,0,0,0,0] [2.0,2.0,2.0,2.0,2.0,1.0,2.0,2.0,2.0,2.0]: 2
                                                                                                                +--no:  f_129_f_489_f_475_f_473_f_511 > 0.0
                                                                                                                       +--yes: [0,0,0,1,0,0,0,0,0,0] [2.0,2.0,2.0,2.0,2.0,2.0,2.0,2.0,2.0,2.0]: 2
                                                                                                                       +--no:  f_580_f_624_f_673_f_523_f_538 > 0.0
                                                                                                                              +--yes: [1,0,0,0,0,1,0,0,0,0] [2.0,2.0,2.0,2.0,2.0,1.0,2.0,2.0,2.0,2.0]: 2
                                                                                                                              +--no:  f_423_f_401_f_455_f_728_f_791 > 1.0
                                                                                                                                     +--yes: [0,1,0,0,0,0,0,0,0,0] [2.0,2.0,2.0,2.0,2.0,2.0,2.0,2.0,2.0,2.0]: 2
                                                                                                                                     +--no:  f_647_f_650_f_494_f_488_f_164 > 0.0
                                                                                                                                            +--yes: [0,0,1,0,0,0,0,0,0,0] [2.0,3.0,2.0,3.0,3.0,3.0,3.0,2.0,2.0,3.0]: 3
                                                                                                                                            +--no:  f_643_f_393_f_299_f_392_f_528 > 4.0
                                                                                                                                                   +--yes: [0,0,0,0,1,0,0,0,0,0] [3.0,3.0,3.0,2.0,2.0,3.0,3.0,3.0,3.0,3.0]: 3
                                                                                                                                                   +--no:  f_20_f_19_f_18_f_286_f_352 > 0.0
                                                                                                                                                          +--yes: f_448_f_436_f_725_f_0_f_9 > 0.0
                                                                                                                                                          |      +--yes: f_20_f_19_f_18_f_286_f_352 > 1.0
                                                                                                                                                          |      |      +--yes: f_12_f_2_f_11_f_582_f_679 > 1.0
                                                                                                                                                          |      |      |      +--yes: f_452_f_380_f_440_f_443_f_420 > 0.0
                                                                                                                                                          |      |      |      |      +--yes: [1,1,0,0,0,0,0,0,0,0] [1.0,2.0,2.0,2.0,2.0,2.0,2.0,2.0,2.0,2.0]: 2
                                                                                                                                                          |      |      |      |      +--no:  [1,0,0,0,0,1,0,1,0,0] [1.0,2.0,2.0,2.0,2.0,1.0,2.0,1.0,2.0,2.0]: 2
                                                                                                                                                          |      |      |      +--no:  f_643_f_393_f_299_f_392_f_528 > 0.0
                                                                                                                                                          |      |      |             +--yes: f_301_f_395_f_514_f_454_f_558 > 0.0
                                                                                                                                                          |      |      |             |      +--yes: [0,0,0,0,0,1,0,1,1,0] [2.0,2.0,2.0,2.0,2.0,1.0,2.0,1.0,1.0,2.0]: 2
                                                                                                                                                          |      |      |             |      +--no:  f_566_f_659_f_615_f_15_f_178 > 0.0
                                                                                                                                                          |      |      |             |             +--yes: f_374_f_1_f_10_f_283_f_284 > 2.0
                                                                                                                                                          |      |      |             |             |      +--yes: [0,0,0,0,0,0,0,0,0,0] [2.0,2.0,2.0,2.0,2.0,2.0,2.0,2.0,2.0,2.0]: 2
                                                                                                                                                          |      |      |             |             |      +--no:  [0,0,0,1,1,0,0,0,0,0] [2.0,2.0,2.0,1.0,1.0,2.0,2.0,2.0,2.0,2.0]: 2
                                                                                                                                                          |      |      |             |             +--no:  [0,0,0,0,1,0,0,0,1,0] [2.0,2.0,2.0,2.0,1.0,2.0,2.0,2.0,1.0,2.0]: 2
                                                                                                                                                          |      |      |             +--no:  f_346_f_366_f_405_f_614_f_341 > 2.0
                                                                                                                                                          |      |      |                    +--yes: [1,0,0,0,0,0,0,1,0,0] [1.0,2.0,2.0,2.0,2.0,2.0,2.0,1.0,2.0,2.0]: 2
                                                                                                                                                          |      |      |                    +--no:  f_374_f_1_f_10_f_283_f_284 > 0.0
                                                                                                                                                          |      |      |                           +--yes: f_308_f_406_f_617_f_637_f_680 > 1.0
                                                                                                                                                          |      |      |                           |      +--yes: [0,0,0,0,0,0,0,0,0,0] [2.0,2.0,2.0,2.0,2.0,2.0,2.0,2.0,2.0,2.0]: 2
                                                                                                                                                          |      |      |                           |      +--no:  f_26_f_27_f_31_f_292_f_30 > 0.0
                                                                                                                                                          |      |      |                           |             +--yes: [1,0,0,0,0,0,1,0,0,0] [1.0,2.0,2.0,2.0,2.0,2.0,2.0,2.0,2.0,2.0]: 2
                                                                                                                                                          |      |      |                           |             +--no:  [0,0,0,0,0,0,1,0,0,0] [2.0,2.0,2.0,2.0,2.0,2.0,1.0,2.0,2.0,2.0]: 2
                                                                                                                                                          |      |      |                           +--no:  [0,0,1,0,0,0,0,0,0,0] [2.0,2.0,1.0,2.0,2.0,2.0,2.0,2.0,2.0,2.0]: 2
                                                                                                                                                          |      |      +--no:  [0,0,0,0,0,0,1,0,0,0] [3.0,3.0,3.0,3.0,3.0,3.0,3.0,3.0,3.0,3.0]: 3
                                                                                                                                                          |      +--no:  f_33_f_293_f_353_f_368_f_349 > 0.0
                                                                                                                                                          |             +--yes: [0,0,0,0,0,0,0,0,0,0] [2.0,2.0,2.0,2.0,2.0,2.0,2.0,2.0,2.0,2.0]: 2
                                                                                                                                                          |             +--no:  f_452_f_380_f_440_f_443_f_420 > 0.0
                                                                                                                                                          |                    +--yes: [1,0,0,0,0,0,0,0,0,0] [2.0,2.0,2.0,2.0,3.0,3.0,2.0,2.0,3.0,3.0]: 3
                                                                                                                                                          |                    +--no:  f_20_f_19_f_18_f_286_f_352 > 1.0
                                                                                                                                                          |                           +--yes: [1,1,1,1,1,1,1,1,1,1] [1.0,1.0,1.0,1.0,2.0,1.0,1.0,1.0,2.0,1.0]: 2
                                                                                                                                                          |                           +--no:  [1,0,0,0,0,0,0,0,1,0] [1.0,2.0,2.0,2.0,2.0,2.0,2.0,2.0,1.0,2.0]: 2
                                                                                                                                                          +--no:  f_643_f_393_f_299_f_392_f_528 > 0.0
                                                                                                                                                                 +--yes: [0,0,0,0,0,1,0,1,0,1] [2.0,2.0,2.0,2.0,2.0,1.0,2.0,1.0,2.0,1.0]: 2
                                                                                                                                                                 +--no:  f_26_f_27_f_31_f_292_f_30 > 0.0
                                                                                                                                                                        +--yes: [0,1,0,0,0,0,0,0,0,0] [2.0,1.0,2.0,2.0,2.0,2.0,2.0,2.0,2.0,2.0]: 2
                                                                                                                                                                        +--no:  [0,0,0,0,0,0,0,0,0,0] [7.0,7.0,7.0,7.0,7.0,7.0,7.0,7.0,7.0,7.0]: 7

Pruned Model
************

f_656_f_613_f_285_f_14_f_255 > 3.0
+--yes: f_20_f_19_f_18_f_286_f_352 > 4.0
|      +--yes: f_33_f_293_f_353_f_368_f_349 > 3.0
|      |      +--yes: [0,0,0,0,0,0,0,0,0,0] [67.0,60.0,53.0,70.0,64.0,59.0,62.0,73.0,55.0,50.0]: 88
|      |      +--no:  f_193_f_199_f_206_f_200_f_207 > 2.0
|      |             +--yes: f_597_f_356_f_677_f_584_f_578 > 4.0
|      |             |      +--yes: f_251_f_250_f_187_f_188_f_577 > 1.0
|      |             |      |      +--yes: [1,1,0,1,1,1,1,1,1,1] [2.0,2.0,2.0,2.0,2.0,2.0,2.0,2.0,2.0,2.0]: 2
|      |             |      |      +--no:  [0,0,0,1,1,0,0,0,0,0] [10.0,11.0,7.0,8.0,9.0,7.0,9.0,11.0,8.0,9.0]: 13
|      |             |      +--no:  [0,0,0,0,0,1,0,0,0,0] [17.0,18.0,14.0,15.0,14.0,11.0,16.0,17.0,13.0,10.0]: 18
|      |             +--no:  f_588_f_749_f_812_f_826_f_763 > 2.0
|      |                    +--yes: [1,1,1,1,1,1,1,1,1,1] [5.0,5.0,4.0,5.0,5.0,3.0,3.0,5.0,4.0,3.0]: 5
|      |                    +--no:  f_261_f_385_f_399_f_527_f_400 > 3.0
|      |                           +--yes: [1,1,0,1,1,0,0,0,1,1] [7.0,7.0,8.0,8.0,11.0,7.0,9.0,7.0,12.0,9.0]: 12
|      |                           +--no:  f_300_f_515_f_517_f_422_f_467 > 3.0
|      |                                  +--yes: [0,1,1,1,1,1,0,1,1,1] [5.0,7.0,5.0,7.0,7.0,6.0,5.0,6.0,8.0,8.0]: 9
|      |                                  +--no:  f_227_f_230_f_229_f_631_f_544 > 1.0
|      |                                         +--yes: f_3_f_13_f_21_f_581_f_642 > 3.0
|      |                                         |      +--yes: [1,0,0,0,1,1,0,0,1,1] [3.0,2.0,3.0,2.0,3.0,3.0,3.0,2.0,3.0,3.0]: 3
|      |                                         |      +--no:  [1,1,1,1,0,0,1,1,1,0] [9.0,12.0,8.0,10.0,10.0,10.0,12.0,11.0,9.0,9.0]: 16
|      |                                         +--no:  f_46_f_298_f_350_f_47_f_785 > 3.0
|      |                                                +--yes: [1,1,1,0,1,1,1,1,0,0] [7.0,7.0,7.0,6.0,5.0,7.0,7.0,7.0,6.0,6.0]: 9
|      |                                                +--no:  f_192_f_248_f_818_f_797_f_249 > 2.0
|      |                                                       +--yes: [0,0,1,0,0,0,0,0,0,0] [15.0,17.0,11.0,18.0,16.0,20.0,21.0,21.0,19.0,17.0]: 22
|      |                                                       +--no:  f_821_f_758_f_377_f_600_f_665 > 0.0
|      |                                                              +--yes: f_698_f_689_f_573_f_619_f_498 > 0.0
|      |                                                              |      +--yes: [0,1,1,0,0,0,0,0,0,0] [40.0,37.0,39.0,38.0,38.0,53.0,53.0,49.0,39.0,40.0]: 67
|      |                                                              |      +--no:  [0,0,0,0,0,0,0,0,0,0] [20.0,21.0,22.0,24.0,15.0,21.0,23.0,25.0,24.0,24.0]: 29
|      |                                                              +--no:  f_638_f_548_f_574_f_655_f_641 > 0.0
|      |                                                                     +--yes: f_602_f_357_f_431_f_396_f_403 > 0.0
|      |                                                                     |      +--yes: f_698_f_689_f_573_f_619_f_498 > 0.0
|      |                                                                     |      |      +--yes: [1,1,1,0,1,1,0,1,1,1] [8.0,8.0,8.0,8.0,11.0,10.0,10.0,9.0,9.0,11.0]: 13
|      |                                                                     |      |      +--no:  [0,0,0,1,0,0,0,0,0,0] [5.0,5.0,5.0,4.0,6.0,6.0,5.0,5.0,5.0,5.0]: 6
|      |                                                                     |      +--no:  [0,0,0,0,0,0,0,0,0,0] [28.0,26.0,22.0,24.0,25.0,25.0,24.0,29.0,23.0,29.0]: 37
|      |                                                                     +--no:  [1,1,1,1,1,0,1,1,1,1] [14.0,14.0,17.0,15.0,13.0,13.0,14.0,18.0,13.0,12.0]: 22
|      +--no:  f_241_f_244_f_243_f_258_f_386 > 0.0
|             +--yes: f_713_f_734_f_755_f_756_f_819 > 0.0
|             |      +--yes: f_20_f_19_f_18_f_286_f_352 > 3.0
|             |      |      +--yes: f_593_f_387_f_482_f_506_f_472 > 4.0
|             |      |      |      +--yes: [0,0,0,0,0,0,0,0,0,0] [3.0,4.0,5.0,4.0,3.0,5.0,5.0,5.0,5.0,5.0]: 5
|             |      |      |      +--no:  f_462_f_605_f_337_f_839_f_861 > 0.0
|             |      |      |             +--yes: [0,0,0,0,0,0,0,1,0,0] [8.0,9.0,8.0,8.0,8.0,10.0,7.0,7.0,10.0,9.0]: 12
|             |      |      |             +--no:  f_391_f_540_f_365_f_345_f_390 > 4.0
|             |      |      |                    +--yes: [1,1,1,1,1,1,1,1,1,1] [11.0,11.0,12.0,13.0,12.0,9.0,9.0,11.0,11.0,9.0]: 15
|             |      |      |                    +--no:  [0,0,0,1,0,0,0,1,0,0] [2.0,2.0,3.0,2.0,3.0,3.0,3.0,2.0,2.0,2.0]: 3
|             |      |      +--no:  [1,1,1,1,1,1,1,1,1,1] [12.0,12.0,7.0,13.0,10.0,10.0,10.0,12.0,11.0,8.0]: 14
|             |      +--no:  f_129_f_489_f_475_f_473_f_511 > 0.0
|             |             +--yes: [1,1,1,1,1,1,1,1,1,1] [7.0,5.0,5.0,6.0,5.0,4.0,5.0,6.0,5.0,5.0]: 7
|             |             +--no:  f_195_f_202_f_622_f_719_f_782 > 1.0
|             |                    +--yes: [1,1,1,1,0,1,1,1,0,1] [3.0,3.0,3.0,3.0,2.0,2.0,3.0,3.0,2.0,2.0]: 3
|             |                    +--no:  [0,0,0,0,0,0,0,0,0,0] [61.0,56.0,46.0,58.0,49.0,52.0,51.0,58.0,45.0,50.0]: 76
|             +--no:  f_213_f_216_f_215_f_131_f_132 > 0.0
|                    +--yes: f_391_f_540_f_365_f_345_f_390 > 2.0
|                    |      +--yes: f_535_f_579_f_684_f_692_f_704 > 0.0
|                    |      |      +--yes: [1,0,0,0,0,0,0,0,0,0] [8.0,11.0,12.0,11.0,10.0,10.0,10.0,11.0,10.0,10.0]: 14
|                    |      |      +--no:  [1,1,0,0,0,0,1,1,0,0] [33.0,24.0,29.0,23.0,29.0,31.0,33.0,29.0,29.0,28.0]: 40
|                    |      +--no:  [1,1,1,1,1,1,1,1,1,1] [3.0,3.0,4.0,4.0,2.0,2.0,3.0,4.0,4.0,3.0]: 4
|                    +--no:  f_259_f_530_f_555_f_576_f_442 > 0.0
|                           +--yes: f_300_f_515_f_517_f_422_f_467 > 2.0
|                           |      +--yes: [0,1,1,1,1,0,0,1,1,0] [8.0,7.0,7.0,8.0,9.0,9.0,8.0,6.0,8.0,7.0]: 12
|                           |      +--no:  f_301_f_395_f_514_f_454_f_558 > 4.0
|                           |             +--yes: [1,0,1,1,1,0,0,0,1,1] [2.0,2.0,3.0,3.0,2.0,2.0,3.0,2.0,2.0,3.0]: 3
|                           |             +--no:  [0,0,0,0,0,0,0,0,0,0] [52.0,59.0,49.0,47.0,54.0,54.0,59.0,57.0,60.0,58.0]: 75
|                           +--no:  f_3_f_13_f_21_f_581_f_642 > 1.0
|                                  +--yes: [1,1,1,1,0,1,1,1,0,0] [8.0,5.0,6.0,6.0,5.0,4.0,6.0,8.0,7.0,5.0]: 8
|                                  +--no:  f_335_f_712_f_697_f_696_f_688 > 1.0
|                                         +--yes: f_801_f_738_f_729_f_792_f_722 > 0.0
|                                         |      +--yes: [1,1,1,1,1,1,1,1,1,1] [2.0,3.0,2.0,3.0,2.0,2.0,3.0,3.0,3.0,3.0]: 3
|                                         |      +--no:  f_643_f_393_f_299_f_392_f_528 > 3.0
|                                         |             +--yes: [0,0,0,0,0,0,0,0,0,0] [30.0,23.0,34.0,29.0,34.0,35.0,29.0,23.0,30.0,34.0]: 43
|                                         |             +--no:  [1,0,0,0,0,0,1,1,0,0] [34.0,26.0,34.0,27.0,33.0,29.0,30.0,24.0,36.0,37.0]: 47
|                                         +--no:  f_251_f_250_f_187_f_188_f_577 > 3.0
|                                                +--yes: [1,0,1,0,0,1,1,1,0,0] [2.0,3.0,4.0,4.0,4.0,3.0,4.0,3.0,4.0,4.0]: 4
|                                                +--no:  [0,0,0,0,0,0,0,0,0,0] [32.0,29.0,35.0,39.0,42.0,29.0,29.0,35.0,40.0,39.0]: 47
+--no:  [0,0,0,0,0,0,0,0,0,0] [259.0,268.0,272.0,272.0,269.0,259.0,286.0,293.0,289.0,297.0]: 374

